[
  {
    "id": "adabd769-a75c-4041-a84d-f58e4893baec",
    "data": [
      {
        "text": "I am looking to schedule a technician",
        "userDefined": false
      }
    ],
    "isTemplate": false,
    "count": 0,
    "updated": 0
  },
  {
    "id": "e4dff87f-afcc-4aff-89fb-40bb93f69eeb",
    "data": [
      {
        "text": "I am looking to book a technician",
        "userDefined": false
      }
    ],
    "isTemplate": false,
    "count": 0,
    "updated": 0
  },
  {
    "id": "4018465e-78ea-438b-a687-fcc50597dae5",
    "data": [
      {
        "text": "I am looking to book a tech",
        "userDefined": false
      }
    ],
    "isTemplate": false,
    "count": 0,
    "updated": 0
  },
  {
    "id": "3cbf14c2-15ee-4615-b4c7-700b7ed3f3c0",
    "data": [
      {
        "text": "yes I need to schedule a technician",
        "userDefined": false
      }
    ],
    "isTemplate": false,
    "count": 0,
    "updated": 0
  },
  {
    "id": "3584708b-71bf-498b-8fc9-86620d497338",
    "data": [
      {
        "text": "yes I want to book a technician",
        "userDefined": false
      }
    ],
    "isTemplate": false,
    "count": 0,
    "updated": 0
  },
  {
    "id": "091caa87-119a-4de1-84d7-038eedc391f7",
    "data": [
      {
        "text": "Can I book a technician",
        "userDefined": false
      }
    ],
    "isTemplate": false,
    "count": 0,
    "updated": 0
  },
  {
    "id": "d3654a2d-4494-4c6b-8a50-646e59c9ce77",
    "data": [
      {
        "text": "Let me book a technician",
        "userDefined": false
      }
    ],
    "isTemplate": false,
    "count": 0,
    "updated": 0
  },
  {
    "id": "e021ff0a-da97-4712-a1d7-55f16e81bd18",
    "data": [
      {
        "text": "scheduling",
        "userDefined": false
      }
    ],
    "isTemplate": false,
    "count": 0,
    "updated": 0
  },
  {
    "id": "7b80b6a0-cd2e-4d24-a008-975955590176",
    "data": [
      {
        "text": "I need a technician to stop by",
        "userDefined": false
      }
    ],
    "isTemplate": false,
    "count": 0,
    "updated": 0
  },
  {
    "id": "674db506-969a-4c0b-82eb-056f70d762b2",
    "data": [
      {
        "text": "I want a technician to come around",
        "userDefined": false
      }
    ],
    "isTemplate": false,
    "count": 0,
    "updated": 0
  },
  {
    "id": "4876a7ad-3f5f-4688-99cd-1510b0a80da4",
    "data": [
      {
        "text": "book a technician acme",
        "userDefined": false
      }
    ],
    "isTemplate": false,
    "count": 0,
    "updated": 0
  },
  {
    "id": "701102f4-fb05-4821-83e5-28cdc89b6972",
    "data": [
      {
        "text": "book an acme technician",
        "userDefined": false
      }
    ],
    "isTemplate": false,
    "count": 0,
    "updated": 0
  },
  {
    "id": "42f596bc-ce91-4aad-8af3-7e1e0d587fc3",
    "data": [
      {
        "text": "book a technician",
        "userDefined": false
      }
    ],
    "isTemplate": false,
    "count": 0,
    "updated": 0
  },
  {
    "id": "f09aa2b7-2326-48f6-a370-ad260bc39914",
    "data": [
      {
        "text": "schedule a technician acme",
        "userDefined": false
      }
    ],
    "isTemplate": false,
    "count": 0,
    "updated": 0
  },
  {
    "id": "2d26bd4d-327a-4582-aced-7831714dc221",
    "data": [
      {
        "text": "schedule a acme technician",
        "userDefined": false
      }
    ],
    "isTemplate": false,
    "count": 0,
    "updated": 0
  },
  {
    "id": "60d746e8-fd4e-4db9-aefa-b53d3c8c01a1",
    "data": [
      {
        "text": "schedule a technician",
        "userDefined": false
      }
    ],
    "isTemplate": false,
    "count": 0,
    "updated": 0
  },
  {
    "id": "b2cb6c31-30d5-463e-9a2f-b3daac61055b",
    "data": [
      {
        "text": "technician",
        "userDefined": false
      }
    ],
    "isTemplate": false,
    "count": 0,
    "updated": 0
  },
  {
    "id": "c18244be-ef1e-4448-9e95-72af91da1e98",
    "data": [
      {
        "text": "I want a technician to come by",
        "userDefined": false
      }
    ],
    "isTemplate": false,
    "count": 0,
    "updated": 0
  },
  {
    "id": "ec43d3c5-f065-4797-98eb-a442f11d0f8e",
    "data": [
      {
        "text": "I need to set up an appointment with a technician.",
        "userDefined": false
      }
    ],
    "isTemplate": false,
    "count": 0,
    "updated": 0
  },
  {
    "id": "e69c186c-49d5-43cd-8b2f-ead4150f501b",
    "data": [
      {
        "text": "I need to book a technician.",
        "userDefined": false
      }
    ],
    "isTemplate": false,
    "count": 0,
    "updated": 0
  },
  {
    "id": "0c413e1b-6962-4a4d-941a-d8b7c7c90341",
    "data": [
      {
        "text": "appointment availability",
        "userDefined": false
      }
    ],
    "isTemplate": false,
    "count": 1,
    "updated": 0
  },
  {
    "id": "64b4d946-b357-48a2-b649-ee4d66ae4536",
    "data": [
      {
        "text": "technician availability",
        "userDefined": false
      }
    ],
    "isTemplate": false,
    "count": 0,
    "updated": 0
  },
  {
    "id": "3a552c83-54b9-4555-9be2-3ff8bc3a0d5d",
    "data": [
      {
        "text": "are there appointment available",
        "userDefined": false
      }
    ],
    "isTemplate": false,
    "count": 0,
    "updated": 0
  },
  {
    "id": "420d4463-f7b5-4630-8e25-429f10bcc0d2",
    "data": [
      {
        "text": "is there an appointment available",
        "userDefined": false
      }
    ],
    "isTemplate": false,
    "count": 0,
    "updated": 0
  },
  {
    "id": "663c8ad1-5c95-4f0d-aac3-77b9d66d3cc4",
    "data": [
      {
        "text": "are there technicians available",
        "userDefined": false
      }
    ],
    "isTemplate": false,
    "count": 0,
    "updated": 0
  },
  {
    "id": "65d950de-2a2c-40c0-bb8f-385f0dbc188e",
    "data": [
      {
        "text": "is there a technician available",
        "userDefined": false
      }
    ],
    "isTemplate": false,
    "count": 0,
    "updated": 0
  },
  {
    "id": "5280da69-827f-46d8-8196-1c07ec68c8e3",
    "data": [
      {
        "text": "schedule a technician appointment",
        "userDefined": false
      }
    ],
    "isTemplate": false,
    "count": 0,
    "updated": 0
  },
  {
    "id": "61b42b91-da77-41c2-908e-c28bc408e36a",
    "data": [
      {
        "text": "book a technician appointment",
        "userDefined": false
      }
    ],
    "isTemplate": false,
    "count": 0,
    "updated": 0
  },
  {
    "id": "fe40a5e0-185d-49f3-9b80-9c02a5dc7fd8",
    "data": [
      {
        "text": "book a service appointment",
        "userDefined": false
      }
    ],
    "isTemplate": false,
    "count": 0,
    "updated": 0
  },
  {
    "id": "2dc4f47d-4ec4-453e-bd05-056bf8f0933c",
    "data": [
      {
        "text": "schedule a service appointment",
        "userDefined": false
      }
    ],
    "isTemplate": false,
    "count": 0,
    "updated": 0
  },
  {
    "id": "79f8f00b-01ac-4a3c-9a24-3f162dd32587",
    "data": [
      {
        "text": "I want to schedule a technician",
        "userDefined": false
      }
    ],
    "isTemplate": false,
    "count": 0,
    "updated": 0
  },
  {
    "id": "f39c72a0-c1ed-48fb-8a94-edd114ef5554",
    "data": [
      {
        "text": "I want to book a technician",
        "userDefined": false
      }
    ],
    "isTemplate": false,
    "count": 0,
    "updated": 0
  },
  {
    "id": "e3109a6b-0c08-4be6-b065-0d176839910c",
    "data": [
      {
        "text": "I want to book an appointment",
        "userDefined": false
      }
    ],
    "isTemplate": false,
    "count": 0,
    "updated": 0
  },
  {
    "id": "f7ae5dcd-ca47-40c8-ad8f-926ad92096b1",
    "data": [
      {
        "text": "i want to schedule an appointment",
        "userDefined": false
      }
    ],
    "isTemplate": false,
    "count": 0,
    "updated": 0
  },
  {
    "id": "b1d2f942-8ac2-43bf-8c92-2b2f564a3ec8",
    "data": [
      {
        "text": "wanting a technician",
        "userDefined": false
      }
    ],
    "isTemplate": false,
    "count": 0,
    "updated": 0
  },
  {
    "id": "3134c876-ae96-494a-9474-f7d997a2d80e",
    "data": [
      {
        "text": "wanting a appointment",
        "userDefined": false
      }
    ],
    "isTemplate": false,
    "count": 0,
    "updated": 0
  },
  {
    "id": "c4b76590-b03e-4b78-b1e1-7972d5b830d9",
    "data": [
      {
        "text": "needing an appointment",
        "userDefined": false
      }
    ],
    "isTemplate": false,
    "count": 0,
    "updated": 0
  },
  {
    "id": "e799d618-bcbc-4a03-9b1a-f43294d2bb8e",
    "data": [
      {
        "text": "needing appointment",
        "userDefined": false
      }
    ],
    "isTemplate": false,
    "count": 0,
    "updated": 0
  },
  {
    "id": "247d160d-496e-4c46-a077-0835e8cfe758",
    "data": [
      {
        "text": "needing technician",
        "userDefined": false
      }
    ],
    "isTemplate": false,
    "count": 0,
    "updated": 0
  },
  {
    "id": "62926607-b1a2-4271-98c9-35adea9a7542",
    "data": [
      {
        "text": "needing a technician",
        "userDefined": false
      }
    ],
    "isTemplate": false,
    "count": 0,
    "updated": 0
  },
  {
    "id": "175777c0-7560-4fe2-8073-f2ff970aa120",
    "data": [
      {
        "text": "schedule technician online",
        "userDefined": false
      }
    ],
    "isTemplate": false,
    "count": 0,
    "updated": 0
  },
  {
    "id": "bd4916cb-2e83-4278-8bc1-1e4d8b741715",
    "data": [
      {
        "text": "book technician online",
        "userDefined": false
      }
    ],
    "isTemplate": false,
    "count": 0,
    "updated": 0
  },
  {
    "id": "d9db8299-2831-4d3b-8a54-a4ee01a9a266",
    "data": [
      {
        "text": "book appointment online",
        "userDefined": false
      }
    ],
    "isTemplate": false,
    "count": 0,
    "updated": 0
  },
  {
    "id": "fcde7834-c55b-4c8a-848c-30afb9ec701c",
    "data": [
      {
        "text": "schedule appointment online",
        "userDefined": false
      }
    ],
    "isTemplate": false,
    "count": 0,
    "updated": 0
  },
  {
    "id": "6b35cf3c-353a-4e2b-a4eb-30339ff1e70d",
    "data": [
      {
        "text": "how to book an technician",
        "userDefined": false
      }
    ],
    "isTemplate": false,
    "count": 0,
    "updated": 0
  },
  {
    "id": "7657e11f-7852-4a3c-83c7-1caf6f0b9293",
    "data": [
      {
        "text": "how to book an appointment",
        "userDefined": false
      }
    ],
    "isTemplate": false,
    "count": 0,
    "updated": 0
  },
  {
    "id": "240141c8-4851-4bf7-9f50-d5cf98c95689",
    "data": [
      {
        "text": "how to schedule an technician",
        "userDefined": false
      }
    ],
    "isTemplate": false,
    "count": 0,
    "updated": 0
  },
  {
    "id": "36cde6c9-9b10-4d63-afe3-c3f5a3743f61",
    "data": [
      {
        "text": "how to schedule an appointment",
        "userDefined": false
      }
    ],
    "isTemplate": false,
    "count": 0,
    "updated": 0
  },
  {
    "id": "2dc651ef-000f-4dcb-90b1-e958a3a2b377",
    "data": [
      {
        "text": "i want to schedule an appointment with a tecnician",
        "userDefined": false
      }
    ],
    "isTemplate": false,
    "count": 1,
    "updated": 0
  },
  {
    "id": "e6c0ecad-5428-48c5-96eb-37081108ea7c",
    "data": [
      {
        "text": "can i schedule an appointment",
        "userDefined": false
      }
    ],
    "isTemplate": false,
    "count": 0,
    "updated": 0
  },
  {
    "id": "4b240ee8-2765-465f-808c-fb69a6bb4de8",
    "data": [
      {
        "text": "how do i schedule an appointment",
        "userDefined": false
      }
    ],
    "isTemplate": false,
    "count": 0,
    "updated": 0
  },
  {
    "id": "34dfbab0-cef3-4c6a-b0c3-484748ebca62",
    "data": [
      {
        "text": "schedule acme technician",
        "userDefined": false
      }
    ],
    "isTemplate": false,
    "count": 0,
    "updated": 0
  },
  {
    "id": "e2c64b2f-6669-4093-b6e9-beeda9086473",
    "data": [
      {
        "text": "schedule technician appointment",
        "userDefined": false
      }
    ],
    "isTemplate": false,
    "count": 0,
    "updated": 0
  },
  {
    "id": "1aca9e1e-af60-450f-99eb-5aa93d39ed19",
    "data": [
      {
        "text": "appointment for technician service",
        "userDefined": false
      }
    ],
    "isTemplate": false,
    "count": 0,
    "updated": 0
  },
  {
    "id": "8fb63402-7117-4463-91c8-76b8ea8c31d3",
    "data": [
      {
        "text": "appointment with a technician",
        "userDefined": false
      }
    ],
    "isTemplate": false,
    "count": 2,
    "updated": 0
  },
  {
    "id": "88adf398-903b-471d-b876-08010042aaa8",
    "data": [
      {
        "text": "schedule an appointment",
        "userDefined": false
      }
    ],
    "isTemplate": false,
    "count": 0,
    "updated": 0
  },
  {
    "id": "ad595592-3520-47c0-a495-ef2b9e200a87",
    "data": [
      {
        "text": "I would like to schedule a technician.",
        "userDefined": false
      }
    ],
    "isTemplate": false,
    "count": 0,
    "updated": 0
  },
  {
    "id": "4521ddb7-e46a-4d4d-a435-3db5e2bed3cf",
    "data": [
      {
        "text": "I would like to book a technician.",
        "userDefined": false
      }
    ],
    "isTemplate": false,
    "count": 0,
    "updated": 0
  },
  {
    "id": "788c3e35-46c4-4bb0-a4f5-9c13c869a0a5",
    "data": [
      {
        "text": "schedule",
        "userDefined": false
      }
    ],
    "isTemplate": false,
    "count": 0,
    "updated": 0
  },
  {
    "id": "a316d8f7-a8b1-4560-9fdf-84d6236c3e94",
    "data": [
      {
        "text": "booking",
        "userDefined": false
      }
    ],
    "isTemplate": false,
    "count": 0,
    "updated": 0
  },
  {
    "id": "48ba5dde-c510-486d-8809-c1c600daaf85",
    "data": [
      {
        "text": "book",
        "userDefined": false
      }
    ],
    "isTemplate": false,
    "count": 0,
    "updated": 0
  },
  {
    "id": "2d28469b-26da-4a23-83fe-6c6775cfd758",
    "data": [
      {
        "text": "schedule an appointment with a technician",
        "userDefined": false
      }
    ],
    "isTemplate": false,
    "count": 1,
    "updated": 0
  },
  {
    "id": "5844a3c2-d240-4474-a759-e7977c84af61",
    "data": [
      {
        "text": "book an appointment with a technician",
        "userDefined": false
      }
    ],
    "isTemplate": false,
    "count": 0,
    "updated": 0
  },
  {
    "id": "9e7bf8b2-b027-4e0c-9d6c-85ae9884be3d",
    "data": [
      {
        "text": "book an appointment",
        "userDefined": false
      }
    ],
    "isTemplate": false,
    "count": 0,
    "updated": 0
  }
]