[
  {
    "id": "adabd769-a75c-4041-a84d-f58e4893baec",
    "data": [
      {
        "text": "I am looking to schedule a technician",
        "userDefined": false
      }
    ],
    "isTemplate": false,
    "count": 0,
    "updated": 0
  },
  {
    "id": "e4dff87f-afcc-4aff-89fb-40bb93f69eeb",
    "data": [
      {
        "text": "I am looking to book a technician",
        "userDefined": false
      }
    ],
    "isTemplate": false,
    "count": 0,
    "updated": 0
  },
  {
    "id": "4018465e-78ea-438b-a687-fcc50597dae5",
    "data": [
      {
        "text": "I am looking to book a tech",
        "userDefined": false
      }
    ],
    "isTemplate": false,
    "count": 0,
    "updated": 0
  },
  {
    "id": "3cbf14c2-15ee-4615-b4c7-700b7ed3f3c0",
    "data": [
      {
        "text": "yes I need to schedule a technician",
        "userDefined": false
      }
    ],
    "isTemplate": false,
    "count": 0,
    "updated": 0
  },
  {
    "id": "3584708b-71bf-498b-8fc9-86620d497338",
    "data": [
      {
        "text": "yes I want to book a technician",
        "userDefined": false
      }
    ],
    "isTemplate": false,
    "count": 0,
    "updated": 0
  },
  {
    "id": "091caa87-119a-4de1-84d7-038eedc391f7",
    "data": [
      {
        "text": "Can I book a technician",
        "userDefined": false
      }
    ],
    "isTemplate": false,
    "count": 0,
    "updated": 0
  },
  {
    "id": "d3654a2d-4494-4c6b-8a50-646e59c9ce77",
    "data": [
      {
        "text": "Let me book a technician",
        "userDefined": false
      }
    ],
    "isTemplate": false,
    "count": 0,
    "updated": 0
  },
  {
    "id": "e021ff0a-da97-4712-a1d7-55f16e81bd18",
    "data": [
      {
        "text": "scheduling",
        "userDefined": false
      }
    ],
    "isTemplate": false,
    "count": 0,
    "updated": 0
  },
  {
    "id": "7b80b6a0-cd2e-4d24-a008-975955590176",
    "data": [
      {
        "text": "I need a technician to stop by",
        "userDefined": false
      }
    ],
    "isTemplate": false,
    "count": 0,
    "updated": 0
  },
  {
    "id": "674db506-969a-4c0b-82eb-056f70d762b2",
    "data": [
      {
        "text": "I want a technician to come around",
        "userDefined": false
      }
    ],
    "isTemplate": false,
    "count": 0,
    "updated": 0
  },
  {
    "id": "16f0c9c3-f612-42e3-86e6-38dab5494655",
    "data": [
      {
        "text": "book a technician acme",
        "userDefined": false
      }
    ],
    "isTemplate": false,
    "count": 0,
    "updated": 0
  },
  {
    "id": "717e49da-65f2-401d-9524-6a9e4ea1d58d",
    "data": [
      {
        "text": "book an acme technician",
        "userDefined": false
      }
    ],
    "isTemplate": false,
    "count": 0,
    "updated": 0
  },
  {
    "id": "fe777f08-fc84-4983-8feb-ef21bfc30522",
    "data": [
      {
        "text": "book a technician",
        "userDefined": false
      }
    ],
    "isTemplate": false,
    "count": 0,
    "updated": 0
  },
  {
    "id": "b37402cb-9f7a-499f-a213-da7b9daa1a86",
    "data": [
      {
        "text": "schedule a technician acme",
        "userDefined": false
      }
    ],
    "isTemplate": false,
    "count": 0,
    "updated": 0
  },
  {
    "id": "f9b9961f-0b25-4c05-9d9c-d20e0ee64ac1",
    "data": [
      {
        "text": "schedule a acme technician",
        "userDefined": false
      }
    ],
    "isTemplate": false,
    "count": 0,
    "updated": 0
  },
  {
    "id": "19aa13ff-9779-41ab-b6fe-901d8cb08585",
    "data": [
      {
        "text": "schedule a technician",
        "userDefined": false
      }
    ],
    "isTemplate": false,
    "count": 0,
    "updated": 0
  },
  {
    "id": "dd72b8db-02ac-46b4-a49c-16568d2ed426",
    "data": [
      {
        "text": "technician",
        "userDefined": false
      }
    ],
    "isTemplate": false,
    "count": 0,
    "updated": 0
  },
  {
    "id": "c18244be-ef1e-4448-9e95-72af91da1e98",
    "data": [
      {
        "text": "I want a technician to come by",
        "userDefined": false
      }
    ],
    "isTemplate": false,
    "count": 0,
    "updated": 0
  },
  {
    "id": "ec43d3c5-f065-4797-98eb-a442f11d0f8e",
    "data": [
      {
        "text": "I need to set up an appointment with a technician.",
        "userDefined": false
      }
    ],
    "isTemplate": false,
    "count": 0,
    "updated": 0
  },
  {
    "id": "e69c186c-49d5-43cd-8b2f-ead4150f501b",
    "data": [
      {
        "text": "I need to book a technician.",
        "userDefined": false
      }
    ],
    "isTemplate": false,
    "count": 0,
    "updated": 0
  },
  {
    "id": "a9806b13-04d2-4a60-8f2c-0d6e187a34b4",
    "data": [
      {
        "text": "appointment availability",
        "userDefined": false
      }
    ],
    "isTemplate": false,
    "count": 1,
    "updated": 0
  },
  {
    "id": "129eef5c-e79d-42b0-82a1-839e1ed8b491",
    "data": [
      {
        "text": "technician availability",
        "userDefined": false
      }
    ],
    "isTemplate": false,
    "count": 0,
    "updated": 0
  },
  {
    "id": "fa97f9cc-fa58-4bc4-80ca-bee33fadff77",
    "data": [
      {
        "text": "are there appointment available",
        "userDefined": false
      }
    ],
    "isTemplate": false,
    "count": 0,
    "updated": 0
  },
  {
    "id": "fe11f47b-93b9-4af4-bf0f-69204466fd28",
    "data": [
      {
        "text": "is there an appointment available",
        "userDefined": false
      }
    ],
    "isTemplate": false,
    "count": 0,
    "updated": 0
  },
  {
    "id": "e9dfeb75-4f4a-407f-83b6-31c449aaecf6",
    "data": [
      {
        "text": "are there technicians available",
        "userDefined": false
      }
    ],
    "isTemplate": false,
    "count": 0,
    "updated": 0
  },
  {
    "id": "2ed0205b-034b-4a70-9ff7-67f8b1e297d9",
    "data": [
      {
        "text": "is there a technician available",
        "userDefined": false
      }
    ],
    "isTemplate": false,
    "count": 0,
    "updated": 0
  },
  {
    "id": "545947ba-e45a-44ab-a615-f1dde9be9394",
    "data": [
      {
        "text": "schedule a technician appointment",
        "userDefined": false
      }
    ],
    "isTemplate": false,
    "count": 0,
    "updated": 0
  },
  {
    "id": "90aa5327-4378-42ec-bb52-40e8f3dbc7b5",
    "data": [
      {
        "text": "book a technician appointment",
        "userDefined": false
      }
    ],
    "isTemplate": false,
    "count": 0,
    "updated": 0
  },
  {
    "id": "7a4edb3f-7064-4151-b0c0-5995c2934c3e",
    "data": [
      {
        "text": "book a service appointment",
        "userDefined": false
      }
    ],
    "isTemplate": false,
    "count": 0,
    "updated": 0
  },
  {
    "id": "d1aa8815-9e77-4355-8e7c-2a00dc293e25",
    "data": [
      {
        "text": "schedule a service appointment",
        "userDefined": false
      }
    ],
    "isTemplate": false,
    "count": 0,
    "updated": 0
  },
  {
    "id": "6bbb19fa-cceb-4555-a3b5-5d431991ef1d",
    "data": [
      {
        "text": "I want to schedule a technician",
        "userDefined": false
      }
    ],
    "isTemplate": false,
    "count": 0,
    "updated": 0
  },
  {
    "id": "66c3ab6b-5cde-4db9-b54f-632f0acd6506",
    "data": [
      {
        "text": "I want to book a technician",
        "userDefined": false
      }
    ],
    "isTemplate": false,
    "count": 0,
    "updated": 0
  },
  {
    "id": "cf14cca0-7012-495b-9291-d2ae01822bdf",
    "data": [
      {
        "text": "I want to book an appointment",
        "userDefined": false
      }
    ],
    "isTemplate": false,
    "count": 0,
    "updated": 0
  },
  {
    "id": "55ed4cdf-8ed4-49ff-802f-bdc145966304",
    "data": [
      {
        "text": "i want to schedule an appointment",
        "userDefined": false
      }
    ],
    "isTemplate": false,
    "count": 0,
    "updated": 0
  },
  {
    "id": "0571c804-9f9e-4f98-8a86-7c30d7b84a67",
    "data": [
      {
        "text": "wanting a technician",
        "userDefined": false
      }
    ],
    "isTemplate": false,
    "count": 0,
    "updated": 0
  },
  {
    "id": "7b3e9aac-b769-45b0-a1da-d763d1c5b8d0",
    "data": [
      {
        "text": "wanting a appointment",
        "userDefined": false
      }
    ],
    "isTemplate": false,
    "count": 0,
    "updated": 0
  },
  {
    "id": "990ac2f7-5f66-45be-b816-7131b205243c",
    "data": [
      {
        "text": "needing an appointment",
        "userDefined": false
      }
    ],
    "isTemplate": false,
    "count": 0,
    "updated": 0
  },
  {
    "id": "cb56bbae-70b6-4005-927f-40177cf1af13",
    "data": [
      {
        "text": "needing appointment",
        "userDefined": false
      }
    ],
    "isTemplate": false,
    "count": 0,
    "updated": 0
  },
  {
    "id": "08deb1e2-905e-41a9-adeb-8700d36888c7",
    "data": [
      {
        "text": "needing technician",
        "userDefined": false
      }
    ],
    "isTemplate": false,
    "count": 0,
    "updated": 0
  },
  {
    "id": "10890006-19ec-47fa-af73-0e0e0b2905b7",
    "data": [
      {
        "text": "needing a technician",
        "userDefined": false
      }
    ],
    "isTemplate": false,
    "count": 0,
    "updated": 0
  },
  {
    "id": "5b0e2ea4-2996-4dad-8bd3-c986f4431adb",
    "data": [
      {
        "text": "schedule technician online",
        "userDefined": false
      }
    ],
    "isTemplate": false,
    "count": 0,
    "updated": 0
  },
  {
    "id": "b4d938f2-a47e-452d-9dbb-23d1568116a3",
    "data": [
      {
        "text": "book technician online",
        "userDefined": false
      }
    ],
    "isTemplate": false,
    "count": 0,
    "updated": 0
  },
  {
    "id": "d2b1de5e-b22d-4df0-95aa-d8359c7e33e4",
    "data": [
      {
        "text": "book appointment online",
        "userDefined": false
      }
    ],
    "isTemplate": false,
    "count": 0,
    "updated": 0
  },
  {
    "id": "e085223a-af29-4109-956c-e929492cad50",
    "data": [
      {
        "text": "schedule appointment online",
        "userDefined": false
      }
    ],
    "isTemplate": false,
    "count": 0,
    "updated": 0
  },
  {
    "id": "bb7ece42-35d8-45dd-94e0-e91501fc60d4",
    "data": [
      {
        "text": "how to book an technician",
        "userDefined": false
      }
    ],
    "isTemplate": false,
    "count": 0,
    "updated": 0
  },
  {
    "id": "fe96bacb-416c-4160-981d-5b76968d6ea4",
    "data": [
      {
        "text": "how to book an appointment",
        "userDefined": false
      }
    ],
    "isTemplate": false,
    "count": 0,
    "updated": 0
  },
  {
    "id": "ae6909dc-1c51-4686-981e-df3188f81c98",
    "data": [
      {
        "text": "how to schedule an technician",
        "userDefined": false
      }
    ],
    "isTemplate": false,
    "count": 0,
    "updated": 0
  },
  {
    "id": "b10d12f8-1cdd-499b-9821-7ee8e9701a22",
    "data": [
      {
        "text": "how to schedule an appointment",
        "userDefined": false
      }
    ],
    "isTemplate": false,
    "count": 0,
    "updated": 0
  },
  {
    "id": "29a6ab5c-94d9-45c4-a1f5-8f8050e01438",
    "data": [
      {
        "text": "i want to schedule an appointment with a tecnician",
        "userDefined": false
      }
    ],
    "isTemplate": false,
    "count": 1,
    "updated": 0
  },
  {
    "id": "430283e9-6d33-4901-acdd-ae12a02c51c3",
    "data": [
      {
        "text": "can i schedule an appointment",
        "userDefined": false
      }
    ],
    "isTemplate": false,
    "count": 0,
    "updated": 0
  },
  {
    "id": "adb327b4-624e-4fe2-a985-717e2f76e228",
    "data": [
      {
        "text": "how do i schedule an appointment",
        "userDefined": false
      }
    ],
    "isTemplate": false,
    "count": 0,
    "updated": 0
  },
  {
    "id": "f818245f-a857-40d3-8f89-b3e95ba639d6",
    "data": [
      {
        "text": "schedule acme technician",
        "userDefined": false
      }
    ],
    "isTemplate": false,
    "count": 0,
    "updated": 0
  },
  {
    "id": "bd4b4759-14f0-4207-9b90-b1d8ca8c26a3",
    "data": [
      {
        "text": "schedule technician appointment",
        "userDefined": false
      }
    ],
    "isTemplate": false,
    "count": 0,
    "updated": 0
  },
  {
    "id": "273fcf7a-5417-4203-a1e6-8caefa8246f8",
    "data": [
      {
        "text": "appointment for technician service",
        "userDefined": false
      }
    ],
    "isTemplate": false,
    "count": 0,
    "updated": 0
  },
  {
    "id": "029c444c-2c13-4466-acfd-3e1170fd3172",
    "data": [
      {
        "text": "appointment with a technician",
        "userDefined": false
      }
    ],
    "isTemplate": false,
    "count": 2,
    "updated": 0
  },
  {
    "id": "88adf398-903b-471d-b876-08010042aaa8",
    "data": [
      {
        "text": "schedule an appointment",
        "userDefined": false
      }
    ],
    "isTemplate": false,
    "count": 0,
    "updated": 0
  },
  {
    "id": "ad595592-3520-47c0-a495-ef2b9e200a87",
    "data": [
      {
        "text": "I would like to schedule a technician.",
        "userDefined": false
      }
    ],
    "isTemplate": false,
    "count": 0,
    "updated": 0
  },
  {
    "id": "4521ddb7-e46a-4d4d-a435-3db5e2bed3cf",
    "data": [
      {
        "text": "I would like to book a technician.",
        "userDefined": false
      }
    ],
    "isTemplate": false,
    "count": 0,
    "updated": 0
  },
  {
    "id": "788c3e35-46c4-4bb0-a4f5-9c13c869a0a5",
    "data": [
      {
        "text": "schedule",
        "userDefined": false
      }
    ],
    "isTemplate": false,
    "count": 0,
    "updated": 0
  },
  {
    "id": "a316d8f7-a8b1-4560-9fdf-84d6236c3e94",
    "data": [
      {
        "text": "booking",
        "userDefined": false
      }
    ],
    "isTemplate": false,
    "count": 0,
    "updated": 0
  },
  {
    "id": "48ba5dde-c510-486d-8809-c1c600daaf85",
    "data": [
      {
        "text": "book",
        "userDefined": false
      }
    ],
    "isTemplate": false,
    "count": 0,
    "updated": 0
  },
  {
    "id": "2d28469b-26da-4a23-83fe-6c6775cfd758",
    "data": [
      {
        "text": "schedule an appointment with a technician",
        "userDefined": false
      }
    ],
    "isTemplate": false,
    "count": 1,
    "updated": 0
  },
  {
    "id": "5844a3c2-d240-4474-a759-e7977c84af61",
    "data": [
      {
        "text": "book an appointment with a technician",
        "userDefined": false
      }
    ],
    "isTemplate": false,
    "count": 0,
    "updated": 0
  },
  {
    "id": "9e7bf8b2-b027-4e0c-9d6c-85ae9884be3d",
    "data": [
      {
        "text": "book an appointment",
        "userDefined": false
      }
    ],
    "isTemplate": false,
    "count": 0,
    "updated": 0
  }
]