[
  {
    "id": "ae1451fe-2259-4f7d-b804-1b830af4a5a7",
    "data": [
      {
        "text": "I am looking to schedule a technician",
        "userDefined": false
      }
    ],
    "isTemplate": false,
    "count": 0,
    "updated": 0
  },
  {
    "id": "9d770e58-dd6b-4524-b2d0-8786abf3fb2a",
    "data": [
      {
        "text": "I am looking to book a technician",
        "userDefined": false
      }
    ],
    "isTemplate": false,
    "count": 0,
    "updated": 0
  },
  {
    "id": "68141e6a-36c9-4e71-a34e-dc79660e3794",
    "data": [
      {
        "text": "I am looking to book a tech",
        "userDefined": false
      }
    ],
    "isTemplate": false,
    "count": 0,
    "updated": 0
  },
  {
    "id": "6b106cd1-2cbd-46b8-8085-2a6ca7c39fa8",
    "data": [
      {
        "text": "yes I need to schedule a technician",
        "userDefined": false
      }
    ],
    "isTemplate": false,
    "count": 0,
    "updated": 0
  },
  {
    "id": "2c30e0f8-65b0-43aa-903f-72eb5a8eeb63",
    "data": [
      {
        "text": "yes I want to book a technician",
        "userDefined": false
      }
    ],
    "isTemplate": false,
    "count": 0,
    "updated": 0
  },
  {
    "id": "5a716613-94ae-4b04-bff0-9ea189e54ac1",
    "data": [
      {
        "text": "Can I book a technician",
        "userDefined": false
      }
    ],
    "isTemplate": false,
    "count": 0,
    "updated": 0
  },
  {
    "id": "ef38407d-8668-48ab-8a18-fd3250e20212",
    "data": [
      {
        "text": "Let me book a technician",
        "userDefined": false
      }
    ],
    "isTemplate": false,
    "count": 0,
    "updated": 0
  },
  {
    "id": "2a44e784-2f22-49f3-b8b9-532c98dfe48f",
    "data": [
      {
        "text": "scheduling",
        "userDefined": false
      }
    ],
    "isTemplate": false,
    "count": 0,
    "updated": 0
  },
  {
    "id": "ffb577bc-cd16-49de-a89e-15025f2bec1d",
    "data": [
      {
        "text": "I need a technician to stop by",
        "userDefined": false
      }
    ],
    "isTemplate": false,
    "count": 0,
    "updated": 0
  },
  {
    "id": "1e1a49f9-da28-4965-8e4b-7203dde3d611",
    "data": [
      {
        "text": "I want a technician to come around",
        "userDefined": false
      }
    ],
    "isTemplate": false,
    "count": 0,
    "updated": 0
  },
  {
    "id": "bce702bf-f3ad-4745-968c-820917891bf4",
    "data": [
      {
        "text": "I want a technician to come by",
        "userDefined": false
      }
    ],
    "isTemplate": false,
    "count": 0,
    "updated": 0
  },
  {
    "id": "e4763bc7-4539-40fa-9732-7a80a607a650",
    "data": [
      {
        "text": "I need to set up an appointment with a technician.",
        "userDefined": false
      }
    ],
    "isTemplate": false,
    "count": 0,
    "updated": 0
  },
  {
    "id": "db02a0bf-908a-4a82-8093-99b0ea6c0f1c",
    "data": [
      {
        "text": "I need to book a technician.",
        "userDefined": false
      }
    ],
    "isTemplate": false,
    "count": 0,
    "updated": 0
  },
  {
    "id": "ed224f84-1228-4104-8317-8eb5e3b0b749",
    "data": [
      {
        "text": "I would like to schedule a technician.",
        "userDefined": false
      }
    ],
    "isTemplate": false,
    "count": 0,
    "updated": 0
  },
  {
    "id": "420c11c9-39f2-4f8f-9026-8ee241600179",
    "data": [
      {
        "text": "I would like to book a technician.",
        "userDefined": false
      }
    ],
    "isTemplate": false,
    "count": 0,
    "updated": 0
  },
  {
    "id": "194ad564-2ce6-4db1-919f-36264cea68ca",
    "data": [
      {
        "text": "schedule",
        "userDefined": false
      }
    ],
    "isTemplate": false,
    "count": 0,
    "updated": 0
  },
  {
    "id": "39208b81-50b8-4fbd-94c6-99f2b8e52edc",
    "data": [
      {
        "text": "booking",
        "userDefined": false
      }
    ],
    "isTemplate": false,
    "count": 0,
    "updated": 0
  },
  {
    "id": "e4e8a680-e6a5-453d-9b17-ec31f1cfb74b",
    "data": [
      {
        "text": "book",
        "userDefined": false
      }
    ],
    "isTemplate": false,
    "count": 0,
    "updated": 0
  },
  {
    "id": "5de658f0-d093-4c32-ba93-bc6543acd843",
    "data": [
      {
        "text": "schedule an appointment with a technician",
        "userDefined": false
      }
    ],
    "isTemplate": false,
    "count": 0,
    "updated": 0
  },
  {
    "id": "dcef084e-8f9b-4321-94c9-2823051aeeb3",
    "data": [
      {
        "text": "schedule an appointment",
        "userDefined": false
      }
    ],
    "isTemplate": false,
    "count": 0,
    "updated": 0
  },
  {
    "id": "7ebc5b1d-557e-4b49-9161-fc7444703940",
    "data": [
      {
        "text": "book an appointment with a technician",
        "userDefined": false
      }
    ],
    "isTemplate": false,
    "count": 0,
    "updated": 0
  },
  {
    "id": "a3ad180c-b435-4a79-b290-6df8b0c133c4",
    "data": [
      {
        "text": "book an appointment",
        "userDefined": false
      }
    ],
    "isTemplate": false,
    "count": 0,
    "updated": 0
  }
]