[
  {
    "id": "adabd769-a75c-4041-a84d-f58e4893baec",
    "data": [
      {
        "text": "I am looking to schedule a technician",
        "userDefined": false
      }
    ],
    "isTemplate": false,
    "count": 0,
    "updated": 0
  },
  {
    "id": "e4dff87f-afcc-4aff-89fb-40bb93f69eeb",
    "data": [
      {
        "text": "I am looking to book a technician",
        "userDefined": false
      }
    ],
    "isTemplate": false,
    "count": 0,
    "updated": 0
  },
  {
    "id": "4018465e-78ea-438b-a687-fcc50597dae5",
    "data": [
      {
        "text": "I am looking to book a tech",
        "userDefined": false
      }
    ],
    "isTemplate": false,
    "count": 0,
    "updated": 0
  },
  {
    "id": "3cbf14c2-15ee-4615-b4c7-700b7ed3f3c0",
    "data": [
      {
        "text": "yes I need to schedule a technician",
        "userDefined": false
      }
    ],
    "isTemplate": false,
    "count": 0,
    "updated": 0
  },
  {
    "id": "3584708b-71bf-498b-8fc9-86620d497338",
    "data": [
      {
        "text": "yes I want to book a technician",
        "userDefined": false
      }
    ],
    "isTemplate": false,
    "count": 0,
    "updated": 0
  },
  {
    "id": "091caa87-119a-4de1-84d7-038eedc391f7",
    "data": [
      {
        "text": "Can I book a technician",
        "userDefined": false
      }
    ],
    "isTemplate": false,
    "count": 0,
    "updated": 0
  },
  {
    "id": "d3654a2d-4494-4c6b-8a50-646e59c9ce77",
    "data": [
      {
        "text": "Let me book a technician",
        "userDefined": false
      }
    ],
    "isTemplate": false,
    "count": 0,
    "updated": 0
  },
  {
    "id": "e021ff0a-da97-4712-a1d7-55f16e81bd18",
    "data": [
      {
        "text": "scheduling",
        "userDefined": false
      }
    ],
    "isTemplate": false,
    "count": 0,
    "updated": 0
  },
  {
    "id": "7b80b6a0-cd2e-4d24-a008-975955590176",
    "data": [
      {
        "text": "I need a technician to stop by",
        "userDefined": false
      }
    ],
    "isTemplate": false,
    "count": 0,
    "updated": 0
  },
  {
    "id": "674db506-969a-4c0b-82eb-056f70d762b2",
    "data": [
      {
        "text": "I want a technician to come around",
        "userDefined": false
      }
    ],
    "isTemplate": false,
    "count": 0,
    "updated": 0
  },
  {
    "id": "c18244be-ef1e-4448-9e95-72af91da1e98",
    "data": [
      {
        "text": "I want a technician to come by",
        "userDefined": false
      }
    ],
    "isTemplate": false,
    "count": 0,
    "updated": 0
  },
  {
    "id": "ec43d3c5-f065-4797-98eb-a442f11d0f8e",
    "data": [
      {
        "text": "I need to set up an appointment with a technician.",
        "userDefined": false
      }
    ],
    "isTemplate": false,
    "count": 0,
    "updated": 0
  },
  {
    "id": "e69c186c-49d5-43cd-8b2f-ead4150f501b",
    "data": [
      {
        "text": "I need to book a technician.",
        "userDefined": false
      }
    ],
    "isTemplate": false,
    "count": 0,
    "updated": 0
  },
  {
    "id": "ad595592-3520-47c0-a495-ef2b9e200a87",
    "data": [
      {
        "text": "I would like to schedule a technician.",
        "userDefined": false
      }
    ],
    "isTemplate": false,
    "count": 0,
    "updated": 0
  },
  {
    "id": "4521ddb7-e46a-4d4d-a435-3db5e2bed3cf",
    "data": [
      {
        "text": "I would like to book a technician.",
        "userDefined": false
      }
    ],
    "isTemplate": false,
    "count": 0,
    "updated": 0
  },
  {
    "id": "788c3e35-46c4-4bb0-a4f5-9c13c869a0a5",
    "data": [
      {
        "text": "schedule",
        "userDefined": false
      }
    ],
    "isTemplate": false,
    "count": 0,
    "updated": 0
  },
  {
    "id": "a316d8f7-a8b1-4560-9fdf-84d6236c3e94",
    "data": [
      {
        "text": "booking",
        "userDefined": false
      }
    ],
    "isTemplate": false,
    "count": 0,
    "updated": 0
  },
  {
    "id": "48ba5dde-c510-486d-8809-c1c600daaf85",
    "data": [
      {
        "text": "book",
        "userDefined": false
      }
    ],
    "isTemplate": false,
    "count": 0,
    "updated": 0
  },
  {
    "id": "2d28469b-26da-4a23-83fe-6c6775cfd758",
    "data": [
      {
        "text": "schedule an appointment with a technician",
        "userDefined": false
      }
    ],
    "isTemplate": false,
    "count": 0,
    "updated": 0
  },
  {
    "id": "88adf398-903b-471d-b876-08010042aaa8",
    "data": [
      {
        "text": "schedule an appointment",
        "userDefined": false
      }
    ],
    "isTemplate": false,
    "count": 0,
    "updated": 0
  },
  {
    "id": "5844a3c2-d240-4474-a759-e7977c84af61",
    "data": [
      {
        "text": "book an appointment with a technician",
        "userDefined": false
      }
    ],
    "isTemplate": false,
    "count": 0,
    "updated": 0
  },
  {
    "id": "9e7bf8b2-b027-4e0c-9d6c-85ae9884be3d",
    "data": [
      {
        "text": "book an appointment",
        "userDefined": false
      }
    ],
    "isTemplate": false,
    "count": 0,
    "updated": 0
  }
]