[
  {
    "id": "adabd769-a75c-4041-a84d-f58e4893baec",
    "data": [
      {
        "text": "I am looking to schedule a technician",
        "userDefined": false
      }
    ],
    "isTemplate": false,
    "count": 0,
    "updated": 0
  },
  {
    "id": "e4dff87f-afcc-4aff-89fb-40bb93f69eeb",
    "data": [
      {
        "text": "I am looking to book a technician",
        "userDefined": false
      }
    ],
    "isTemplate": false,
    "count": 0,
    "updated": 0
  },
  {
    "id": "4018465e-78ea-438b-a687-fcc50597dae5",
    "data": [
      {
        "text": "I am looking to book a tech",
        "userDefined": false
      }
    ],
    "isTemplate": false,
    "count": 0,
    "updated": 0
  },
  {
    "id": "3cbf14c2-15ee-4615-b4c7-700b7ed3f3c0",
    "data": [
      {
        "text": "yes I need to schedule a technician",
        "userDefined": false
      }
    ],
    "isTemplate": false,
    "count": 0,
    "updated": 0
  },
  {
    "id": "3584708b-71bf-498b-8fc9-86620d497338",
    "data": [
      {
        "text": "yes I want to book a technician",
        "userDefined": false
      }
    ],
    "isTemplate": false,
    "count": 0,
    "updated": 0
  },
  {
    "id": "091caa87-119a-4de1-84d7-038eedc391f7",
    "data": [
      {
        "text": "Can I book a technician",
        "userDefined": false
      }
    ],
    "isTemplate": false,
    "count": 0,
    "updated": 0
  },
  {
    "id": "d3654a2d-4494-4c6b-8a50-646e59c9ce77",
    "data": [
      {
        "text": "Let me book a technician",
        "userDefined": false
      }
    ],
    "isTemplate": false,
    "count": 0,
    "updated": 0
  },
  {
    "id": "e021ff0a-da97-4712-a1d7-55f16e81bd18",
    "data": [
      {
        "text": "scheduling",
        "userDefined": false
      }
    ],
    "isTemplate": false,
    "count": 0,
    "updated": 0
  },
  {
    "id": "7b80b6a0-cd2e-4d24-a008-975955590176",
    "data": [
      {
        "text": "I need a technician to stop by",
        "userDefined": false
      }
    ],
    "isTemplate": false,
    "count": 0,
    "updated": 0
  },
  {
    "id": "674db506-969a-4c0b-82eb-056f70d762b2",
    "data": [
      {
        "text": "I want a technician to come around",
        "userDefined": false
      }
    ],
    "isTemplate": false,
    "count": 0,
    "updated": 0
  },
  {
    "id": "cf81b7cd-0b55-4360-ad4f-e11be1c53167",
    "data": [
      {
        "text": "book a technician acme",
        "userDefined": false
      }
    ],
    "isTemplate": false,
    "count": 0,
    "updated": 0
  },
  {
    "id": "072618ca-fd65-4644-9f84-58b90df85794",
    "data": [
      {
        "text": "book an acme technician",
        "userDefined": false
      }
    ],
    "isTemplate": false,
    "count": 0,
    "updated": 0
  },
  {
    "id": "fdf344e6-58b7-4e46-8706-22f43f47ea5e",
    "data": [
      {
        "text": "book a technician",
        "userDefined": false
      }
    ],
    "isTemplate": false,
    "count": 0,
    "updated": 0
  },
  {
    "id": "a6a62999-0d98-44cb-96d1-ad45028655d6",
    "data": [
      {
        "text": "schedule a technician acme",
        "userDefined": false
      }
    ],
    "isTemplate": false,
    "count": 0,
    "updated": 0
  },
  {
    "id": "9142f43d-1b6a-4d04-94e0-750ec6dab262",
    "data": [
      {
        "text": "schedule a acme technician",
        "userDefined": false
      }
    ],
    "isTemplate": false,
    "count": 0,
    "updated": 0
  },
  {
    "id": "22c7d658-cac8-49df-a71d-b6134fc70f38",
    "data": [
      {
        "text": "schedule a technician",
        "userDefined": false
      }
    ],
    "isTemplate": false,
    "count": 0,
    "updated": 0
  },
  {
    "id": "d7fd9ff2-db3c-4742-b145-3d887a43f9c8",
    "data": [
      {
        "text": "technician",
        "userDefined": false
      }
    ],
    "isTemplate": false,
    "count": 0,
    "updated": 0
  },
  {
    "id": "c18244be-ef1e-4448-9e95-72af91da1e98",
    "data": [
      {
        "text": "I want a technician to come by",
        "userDefined": false
      }
    ],
    "isTemplate": false,
    "count": 0,
    "updated": 0
  },
  {
    "id": "ec43d3c5-f065-4797-98eb-a442f11d0f8e",
    "data": [
      {
        "text": "I need to set up an appointment with a technician.",
        "userDefined": false
      }
    ],
    "isTemplate": false,
    "count": 0,
    "updated": 0
  },
  {
    "id": "e69c186c-49d5-43cd-8b2f-ead4150f501b",
    "data": [
      {
        "text": "I need to book a technician.",
        "userDefined": false
      }
    ],
    "isTemplate": false,
    "count": 0,
    "updated": 0
  },
  {
    "id": "e7254b40-0b18-4da9-a19d-a2692958b300",
    "data": [
      {
        "text": "appointment availability",
        "userDefined": false
      }
    ],
    "isTemplate": false,
    "count": 1,
    "updated": 0
  },
  {
    "id": "a190ea44-2701-4574-960f-5b46695389ff",
    "data": [
      {
        "text": "technician availability",
        "userDefined": false
      }
    ],
    "isTemplate": false,
    "count": 0,
    "updated": 0
  },
  {
    "id": "c00861df-e3ff-4c8e-8475-a6625eb1ba7e",
    "data": [
      {
        "text": "are there appointment available",
        "userDefined": false
      }
    ],
    "isTemplate": false,
    "count": 0,
    "updated": 0
  },
  {
    "id": "c9aa8bab-d5e1-4022-82c2-bd1693c9fed0",
    "data": [
      {
        "text": "is there an appointment available",
        "userDefined": false
      }
    ],
    "isTemplate": false,
    "count": 0,
    "updated": 0
  },
  {
    "id": "41b22dc0-c84e-416f-ac99-ebb3eddf2aae",
    "data": [
      {
        "text": "are there technicians available",
        "userDefined": false
      }
    ],
    "isTemplate": false,
    "count": 0,
    "updated": 0
  },
  {
    "id": "533fabe9-a6a5-414d-90e9-0327d66f9180",
    "data": [
      {
        "text": "is there a technician available",
        "userDefined": false
      }
    ],
    "isTemplate": false,
    "count": 0,
    "updated": 0
  },
  {
    "id": "3d242265-5513-4f2e-84fd-51cc024ed803",
    "data": [
      {
        "text": "schedule a technician appointment",
        "userDefined": false
      }
    ],
    "isTemplate": false,
    "count": 0,
    "updated": 0
  },
  {
    "id": "19da8fd3-53e2-487f-bb7a-feb603ef8d85",
    "data": [
      {
        "text": "book a technician appointment",
        "userDefined": false
      }
    ],
    "isTemplate": false,
    "count": 0,
    "updated": 0
  },
  {
    "id": "02ac2f0c-b618-467a-af00-8ed1536bcee7",
    "data": [
      {
        "text": "book a service appointment",
        "userDefined": false
      }
    ],
    "isTemplate": false,
    "count": 0,
    "updated": 0
  },
  {
    "id": "49e53cad-6861-494e-8597-a4065a0968b8",
    "data": [
      {
        "text": "schedule a service appointment",
        "userDefined": false
      }
    ],
    "isTemplate": false,
    "count": 0,
    "updated": 0
  },
  {
    "id": "139bc2f7-dc36-4879-af26-ccce071762a7",
    "data": [
      {
        "text": "I want to schedule a technician",
        "userDefined": false
      }
    ],
    "isTemplate": false,
    "count": 0,
    "updated": 0
  },
  {
    "id": "16029e55-b23b-43d9-9d4c-7b496aeae240",
    "data": [
      {
        "text": "I want to book a technician",
        "userDefined": false
      }
    ],
    "isTemplate": false,
    "count": 0,
    "updated": 0
  },
  {
    "id": "c46807b2-2209-430e-a365-05a64c39e503",
    "data": [
      {
        "text": "I want to book an appointment",
        "userDefined": false
      }
    ],
    "isTemplate": false,
    "count": 0,
    "updated": 0
  },
  {
    "id": "72391db7-d0fe-40e5-8cc1-ccdc0e6b2a36",
    "data": [
      {
        "text": "i want to schedule an appointment",
        "userDefined": false
      }
    ],
    "isTemplate": false,
    "count": 0,
    "updated": 0
  },
  {
    "id": "0761e7b2-7749-48c6-b95a-79d652030405",
    "data": [
      {
        "text": "wanting a technician",
        "userDefined": false
      }
    ],
    "isTemplate": false,
    "count": 0,
    "updated": 0
  },
  {
    "id": "643b8cd5-f8e8-472f-aba9-42cbcc92af8b",
    "data": [
      {
        "text": "wanting a appointment",
        "userDefined": false
      }
    ],
    "isTemplate": false,
    "count": 0,
    "updated": 0
  },
  {
    "id": "ffa96696-2a09-4072-81af-939a34b32340",
    "data": [
      {
        "text": "needing an appointment",
        "userDefined": false
      }
    ],
    "isTemplate": false,
    "count": 0,
    "updated": 0
  },
  {
    "id": "eb04f3a1-38ca-47b7-955e-48e0fde26e4a",
    "data": [
      {
        "text": "needing appointment",
        "userDefined": false
      }
    ],
    "isTemplate": false,
    "count": 0,
    "updated": 0
  },
  {
    "id": "8df17ae3-4141-4ea8-a699-7e8534e18014",
    "data": [
      {
        "text": "needing technician",
        "userDefined": false
      }
    ],
    "isTemplate": false,
    "count": 0,
    "updated": 0
  },
  {
    "id": "4dfe6299-1e3d-407b-b634-d17053b360b5",
    "data": [
      {
        "text": "needing a technician",
        "userDefined": false
      }
    ],
    "isTemplate": false,
    "count": 0,
    "updated": 0
  },
  {
    "id": "b2629683-9746-403a-bebd-ab42944a7703",
    "data": [
      {
        "text": "schedule technician online",
        "userDefined": false
      }
    ],
    "isTemplate": false,
    "count": 0,
    "updated": 0
  },
  {
    "id": "2d43945b-9828-4ab8-a03c-20da106fe103",
    "data": [
      {
        "text": "book technician online",
        "userDefined": false
      }
    ],
    "isTemplate": false,
    "count": 0,
    "updated": 0
  },
  {
    "id": "65335f5c-43bc-463c-8614-78a37ad83e93",
    "data": [
      {
        "text": "book appointment online",
        "userDefined": false
      }
    ],
    "isTemplate": false,
    "count": 0,
    "updated": 0
  },
  {
    "id": "0d792729-cb29-4686-a82c-0953481661c0",
    "data": [
      {
        "text": "schedule appointment online",
        "userDefined": false
      }
    ],
    "isTemplate": false,
    "count": 0,
    "updated": 0
  },
  {
    "id": "640bb545-53df-4302-98f0-d3921b65ca38",
    "data": [
      {
        "text": "how to book an technician",
        "userDefined": false
      }
    ],
    "isTemplate": false,
    "count": 0,
    "updated": 0
  },
  {
    "id": "45d7ac22-4f14-4c1f-aae7-f4d28034ceb7",
    "data": [
      {
        "text": "how to book an appointment",
        "userDefined": false
      }
    ],
    "isTemplate": false,
    "count": 0,
    "updated": 0
  },
  {
    "id": "f6a6683a-e5b9-4d2a-9f8a-89b3c0e01123",
    "data": [
      {
        "text": "how to schedule an technician",
        "userDefined": false
      }
    ],
    "isTemplate": false,
    "count": 0,
    "updated": 0
  },
  {
    "id": "c62301a4-4ff5-4451-ab13-d10167fcd1bd",
    "data": [
      {
        "text": "how to schedule an appointment",
        "userDefined": false
      }
    ],
    "isTemplate": false,
    "count": 0,
    "updated": 0
  },
  {
    "id": "6a86213c-2c79-401c-934a-bb9777ee7baa",
    "data": [
      {
        "text": "i want to schedule an appointment with a tecnician",
        "userDefined": false
      }
    ],
    "isTemplate": false,
    "count": 1,
    "updated": 0
  },
  {
    "id": "e6b466af-b26a-4b61-81cd-e0815ae8e7a3",
    "data": [
      {
        "text": "can i schedule an appointment",
        "userDefined": false
      }
    ],
    "isTemplate": false,
    "count": 0,
    "updated": 0
  },
  {
    "id": "6a90819a-ed8e-4347-9306-e70ca9f202ff",
    "data": [
      {
        "text": "how do i schedule an appointment",
        "userDefined": false
      }
    ],
    "isTemplate": false,
    "count": 0,
    "updated": 0
  },
  {
    "id": "7c7ca177-fa71-4743-8d93-0412ded45f57",
    "data": [
      {
        "text": "schedule acme technician",
        "userDefined": false
      }
    ],
    "isTemplate": false,
    "count": 0,
    "updated": 0
  },
  {
    "id": "aec57098-4de8-4eb0-8044-d7d9d1fcc653",
    "data": [
      {
        "text": "schedule technician appointment",
        "userDefined": false
      }
    ],
    "isTemplate": false,
    "count": 0,
    "updated": 0
  },
  {
    "id": "4474048d-b58c-4e30-9ea4-1a4f47f23a90",
    "data": [
      {
        "text": "appointment for technician service",
        "userDefined": false
      }
    ],
    "isTemplate": false,
    "count": 0,
    "updated": 0
  },
  {
    "id": "792dd5bb-af94-4b81-8ecd-6a09d6924af3",
    "data": [
      {
        "text": "appointment with a technician",
        "userDefined": false
      }
    ],
    "isTemplate": false,
    "count": 2,
    "updated": 0
  },
  {
    "id": "88adf398-903b-471d-b876-08010042aaa8",
    "data": [
      {
        "text": "schedule an appointment",
        "userDefined": false
      }
    ],
    "isTemplate": false,
    "count": 0,
    "updated": 0
  },
  {
    "id": "ad595592-3520-47c0-a495-ef2b9e200a87",
    "data": [
      {
        "text": "I would like to schedule a technician.",
        "userDefined": false
      }
    ],
    "isTemplate": false,
    "count": 0,
    "updated": 0
  },
  {
    "id": "4521ddb7-e46a-4d4d-a435-3db5e2bed3cf",
    "data": [
      {
        "text": "I would like to book a technician.",
        "userDefined": false
      }
    ],
    "isTemplate": false,
    "count": 0,
    "updated": 0
  },
  {
    "id": "788c3e35-46c4-4bb0-a4f5-9c13c869a0a5",
    "data": [
      {
        "text": "schedule",
        "userDefined": false
      }
    ],
    "isTemplate": false,
    "count": 0,
    "updated": 0
  },
  {
    "id": "a316d8f7-a8b1-4560-9fdf-84d6236c3e94",
    "data": [
      {
        "text": "booking",
        "userDefined": false
      }
    ],
    "isTemplate": false,
    "count": 0,
    "updated": 0
  },
  {
    "id": "48ba5dde-c510-486d-8809-c1c600daaf85",
    "data": [
      {
        "text": "book",
        "userDefined": false
      }
    ],
    "isTemplate": false,
    "count": 0,
    "updated": 0
  },
  {
    "id": "2d28469b-26da-4a23-83fe-6c6775cfd758",
    "data": [
      {
        "text": "schedule an appointment with a technician",
        "userDefined": false
      }
    ],
    "isTemplate": false,
    "count": 1,
    "updated": 0
  },
  {
    "id": "5844a3c2-d240-4474-a759-e7977c84af61",
    "data": [
      {
        "text": "book an appointment with a technician",
        "userDefined": false
      }
    ],
    "isTemplate": false,
    "count": 0,
    "updated": 0
  },
  {
    "id": "9e7bf8b2-b027-4e0c-9d6c-85ae9884be3d",
    "data": [
      {
        "text": "book an appointment",
        "userDefined": false
      }
    ],
    "isTemplate": false,
    "count": 0,
    "updated": 0
  }
]