[
  {
    "id": "fb08d6e1-dea2-4698-a1e9-8a3cdcd5be81",
    "data": [
      {
        "text": "the message is still",
        "userDefined": false
      }
    ],
    "isTemplate": false,
    "count": 0,
    "updated": 0
  },
  {
    "id": "c3c34cd0-cad3-42f8-9932-163182d30f15",
    "data": [
      {
        "text": "the message is still saying",
        "userDefined": false
      }
    ],
    "isTemplate": false,
    "count": 0,
    "updated": 0
  },
  {
    "id": "df04f8de-1da8-42cc-a639-fb8b707a292f",
    "data": [
      {
        "text": "i still have the same message",
        "userDefined": false
      }
    ],
    "isTemplate": false,
    "count": 0,
    "updated": 0
  },
  {
    "id": "d65de8dc-11e6-48b2-9b1c-06336761caf0",
    "data": [
      {
        "text": "the message did not change",
        "userDefined": false
      }
    ],
    "isTemplate": false,
    "count": 0,
    "updated": 0
  },
  {
    "id": "9f025d73-582b-4c0e-8ef0-1b7e2ea5a9ea",
    "data": [
      {
        "text": "the message is still the same",
        "userDefined": false
      }
    ],
    "isTemplate": false,
    "count": 0,
    "updated": 0
  },
  {
    "id": "3b3421a4-eb5e-4a87-afa3-ea5d634ad458",
    "data": [
      {
        "text": "the message is the same",
        "userDefined": false
      }
    ],
    "isTemplate": false,
    "count": 0,
    "updated": 0
  },
  {
    "id": "65912405-f8f1-494f-9215-df9d493c37c9",
    "data": [
      {
        "text": "the message has not changed",
        "userDefined": false
      }
    ],
    "isTemplate": false,
    "count": 0,
    "updated": 0
  },
  {
    "id": "e9acaeb3-513f-4001-8c4a-7be67cb17caa",
    "data": [
      {
        "text": "not helpful",
        "userDefined": false
      }
    ],
    "isTemplate": false,
    "count": 0,
    "updated": 0
  },
  {
    "id": "823df336-45fb-4378-ab3d-72c0c4397841",
    "data": [
      {
        "text": "was no helpful",
        "userDefined": false
      }
    ],
    "isTemplate": false,
    "count": 0,
    "updated": 0
  },
  {
    "id": "7b801fd9-f116-4f27-b42a-c6f0d8bd5b59",
    "data": [
      {
        "text": "wasn\u0027t helpful",
        "userDefined": false
      }
    ],
    "isTemplate": false,
    "count": 0,
    "updated": 0
  },
  {
    "id": "5535b79b-dbd9-4ed9-8bca-071242f3a033",
    "data": [
      {
        "text": "was no help",
        "userDefined": false
      }
    ],
    "isTemplate": false,
    "count": 1,
    "updated": 0
  },
  {
    "id": "a6171332-4fa6-4446-9e4f-2fcb8fed198b",
    "data": [
      {
        "text": "the solution did not work",
        "userDefined": false
      }
    ],
    "isTemplate": false,
    "count": 0,
    "updated": 0
  },
  {
    "id": "f28d104b-413a-4d9c-b98b-8f4e42d575d6",
    "data": [
      {
        "text": "the solution was a bust",
        "userDefined": false
      }
    ],
    "isTemplate": false,
    "count": 0,
    "updated": 0
  },
  {
    "id": "7b1bff97-e094-456b-bd99-6c7a7929380d",
    "data": [
      {
        "text": "did not fix the problem",
        "userDefined": false
      }
    ],
    "isTemplate": false,
    "count": 0,
    "updated": 0
  },
  {
    "id": "0e347f51-c4a8-4072-8a93-1d1d831e5c61",
    "data": [
      {
        "text": "did not fix it",
        "userDefined": false
      }
    ],
    "isTemplate": false,
    "count": 0,
    "updated": 0
  },
  {
    "id": "58c195fb-1d5d-4d5f-8f2c-d1435f6b90a1",
    "data": [
      {
        "text": "did not solve problem",
        "userDefined": false
      }
    ],
    "isTemplate": false,
    "count": 0,
    "updated": 0
  },
  {
    "id": "0b5e7097-7241-4b1f-99ff-ade5c8103776",
    "data": [
      {
        "text": "did not solve it",
        "userDefined": false
      }
    ],
    "isTemplate": false,
    "count": 0,
    "updated": 0
  },
  {
    "id": "e69297a2-0a2d-48af-a92e-f3278d2caf20",
    "data": [
      {
        "text": "would not",
        "userDefined": false
      }
    ],
    "isTemplate": false,
    "count": 0,
    "updated": 0
  },
  {
    "id": "5f2532ba-8dd9-467b-88a6-21ec8a3762a1",
    "data": [
      {
        "text": "did not",
        "userDefined": false
      }
    ],
    "isTemplate": false,
    "count": 1,
    "updated": 0
  },
  {
    "id": "6745b38c-18d1-4063-b1c6-8c0d800d23f1",
    "data": [
      {
        "text": "did not fix the issue",
        "userDefined": false
      }
    ],
    "isTemplate": false,
    "count": 0,
    "updated": 0
  },
  {
    "id": "8606a244-75fe-4389-80c0-1c1f6436d23b",
    "data": [
      {
        "text": "would not work",
        "userDefined": false
      }
    ],
    "isTemplate": false,
    "count": 0,
    "updated": 0
  },
  {
    "id": "65b13385-d07b-4a46-990f-fd17fb8e7e1f",
    "data": [
      {
        "text": "wouldn\u0027t fix it",
        "userDefined": false
      }
    ],
    "isTemplate": false,
    "count": 0,
    "updated": 0
  },
  {
    "id": "7faff2d8-4f20-4d63-8adb-e6f2f2b4f7aa",
    "data": [
      {
        "text": "wouldn\u0027t work",
        "userDefined": false
      }
    ],
    "isTemplate": false,
    "count": 0,
    "updated": 0
  },
  {
    "id": "030248fe-bbfa-4d2e-b002-d3d9c5227378",
    "data": [
      {
        "text": "did not work",
        "userDefined": false
      }
    ],
    "isTemplate": false,
    "count": 0,
    "updated": 0
  },
  {
    "id": "612506c8-1d06-4d40-8788-99f9a9a62434",
    "data": [
      {
        "text": "didn\u0027t work",
        "userDefined": false
      }
    ],
    "isTemplate": false,
    "count": 0,
    "updated": 0
  },
  {
    "id": "69d71d2a-5707-4e8c-a32a-a422dc0959d1",
    "data": [
      {
        "text": "no the message is still \"No Signal\"",
        "userDefined": false
      }
    ],
    "isTemplate": false,
    "count": 0,
    "updated": 0
  },
  {
    "id": "cfd61ee5-7ad6-4ae7-a70e-321d39d46c88",
    "data": [
      {
        "text": "no the message is still no signal",
        "userDefined": false
      }
    ],
    "isTemplate": false,
    "count": 0,
    "updated": 0
  },
  {
    "id": "694989b3-789f-4647-908c-6a0077248bc2",
    "data": [
      {
        "text": "no the message is still the same",
        "userDefined": false
      }
    ],
    "isTemplate": false,
    "count": 0,
    "updated": 0
  },
  {
    "id": "639a51d4-884c-4c87-9f78-9a9f374cd523",
    "data": [
      {
        "text": "no this did not resolve the issue",
        "userDefined": false
      }
    ],
    "isTemplate": false,
    "count": 0,
    "updated": 0
  },
  {
    "id": "26de06af-fd4d-42fc-8034-72343618e629",
    "data": [
      {
        "text": "no this did not fix the issue",
        "userDefined": false
      }
    ],
    "isTemplate": false,
    "count": 0,
    "updated": 0
  },
  {
    "id": "598390c6-11b7-423a-8f30-d0e83f9abab1",
    "data": [
      {
        "text": "no this did not work",
        "userDefined": false
      }
    ],
    "isTemplate": false,
    "count": 0,
    "updated": 0
  },
  {
    "id": "f396949e-798a-43ab-9942-36445b8e4df8",
    "data": [
      {
        "text": "thanks but no",
        "userDefined": false
      }
    ],
    "isTemplate": false,
    "count": 0,
    "updated": 0
  },
  {
    "id": "f163c609-6ccf-46dd-a011-4fa4c9247656",
    "data": [
      {
        "text": "no way",
        "userDefined": false
      }
    ],
    "isTemplate": false,
    "count": 0,
    "updated": 0
  },
  {
    "id": "c0b54a85-c4f0-4516-8929-7fc6d28e2cd7",
    "data": [
      {
        "text": "no",
        "userDefined": false
      }
    ],
    "isTemplate": false,
    "count": 2,
    "updated": 0
  },
  {
    "id": "202a2f8f-ddd1-438a-9248-e1c361507866",
    "data": [
      {
        "text": "no no don\u0027t",
        "userDefined": false
      }
    ],
    "isTemplate": false,
    "count": 0,
    "updated": 0
  },
  {
    "id": "eded7c58-23c5-440d-a5a9-46537801de11",
    "data": [
      {
        "text": "na",
        "userDefined": false
      }
    ],
    "isTemplate": false,
    "count": 0,
    "updated": 0
  },
  {
    "id": "df51ce7e-3cce-4873-8c67-53527ee9dcee",
    "data": [
      {
        "text": "no it isn\u0027t",
        "userDefined": false
      }
    ],
    "isTemplate": false,
    "count": 1,
    "updated": 0
  },
  {
    "id": "2b692d49-802b-4907-b981-19b657469c48",
    "data": [
      {
        "text": "don\u0027t",
        "userDefined": false
      }
    ],
    "isTemplate": false,
    "count": 0,
    "updated": 0
  },
  {
    "id": "29ba23cd-b156-434d-a387-933dc09d84d1",
    "data": [
      {
        "text": "nah I\u0027m good",
        "userDefined": false
      }
    ],
    "isTemplate": false,
    "count": 1,
    "updated": 0
  },
  {
    "id": "92c89b1e-c81c-42cb-ae88-1769e56b3aed",
    "data": [
      {
        "text": "no I cannot",
        "userDefined": false
      }
    ],
    "isTemplate": false,
    "count": 1,
    "updated": 0
  },
  {
    "id": "ce687cda-309e-4e7f-9976-510852b700c1",
    "data": [
      {
        "text": "I can\u0027t",
        "userDefined": false
      }
    ],
    "isTemplate": false,
    "count": 0,
    "updated": 0
  },
  {
    "id": "5c69903b-d80b-4ef6-bea1-f5ed03c68fec",
    "data": [
      {
        "text": "nothing",
        "userDefined": false
      }
    ],
    "isTemplate": false,
    "count": 0,
    "updated": 0
  },
  {
    "id": "488a766f-958d-4d34-8e0f-9c192427d3b4",
    "data": [
      {
        "text": "no that\u0027s okay",
        "userDefined": false
      }
    ],
    "isTemplate": false,
    "count": 0,
    "updated": 0
  },
  {
    "id": "c0cc7076-6e7c-4017-9023-3117addd4797",
    "data": [
      {
        "text": "no not really",
        "userDefined": false
      }
    ],
    "isTemplate": false,
    "count": 0,
    "updated": 0
  },
  {
    "id": "40ac40ca-615b-4bcd-9b25-d04c639bc0e6",
    "data": [
      {
        "text": "nope not really",
        "userDefined": false
      }
    ],
    "isTemplate": false,
    "count": 0,
    "updated": 0
  },
  {
    "id": "cb4f24a3-1a97-46a8-95bd-91179297501e",
    "data": [
      {
        "text": "nope",
        "userDefined": false
      }
    ],
    "isTemplate": false,
    "count": 1,
    "updated": 0
  },
  {
    "id": "3725cdb2-6876-496f-968d-cd3d89ae03d1",
    "data": [
      {
        "text": "thanks but not this time",
        "userDefined": false
      }
    ],
    "isTemplate": false,
    "count": 1,
    "updated": 0
  },
  {
    "id": "90bb9213-5cd8-42f0-9590-7f8acd53a7da",
    "data": [
      {
        "text": "I don\u0027t think so",
        "userDefined": false
      }
    ],
    "isTemplate": false,
    "count": 1,
    "updated": 0
  },
  {
    "id": "ba9a54ec-fa40-45b6-8db5-85279db4969e",
    "data": [
      {
        "text": "I disagree",
        "userDefined": false
      }
    ],
    "isTemplate": false,
    "count": 2,
    "updated": 0
  },
  {
    "id": "85267534-5de1-4038-8079-307eb1db0439",
    "data": [
      {
        "text": "no maybe next time",
        "userDefined": false
      }
    ],
    "isTemplate": false,
    "count": 0,
    "updated": 0
  },
  {
    "id": "69ea7894-d9f1-4e9a-8b19-e4d05a6500e4",
    "data": [
      {
        "text": "not this time",
        "userDefined": false
      }
    ],
    "isTemplate": false,
    "count": 0,
    "updated": 0
  },
  {
    "id": "bb30e432-52a4-4d23-9196-35ce54fa9c49",
    "data": [
      {
        "text": "no don\u0027t",
        "userDefined": false
      }
    ],
    "isTemplate": false,
    "count": 0,
    "updated": 0
  },
  {
    "id": "13c8c7e6-c81f-4a72-9b48-5372a222c92c",
    "data": [
      {
        "text": "no we are good",
        "userDefined": false
      }
    ],
    "isTemplate": false,
    "count": 0,
    "updated": 0
  },
  {
    "id": "711d7d28-a049-4d01-87f7-3115a91c1bbd",
    "data": [
      {
        "text": "don\u0027t do it",
        "userDefined": false
      }
    ],
    "isTemplate": false,
    "count": 3,
    "updated": 0
  },
  {
    "id": "983325a1-ab20-4247-b40d-090c0cc38387",
    "data": [
      {
        "text": "no that\u0027s be all",
        "userDefined": false
      }
    ],
    "isTemplate": false,
    "count": 0,
    "updated": 0
  },
  {
    "id": "1dfc8d0a-5556-4442-b7d1-d67cd80f1a7f",
    "data": [
      {
        "text": "not right now",
        "userDefined": false
      }
    ],
    "isTemplate": false,
    "count": 0,
    "updated": 0
  },
  {
    "id": "6bbc0763-5078-4afc-93d9-6420d03fa304",
    "data": [
      {
        "text": "nothing else thanks",
        "userDefined": false
      }
    ],
    "isTemplate": false,
    "count": 0,
    "updated": 0
  },
  {
    "id": "6766ec77-e9b5-4423-af03-e569ecbd39d1",
    "data": [
      {
        "text": "no thanks",
        "userDefined": false
      }
    ],
    "isTemplate": false,
    "count": 0,
    "updated": 0
  },
  {
    "id": "61867045-310b-44c7-b583-5f072f003c84",
    "data": [
      {
        "text": "no that\u0027s ok",
        "userDefined": false
      }
    ],
    "isTemplate": false,
    "count": 1,
    "updated": 0
  },
  {
    "id": "12471b8f-691c-430f-abaf-700bb2871df8",
    "data": [
      {
        "text": "I don\u0027t want that",
        "userDefined": false
      }
    ],
    "isTemplate": false,
    "count": 0,
    "updated": 0
  },
  {
    "id": "762cf14d-1d12-4d99-a5a1-69d907f4c8aa",
    "data": [
      {
        "text": "definitely not",
        "userDefined": false
      }
    ],
    "isTemplate": false,
    "count": 3,
    "updated": 0
  },
  {
    "id": "6abe1f2a-056d-48cf-ba61-3d0b1df1acf2",
    "data": [
      {
        "text": "nothing else",
        "userDefined": false
      }
    ],
    "isTemplate": false,
    "count": 1,
    "updated": 0
  },
  {
    "id": "0d7f1bb2-4b2c-4e04-b8bb-15f5c9599a2e",
    "data": [
      {
        "text": "not",
        "userDefined": false
      }
    ],
    "isTemplate": false,
    "count": 0,
    "updated": 0
  },
  {
    "id": "06016525-a173-41dc-aba1-06b61948c8c8",
    "data": [
      {
        "text": "not at all",
        "userDefined": false
      }
    ],
    "isTemplate": false,
    "count": 0,
    "updated": 0
  },
  {
    "id": "d6ad6f50-abcc-49bf-a828-303274a4dda7",
    "data": [
      {
        "text": "no never",
        "userDefined": false
      }
    ],
    "isTemplate": false,
    "count": 0,
    "updated": 0
  },
  {
    "id": "c202c812-8d90-4926-8029-272eb4821ac9",
    "data": [
      {
        "text": "never",
        "userDefined": false
      }
    ],
    "isTemplate": false,
    "count": 0,
    "updated": 0
  },
  {
    "id": "c0ea6795-f00a-41c4-84f7-3bb61f190d00",
    "data": [
      {
        "text": "no way no",
        "userDefined": false
      }
    ],
    "isTemplate": false,
    "count": 0,
    "updated": 0
  },
  {
    "id": "4c02127e-68f6-4075-ade4-feb0d57a235a",
    "data": [
      {
        "text": "not really",
        "userDefined": false
      }
    ],
    "isTemplate": false,
    "count": 0,
    "updated": 0
  },
  {
    "id": "413ed29b-d14d-4d21-b9e4-6ac53dcde045",
    "data": [
      {
        "text": "nah",
        "userDefined": false
      }
    ],
    "isTemplate": false,
    "count": 2,
    "updated": 0
  },
  {
    "id": "d8c0d493-09bb-4a99-b6db-77fe874dbb54",
    "data": [
      {
        "text": "I don\u0027t",
        "userDefined": false
      }
    ],
    "isTemplate": false,
    "count": 0,
    "updated": 0
  },
  {
    "id": "5f10aff1-5018-4d92-b545-495ba9eec5ba",
    "data": [
      {
        "text": "I don\u0027t want",
        "userDefined": false
      }
    ],
    "isTemplate": false,
    "count": 0,
    "updated": 0
  },
  {
    "id": "96156882-b503-412b-9d3b-593e127dc8b7",
    "data": [
      {
        "text": "not ",
        "userDefined": false
      },
      {
        "text": "today",
        "meta": "@sys.ignore",
        "userDefined": false
      }
    ],
    "isTemplate": false,
    "count": 0,
    "updated": 0
  },
  {
    "id": "79592ad5-cf60-4c8b-bf60-290a9bea226e",
    "data": [
      {
        "text": "not interested",
        "userDefined": false
      }
    ],
    "isTemplate": false,
    "count": 0,
    "updated": 0
  },
  {
    "id": "4711c4c0-7795-426d-a302-d12537a9ce59",
    "data": [
      {
        "text": "no that\u0027s fine thank you",
        "userDefined": false
      }
    ],
    "isTemplate": false,
    "count": 0,
    "updated": 0
  },
  {
    "id": "1999df99-5664-4c5e-b0ef-932cd9303d22",
    "data": [
      {
        "text": "I\u0027m not",
        "userDefined": false
      }
    ],
    "isTemplate": false,
    "count": 3,
    "updated": 0
  }
]