[
  {
    "id": "69704ac2-93be-43f7-a362-edec32d3f7b8",
    "data": [
      {
        "text": "tv picture freezing",
        "userDefined": false
      }
    ],
    "isTemplate": false,
    "count": 0,
    "updated": 0
  },
  {
    "id": "54078273-bde4-4209-bd75-c169115586c9",
    "data": [
      {
        "text": "television picture freezing",
        "userDefined": false
      }
    ],
    "isTemplate": false,
    "count": 0,
    "updated": 0
  },
  {
    "id": "47f03eae-e606-4eee-ad9e-f33bed5036b2",
    "data": [
      {
        "text": "television picture frozen",
        "userDefined": false
      }
    ],
    "isTemplate": false,
    "count": 1,
    "updated": 0
  },
  {
    "id": "3b905135-24bb-486d-b2a8-000219211cfd",
    "data": [
      {
        "text": "television screen freezing",
        "userDefined": false
      }
    ],
    "isTemplate": false,
    "count": 0,
    "updated": 0
  },
  {
    "id": "c95c3db2-5b38-4b37-b4dd-2360c86eaa50",
    "data": [
      {
        "text": "tv screen freezing",
        "userDefined": false
      }
    ],
    "isTemplate": false,
    "count": 0,
    "updated": 0
  },
  {
    "id": "d5c7a385-5cf1-40be-a7b2-c06656709da9",
    "data": [
      {
        "text": "tv screen frozen",
        "userDefined": false
      }
    ],
    "isTemplate": false,
    "count": 0,
    "updated": 0
  },
  {
    "id": "7c398afa-3075-490f-bcc6-672dd8da9257",
    "data": [
      {
        "text": "television screen frozen",
        "userDefined": false
      }
    ],
    "isTemplate": false,
    "count": 0,
    "updated": 0
  },
  {
    "id": "7a80c389-e48a-4dd5-8645-db913981c818",
    "data": [
      {
        "text": "television pic freezing",
        "userDefined": false
      }
    ],
    "isTemplate": false,
    "count": 0,
    "updated": 0
  },
  {
    "id": "6e7ad989-9ee4-47f7-b24d-7a60bb03e3a2",
    "data": [
      {
        "text": "television pic frozen",
        "userDefined": false
      }
    ],
    "isTemplate": false,
    "count": 0,
    "updated": 0
  },
  {
    "id": "124ae6f8-78a0-4243-8f4b-efec7bbd1e59",
    "data": [
      {
        "text": "tv pic freezing",
        "userDefined": false
      }
    ],
    "isTemplate": false,
    "count": 0,
    "updated": 0
  },
  {
    "id": "5aa6491d-f35b-4829-a82f-178ed5244072",
    "data": [
      {
        "text": "tv pic frozen",
        "userDefined": false
      }
    ],
    "isTemplate": false,
    "count": 0,
    "updated": 0
  },
  {
    "id": "af4cf859-88fe-4dee-ba32-2e0913b8c068",
    "data": [
      {
        "text": "television image freezing",
        "userDefined": false
      }
    ],
    "isTemplate": false,
    "count": 0,
    "updated": 0
  },
  {
    "id": "eabdd2ba-e65b-4018-b642-abdf3db8bddb",
    "data": [
      {
        "text": "tv image freezing",
        "userDefined": false
      }
    ],
    "isTemplate": false,
    "count": 0,
    "updated": 0
  },
  {
    "id": "c47aac48-281e-4f9d-9507-730e2a521e8f",
    "data": [
      {
        "text": "tv image frozen",
        "userDefined": false
      }
    ],
    "isTemplate": false,
    "count": 0,
    "updated": 0
  },
  {
    "id": "103ac77e-55ce-4a42-b517-32f5ee492b59",
    "data": [
      {
        "text": "television image frozen",
        "userDefined": false
      }
    ],
    "isTemplate": false,
    "count": 0,
    "updated": 0
  },
  {
    "id": "c93eaf5a-b08d-43df-8d3c-877a70a260e6",
    "data": [
      {
        "text": "television stuck",
        "userDefined": false
      }
    ],
    "isTemplate": false,
    "count": 0,
    "updated": 0
  },
  {
    "id": "6fa28c76-af98-4cfc-b027-287beb315429",
    "data": [
      {
        "text": "television freezing",
        "userDefined": false
      }
    ],
    "isTemplate": false,
    "count": 0,
    "updated": 0
  },
  {
    "id": "5c64d3b0-9be8-450d-9842-9a8c463e6fe3",
    "data": [
      {
        "text": "television frozen",
        "userDefined": false
      }
    ],
    "isTemplate": false,
    "count": 0,
    "updated": 0
  },
  {
    "id": "a90b709b-357b-4998-9524-bf6271a6dfe4",
    "data": [
      {
        "text": "tv stuck",
        "userDefined": false
      }
    ],
    "isTemplate": false,
    "count": 0,
    "updated": 0
  },
  {
    "id": "51d4d598-fd33-4348-9e4b-e39f71dee29b",
    "data": [
      {
        "text": "tv frozen",
        "userDefined": false
      }
    ],
    "isTemplate": false,
    "count": 0,
    "updated": 0
  },
  {
    "id": "412f0a86-fe7f-4870-be5d-67b38d8b8008",
    "data": [
      {
        "text": "tv freezing",
        "userDefined": false
      }
    ],
    "isTemplate": false,
    "count": 0,
    "updated": 0
  },
  {
    "id": "e20066e7-ee1c-45d4-8615-ae5c1ee7af95",
    "data": [
      {
        "text": "freezing tv",
        "userDefined": false
      }
    ],
    "isTemplate": false,
    "count": 0,
    "updated": 0
  },
  {
    "id": "294119cc-7c3a-441a-919a-963af0f5d35d",
    "data": [
      {
        "text": "freezing television",
        "userDefined": false
      }
    ],
    "isTemplate": false,
    "count": 0,
    "updated": 0
  },
  {
    "id": "f6bf7ab1-50a3-4eff-a364-86456b660bba",
    "data": [
      {
        "text": "frozen television",
        "userDefined": false
      }
    ],
    "isTemplate": false,
    "count": 0,
    "updated": 0
  },
  {
    "id": "2126c1b3-e3b2-49f3-8048-eaf219028c9a",
    "data": [
      {
        "text": "frozen tv",
        "userDefined": false
      }
    ],
    "isTemplate": false,
    "count": 0,
    "updated": 0
  },
  {
    "id": "ad785311-c621-4d48-ac11-ac8c61cc4362",
    "data": [
      {
        "text": "stuck television",
        "userDefined": false
      }
    ],
    "isTemplate": false,
    "count": 0,
    "updated": 0
  },
  {
    "id": "efb310f4-260e-4a20-8ced-25a014013dd8",
    "data": [
      {
        "text": "stuck tv",
        "userDefined": false
      }
    ],
    "isTemplate": false,
    "count": 0,
    "updated": 0
  },
  {
    "id": "083603a9-6e42-4dfa-a86f-dc9a53f96881",
    "data": [
      {
        "text": "stuck pic",
        "userDefined": false
      }
    ],
    "isTemplate": false,
    "count": 0,
    "updated": 0
  },
  {
    "id": "12d6c4e4-c674-4a46-923a-84d0e35fe1c9",
    "data": [
      {
        "text": "stuck picture",
        "userDefined": false
      }
    ],
    "isTemplate": false,
    "count": 1,
    "updated": 0
  },
  {
    "id": "3f9411ee-2b36-4061-bb04-eacb221c3f96",
    "data": [
      {
        "text": "stuck image",
        "userDefined": false
      }
    ],
    "isTemplate": false,
    "count": 0,
    "updated": 0
  },
  {
    "id": "94336d57-f978-412e-9834-17ad6068c3f0",
    "data": [
      {
        "text": "stuck screen",
        "userDefined": false
      }
    ],
    "isTemplate": false,
    "count": 0,
    "updated": 0
  },
  {
    "id": "37951f31-e943-438d-a313-3cc0d479041d",
    "data": [
      {
        "text": "screen stuck",
        "userDefined": false
      }
    ],
    "isTemplate": false,
    "count": 0,
    "updated": 0
  },
  {
    "id": "24620f5e-d56b-4021-b609-baad2bcf10fd",
    "data": [
      {
        "text": "picture stuck",
        "userDefined": false
      }
    ],
    "isTemplate": false,
    "count": 0,
    "updated": 0
  },
  {
    "id": "2c6e8f1a-ecc9-42fd-8a58-36b6d573416a",
    "data": [
      {
        "text": "image stuck",
        "userDefined": false
      }
    ],
    "isTemplate": false,
    "count": 0,
    "updated": 0
  },
  {
    "id": "b1786834-2c99-484c-8e76-b4f6743eaa1b",
    "data": [
      {
        "text": "pic stuck",
        "userDefined": false
      }
    ],
    "isTemplate": false,
    "count": 0,
    "updated": 0
  },
  {
    "id": "dd53682f-75ff-4824-8d30-61c44df76fd5",
    "data": [
      {
        "text": "pic frozen",
        "userDefined": false
      }
    ],
    "isTemplate": false,
    "count": 0,
    "updated": 0
  },
  {
    "id": "a11265d7-d308-4707-9f5e-dd4ab857a82f",
    "data": [
      {
        "text": "pic freezing",
        "userDefined": false
      }
    ],
    "isTemplate": false,
    "count": 0,
    "updated": 0
  },
  {
    "id": "b8bc08f2-1d08-4bab-9b6d-e3deff0928bb",
    "data": [
      {
        "text": "image freezing",
        "userDefined": false
      }
    ],
    "isTemplate": false,
    "count": 0,
    "updated": 0
  },
  {
    "id": "f3d3d78b-c850-4641-afc6-6077194ce008",
    "data": [
      {
        "text": "picture freezing",
        "userDefined": false
      }
    ],
    "isTemplate": false,
    "count": 0,
    "updated": 0
  },
  {
    "id": "fe29f271-ead2-479b-8623-2766fb21c25c",
    "data": [
      {
        "text": "screen freezing",
        "userDefined": false
      }
    ],
    "isTemplate": false,
    "count": 0,
    "updated": 0
  },
  {
    "id": "80ad7cec-fc77-4dfd-9246-889e6945f90a",
    "data": [
      {
        "text": "screen frozen",
        "userDefined": false
      }
    ],
    "isTemplate": false,
    "count": 0,
    "updated": 0
  },
  {
    "id": "d904fe1a-e6cc-4b49-9177-13039216b360",
    "data": [
      {
        "text": "image frozen",
        "userDefined": false
      }
    ],
    "isTemplate": false,
    "count": 0,
    "updated": 0
  },
  {
    "id": "202bdc1c-b9b9-4d9c-978a-3657f4baeff3",
    "data": [
      {
        "text": "picture frozen",
        "userDefined": false
      }
    ],
    "isTemplate": false,
    "count": 2,
    "updated": 0
  },
  {
    "id": "50d180de-74cd-42e0-a439-1fc9cfd0b515",
    "data": [
      {
        "text": "pic is stuck",
        "userDefined": false
      }
    ],
    "isTemplate": false,
    "count": 0,
    "updated": 0
  },
  {
    "id": "b832f57d-1cce-45ff-b27e-8c09bc0fd063",
    "data": [
      {
        "text": "pic has frozen",
        "userDefined": false
      }
    ],
    "isTemplate": false,
    "count": 0,
    "updated": 0
  },
  {
    "id": "9b94947b-31cf-44a0-9032-bfcf2db2d7ce",
    "data": [
      {
        "text": "pic is freezing",
        "userDefined": false
      }
    ],
    "isTemplate": false,
    "count": 0,
    "updated": 0
  },
  {
    "id": "70522680-674d-44ba-abf9-5097dfca849f",
    "data": [
      {
        "text": "pic is frozen",
        "userDefined": false
      }
    ],
    "isTemplate": false,
    "count": 0,
    "updated": 0
  },
  {
    "id": "10f12ebe-87a3-4ff3-8f30-5e98bac80eae",
    "data": [
      {
        "text": "freezing pic",
        "userDefined": false
      }
    ],
    "isTemplate": false,
    "count": 0,
    "updated": 0
  },
  {
    "id": "b4a2187b-b476-4fc5-b47c-06eb3e571e92",
    "data": [
      {
        "text": "frozen pic",
        "userDefined": false
      }
    ],
    "isTemplate": false,
    "count": 2,
    "updated": 0
  },
  {
    "id": "7ef098c4-f612-4a04-adba-0e006a6e29f3",
    "data": [
      {
        "text": "the screen is stuck",
        "userDefined": false
      }
    ],
    "isTemplate": false,
    "count": 0,
    "updated": 0
  },
  {
    "id": "aad5a458-cac3-45eb-afdf-609b6d161595",
    "data": [
      {
        "text": "the picture is stuck",
        "userDefined": false
      }
    ],
    "isTemplate": false,
    "count": 0,
    "updated": 0
  },
  {
    "id": "40355f4f-9525-4338-8f5c-9d71cffd014d",
    "data": [
      {
        "text": "the image is stuck",
        "userDefined": false
      }
    ],
    "isTemplate": false,
    "count": 0,
    "updated": 0
  },
  {
    "id": "07170bb7-f816-488b-8354-ef24383f3187",
    "data": [
      {
        "text": "it has frozen",
        "userDefined": false
      }
    ],
    "isTemplate": false,
    "count": 0,
    "updated": 0
  },
  {
    "id": "ac1defd7-4d99-4c11-8f56-a15de89d44c6",
    "data": [
      {
        "text": "it is freezing",
        "userDefined": false
      }
    ],
    "isTemplate": false,
    "count": 0,
    "updated": 0
  },
  {
    "id": "0b9aaf96-4e76-436d-903f-4c5c7dba1959",
    "data": [
      {
        "text": "it is frozen",
        "userDefined": false
      }
    ],
    "isTemplate": false,
    "count": 0,
    "updated": 0
  },
  {
    "id": "61329c1c-e013-4f93-bf5d-e79acf6dbbdc",
    "data": [
      {
        "text": "freezing",
        "userDefined": false
      }
    ],
    "isTemplate": false,
    "count": 0,
    "updated": 0
  },
  {
    "id": "975cffb2-493a-4ed1-876f-09625d70ad6c",
    "data": [
      {
        "text": "frozen",
        "userDefined": false
      }
    ],
    "isTemplate": false,
    "count": 0,
    "updated": 0
  },
  {
    "id": "acc3b228-47a2-4370-a0b9-1cf39291d64f",
    "data": [
      {
        "text": "freezing picture",
        "userDefined": false
      }
    ],
    "isTemplate": false,
    "count": 0,
    "updated": 0
  },
  {
    "id": "9cdfb722-92e3-49fe-ab56-7329ea4172ce",
    "data": [
      {
        "text": "freezing image",
        "userDefined": false
      }
    ],
    "isTemplate": false,
    "count": 0,
    "updated": 0
  },
  {
    "id": "42baea03-ec33-4b5f-afee-4fa3653d986e",
    "data": [
      {
        "text": "freezing screen",
        "userDefined": false
      }
    ],
    "isTemplate": false,
    "count": 0,
    "updated": 0
  },
  {
    "id": "d5e826df-733f-49fb-b877-c83572799261",
    "data": [
      {
        "text": "picture has frozen",
        "userDefined": false
      }
    ],
    "isTemplate": false,
    "count": 0,
    "updated": 0
  },
  {
    "id": "d738f428-0e9e-463c-ad44-2b651ba46df3",
    "data": [
      {
        "text": "image has frozen",
        "userDefined": false
      }
    ],
    "isTemplate": false,
    "count": 0,
    "updated": 0
  },
  {
    "id": "3b109b0c-d1a2-44dc-8258-b822a259d54c",
    "data": [
      {
        "text": "screen has frozen",
        "userDefined": false
      }
    ],
    "isTemplate": false,
    "count": 0,
    "updated": 0
  },
  {
    "id": "9d9e1399-4e3a-48cf-8388-c44a03d3d349",
    "data": [
      {
        "text": "screen is frozen",
        "userDefined": false
      }
    ],
    "isTemplate": false,
    "count": 0,
    "updated": 0
  },
  {
    "id": "e6aec7f9-53f9-4038-a551-04dcc498ba58",
    "data": [
      {
        "text": "image is frozen",
        "userDefined": false
      }
    ],
    "isTemplate": false,
    "count": 0,
    "updated": 0
  },
  {
    "id": "c74e417b-1ab2-40c1-8c9e-3659a10f672e",
    "data": [
      {
        "text": "picture is frozen",
        "userDefined": false
      }
    ],
    "isTemplate": false,
    "count": 0,
    "updated": 0
  },
  {
    "id": "3724506e-63eb-44b5-8b60-ac15d98fdc5c",
    "data": [
      {
        "text": "the screen has frozen",
        "userDefined": false
      }
    ],
    "isTemplate": false,
    "count": 0,
    "updated": 0
  },
  {
    "id": "6c3a2161-86a2-46d0-b6ec-bdbb24314eac",
    "data": [
      {
        "text": "the screen is freezing",
        "userDefined": false
      }
    ],
    "isTemplate": false,
    "count": 0,
    "updated": 0
  },
  {
    "id": "a904f37a-4a8f-41a7-9434-ad35746738f9",
    "data": [
      {
        "text": "the screen is frozen",
        "userDefined": false
      }
    ],
    "isTemplate": false,
    "count": 0,
    "updated": 0
  },
  {
    "id": "b86ce665-2a0e-49ec-9891-42742a6bb0d0",
    "data": [
      {
        "text": "the picture is freezing",
        "userDefined": false
      }
    ],
    "isTemplate": false,
    "count": 0,
    "updated": 0
  },
  {
    "id": "cca1cfde-c66d-47c9-9fca-5c1a2acc9b59",
    "data": [
      {
        "text": "the picture has frozen",
        "userDefined": false
      }
    ],
    "isTemplate": false,
    "count": 0,
    "updated": 0
  },
  {
    "id": "a4e5b448-aa31-4f03-8bff-3729785b3349",
    "data": [
      {
        "text": "the image is freezing",
        "userDefined": false
      }
    ],
    "isTemplate": false,
    "count": 0,
    "updated": 0
  },
  {
    "id": "9ba642e2-620b-4608-98bd-8caaea4ba47d",
    "data": [
      {
        "text": "the image has frozen",
        "userDefined": false
      }
    ],
    "isTemplate": false,
    "count": 0,
    "updated": 0
  }
]