[
  {
    "id": "dc05e61f-9650-413d-bd4d-e21f10a23a78",
    "data": [
      {
        "text": "i still have the same message",
        "userDefined": false
      }
    ],
    "isTemplate": false,
    "count": 0,
    "updated": 0
  },
  {
    "id": "d730b09b-bfbd-45a3-8649-4c26aeee3e22",
    "data": [
      {
        "text": "the message did not change",
        "userDefined": false
      }
    ],
    "isTemplate": false,
    "count": 0,
    "updated": 0
  },
  {
    "id": "4ecd7ed9-6ffd-4c34-b120-a80c4d757cb5",
    "data": [
      {
        "text": "the message is the same",
        "userDefined": false
      }
    ],
    "isTemplate": false,
    "count": 0,
    "updated": 0
  },
  {
    "id": "9296858d-7ef1-4d5e-a5f8-e19454425249",
    "data": [
      {
        "text": "the message is still the same",
        "userDefined": false
      }
    ],
    "isTemplate": false,
    "count": 0,
    "updated": 0
  },
  {
    "id": "22cfa6b0-e6b9-4973-86a9-9fb73545e557",
    "data": [
      {
        "text": "the message has not changed",
        "userDefined": false
      }
    ],
    "isTemplate": false,
    "count": 0,
    "updated": 0
  },
  {
    "id": "fefc71fc-598d-43e3-a6ec-fe80d64414ea",
    "data": [
      {
        "text": "not working",
        "userDefined": false
      }
    ],
    "isTemplate": false,
    "count": 0,
    "updated": 0
  },
  {
    "id": "64652ddc-930f-418e-b229-37424646b45e",
    "data": [
      {
        "text": "not helpful",
        "userDefined": false
      }
    ],
    "isTemplate": false,
    "count": 0,
    "updated": 0
  },
  {
    "id": "5e45e000-5e7a-4639-bd6f-2f18d4a39e89",
    "data": [
      {
        "text": "no help",
        "userDefined": false
      }
    ],
    "isTemplate": false,
    "count": 0,
    "updated": 0
  },
  {
    "id": "0f3fa665-9baa-4fc0-8908-a2752bd7d1a8",
    "data": [
      {
        "text": "did not fix the issue",
        "userDefined": false
      }
    ],
    "isTemplate": false,
    "count": 0,
    "updated": 0
  },
  {
    "id": "ba353ab7-2854-4e64-90dd-7ecc5df32cdd",
    "data": [
      {
        "text": "did not solve the issue",
        "userDefined": false
      }
    ],
    "isTemplate": false,
    "count": 0,
    "updated": 0
  },
  {
    "id": "bc489541-724d-4320-ad0d-58118070d8b6",
    "data": [
      {
        "text": "did not fix the problem",
        "userDefined": false
      }
    ],
    "isTemplate": false,
    "count": 0,
    "updated": 0
  },
  {
    "id": "fe625792-f6f2-4ffa-98a3-3ae70c5b355a",
    "data": [
      {
        "text": "did not solve the problem",
        "userDefined": false
      }
    ],
    "isTemplate": false,
    "count": 0,
    "updated": 0
  },
  {
    "id": "102a8a2c-3b05-4d94-b12f-c875571f1acb",
    "data": [
      {
        "text": "would not work",
        "userDefined": false
      }
    ],
    "isTemplate": false,
    "count": 0,
    "updated": 0
  },
  {
    "id": "d60c5b42-311c-48a5-aecb-62b206c3cfbc",
    "data": [
      {
        "text": "wouldn\u0027t work",
        "userDefined": false
      }
    ],
    "isTemplate": false,
    "count": 0,
    "updated": 0
  },
  {
    "id": "0e37b34e-098e-44f0-a765-906c416d15a6",
    "data": [
      {
        "text": "the issue is not resolved",
        "userDefined": false
      }
    ],
    "isTemplate": false,
    "count": 0,
    "updated": 0
  },
  {
    "id": "ca7c49a5-7978-4b6a-8031-dd4041774002",
    "data": [
      {
        "text": "the issue is not fixed",
        "userDefined": false
      }
    ],
    "isTemplate": false,
    "count": 0,
    "updated": 0
  },
  {
    "id": "d6d5f762-6429-4fee-b365-b7ab2ab8ca0d",
    "data": [
      {
        "text": "solution didn\u0027t work",
        "userDefined": false
      }
    ],
    "isTemplate": false,
    "count": 0,
    "updated": 0
  },
  {
    "id": "dc1e4893-7d61-423b-b087-f74ea00a8ce0",
    "data": [
      {
        "text": "solution did not work",
        "userDefined": false
      }
    ],
    "isTemplate": false,
    "count": 0,
    "updated": 0
  },
  {
    "id": "79af1be5-d548-49e3-ac5d-07eacd8c0c21",
    "data": [
      {
        "text": "was not a solution",
        "userDefined": false
      }
    ],
    "isTemplate": false,
    "count": 0,
    "updated": 0
  },
  {
    "id": "a4957705-8437-44aa-971a-a20df3c55d18",
    "data": [
      {
        "text": "didn\u0027t help",
        "userDefined": false
      }
    ],
    "isTemplate": false,
    "count": 0,
    "updated": 0
  },
  {
    "id": "a3a3d010-2d80-419a-bd7c-c4be0a269d9d",
    "data": [
      {
        "text": "did not help",
        "userDefined": false
      }
    ],
    "isTemplate": false,
    "count": 0,
    "updated": 0
  },
  {
    "id": "7bcafb81-31c0-4eaf-aa9f-ab5cf0f91f86",
    "data": [
      {
        "text": "was no help",
        "userDefined": false
      }
    ],
    "isTemplate": false,
    "count": 0,
    "updated": 0
  },
  {
    "id": "69c3ff0d-7af3-4d21-ad1e-7848bd4de4e3",
    "data": [
      {
        "text": "there is no television signal",
        "userDefined": false
      }
    ],
    "isTemplate": false,
    "count": 0,
    "updated": 0
  },
  {
    "id": "3aa44b48-7756-4d3b-a804-13bfded81c30",
    "data": [
      {
        "text": "there is no signal to the tv",
        "userDefined": false
      }
    ],
    "isTemplate": false,
    "count": 0,
    "updated": 0
  },
  {
    "id": "29e2a7d3-f85a-4255-917b-904b1b0a998c",
    "data": [
      {
        "text": "there is no signal to the television",
        "userDefined": false
      }
    ],
    "isTemplate": false,
    "count": 0,
    "updated": 0
  },
  {
    "id": "e4fbed3f-ae19-46f2-ac35-f99f8ecea333",
    "data": [
      {
        "text": "did not work",
        "userDefined": false
      }
    ],
    "isTemplate": false,
    "count": 0,
    "updated": 0
  },
  {
    "id": "38a2bb90-a543-4361-9147-4d107210ae11",
    "data": [
      {
        "text": "it didn\u0027t work",
        "userDefined": false
      }
    ],
    "isTemplate": false,
    "count": 0,
    "updated": 0
  },
  {
    "id": "dcc3c1d4-d60f-4b11-a392-d3b5c05889c0",
    "data": [
      {
        "text": "there is no tv signal",
        "userDefined": false
      }
    ],
    "isTemplate": false,
    "count": 0,
    "updated": 0
  },
  {
    "id": "200186f9-14ac-4d6d-85ec-76e455318801",
    "data": [
      {
        "text": "No there is no tv signal",
        "userDefined": false
      }
    ],
    "isTemplate": false,
    "count": 0,
    "updated": 0
  },
  {
    "id": "11c57ec2-9b45-4e2c-8ce1-eec4039b6668",
    "data": [
      {
        "text": "no I have no tv signal",
        "userDefined": false
      }
    ],
    "isTemplate": false,
    "count": 0,
    "updated": 0
  },
  {
    "id": "a468a598-4570-4d5c-b9a1-620f2c2d3ac0",
    "data": [
      {
        "text": "no I still don\u0027t have a tv signal",
        "userDefined": false
      }
    ],
    "isTemplate": false,
    "count": 0,
    "updated": 0
  },
  {
    "id": "6b16e4f2-c97a-4d88-8eb1-5270281f54cc",
    "data": [
      {
        "text": "thanks but no",
        "userDefined": false
      }
    ],
    "isTemplate": false,
    "count": 0,
    "updated": 0
  },
  {
    "id": "70eac478-90dd-4a3b-8ce1-35162d749977",
    "data": [
      {
        "text": "no way",
        "userDefined": false
      }
    ],
    "isTemplate": false,
    "count": 0,
    "updated": 0
  },
  {
    "id": "b52b46d4-81ad-41ee-93e5-4c1e80178e54",
    "data": [
      {
        "text": "no",
        "userDefined": false
      }
    ],
    "isTemplate": false,
    "count": 2,
    "updated": 0
  },
  {
    "id": "5fcb8edc-72c5-41b8-901f-1c1b918cc424",
    "data": [
      {
        "text": "no no don\u0027t",
        "userDefined": false
      }
    ],
    "isTemplate": false,
    "count": 0,
    "updated": 0
  },
  {
    "id": "8df84344-fee2-45d5-afd1-b1f9f4a97cf7",
    "data": [
      {
        "text": "na",
        "userDefined": false
      }
    ],
    "isTemplate": false,
    "count": 0,
    "updated": 0
  },
  {
    "id": "991be9ff-88aa-4b7f-8727-1c320e172065",
    "data": [
      {
        "text": "no it isn\u0027t",
        "userDefined": false
      }
    ],
    "isTemplate": false,
    "count": 1,
    "updated": 0
  },
  {
    "id": "f8863a67-cc8d-4779-ba89-69dbcd37c0f1",
    "data": [
      {
        "text": "don\u0027t",
        "userDefined": false
      }
    ],
    "isTemplate": false,
    "count": 0,
    "updated": 0
  },
  {
    "id": "6463d7c1-ec12-497e-a7a5-f5b440c9aa4c",
    "data": [
      {
        "text": "nah I\u0027m good",
        "userDefined": false
      }
    ],
    "isTemplate": false,
    "count": 1,
    "updated": 0
  },
  {
    "id": "e5cb8b7c-1a39-4a7d-ba0a-4bfd34db2539",
    "data": [
      {
        "text": "no I cannot",
        "userDefined": false
      }
    ],
    "isTemplate": false,
    "count": 1,
    "updated": 0
  },
  {
    "id": "d00dff8c-8993-4361-bf89-06ca08ba749c",
    "data": [
      {
        "text": "I can\u0027t",
        "userDefined": false
      }
    ],
    "isTemplate": false,
    "count": 0,
    "updated": 0
  },
  {
    "id": "87cf308d-f1f1-4462-846d-6612d8a20f6d",
    "data": [
      {
        "text": "nothing",
        "userDefined": false
      }
    ],
    "isTemplate": false,
    "count": 0,
    "updated": 0
  },
  {
    "id": "7f6df5d7-4041-47aa-889e-a370d5125d35",
    "data": [
      {
        "text": "no that\u0027s okay",
        "userDefined": false
      }
    ],
    "isTemplate": false,
    "count": 0,
    "updated": 0
  },
  {
    "id": "f5f6939c-4314-44d6-8d6d-43b2d18efe25",
    "data": [
      {
        "text": "no not really",
        "userDefined": false
      }
    ],
    "isTemplate": false,
    "count": 0,
    "updated": 0
  },
  {
    "id": "34fc7c0c-d439-4581-8092-76c108e07649",
    "data": [
      {
        "text": "nope not really",
        "userDefined": false
      }
    ],
    "isTemplate": false,
    "count": 0,
    "updated": 0
  },
  {
    "id": "783260a2-789f-41ee-97e8-11285fe78b79",
    "data": [
      {
        "text": "nope",
        "userDefined": false
      }
    ],
    "isTemplate": false,
    "count": 1,
    "updated": 0
  },
  {
    "id": "79f56c9d-8c18-45e8-ac5c-2f466258d596",
    "data": [
      {
        "text": "thanks but not this time",
        "userDefined": false
      }
    ],
    "isTemplate": false,
    "count": 1,
    "updated": 0
  },
  {
    "id": "0a0a841d-5bd1-4b48-b3c8-18a168c22898",
    "data": [
      {
        "text": "I don\u0027t think so",
        "userDefined": false
      }
    ],
    "isTemplate": false,
    "count": 1,
    "updated": 0
  },
  {
    "id": "935f5016-edc7-466a-8d2d-88c4e3f68ec7",
    "data": [
      {
        "text": "I disagree",
        "userDefined": false
      }
    ],
    "isTemplate": false,
    "count": 2,
    "updated": 0
  },
  {
    "id": "6f79450d-3ec3-47b3-b0fa-fbbda06a085b",
    "data": [
      {
        "text": "no maybe next time",
        "userDefined": false
      }
    ],
    "isTemplate": false,
    "count": 0,
    "updated": 0
  },
  {
    "id": "f89aba21-6c4e-4851-84e3-1c5ea6a13731",
    "data": [
      {
        "text": "not this time",
        "userDefined": false
      }
    ],
    "isTemplate": false,
    "count": 0,
    "updated": 0
  },
  {
    "id": "59bd85e3-150f-4499-80a2-efc3baf852d4",
    "data": [
      {
        "text": "no don\u0027t",
        "userDefined": false
      }
    ],
    "isTemplate": false,
    "count": 0,
    "updated": 0
  },
  {
    "id": "507b534e-24dc-47fd-a02d-cbbc75a13a89",
    "data": [
      {
        "text": "no we are good",
        "userDefined": false
      }
    ],
    "isTemplate": false,
    "count": 0,
    "updated": 0
  },
  {
    "id": "f16ba467-1e0c-49bd-825b-bff7c3c26114",
    "data": [
      {
        "text": "don\u0027t do it",
        "userDefined": false
      }
    ],
    "isTemplate": false,
    "count": 3,
    "updated": 0
  },
  {
    "id": "13ae87b1-553a-4ae0-ad2d-552260164975",
    "data": [
      {
        "text": "no that\u0027s be all",
        "userDefined": false
      }
    ],
    "isTemplate": false,
    "count": 0,
    "updated": 0
  },
  {
    "id": "91b8b295-537d-4d56-97ec-c026538c9eb7",
    "data": [
      {
        "text": "not right now",
        "userDefined": false
      }
    ],
    "isTemplate": false,
    "count": 0,
    "updated": 0
  },
  {
    "id": "ed7cc4fb-4487-4de4-a8f4-de3f0506cd83",
    "data": [
      {
        "text": "nothing else thanks",
        "userDefined": false
      }
    ],
    "isTemplate": false,
    "count": 0,
    "updated": 0
  },
  {
    "id": "19b6c886-8d2c-4656-a39e-2f65f94232b6",
    "data": [
      {
        "text": "no thanks",
        "userDefined": false
      }
    ],
    "isTemplate": false,
    "count": 0,
    "updated": 0
  },
  {
    "id": "9a8b338a-3204-442b-83ec-99fdc60d442c",
    "data": [
      {
        "text": "no that\u0027s ok",
        "userDefined": false
      }
    ],
    "isTemplate": false,
    "count": 1,
    "updated": 0
  },
  {
    "id": "5a70d244-e0e2-458f-b8de-0b6d397c82a2",
    "data": [
      {
        "text": "I don\u0027t want that",
        "userDefined": false
      }
    ],
    "isTemplate": false,
    "count": 0,
    "updated": 0
  },
  {
    "id": "b22d0e6d-058e-49ba-969c-5db268c7ecef",
    "data": [
      {
        "text": "definitely not",
        "userDefined": false
      }
    ],
    "isTemplate": false,
    "count": 3,
    "updated": 0
  },
  {
    "id": "dce797b4-be09-419c-a981-5ac4209fa5fd",
    "data": [
      {
        "text": "nothing else",
        "userDefined": false
      }
    ],
    "isTemplate": false,
    "count": 1,
    "updated": 0
  },
  {
    "id": "fff516b6-0cf1-464e-b0a9-5f07e04fa230",
    "data": [
      {
        "text": "not",
        "userDefined": false
      }
    ],
    "isTemplate": false,
    "count": 0,
    "updated": 0
  },
  {
    "id": "bc245322-e74f-49cd-a3fb-34cb61b4e6ce",
    "data": [
      {
        "text": "not at all",
        "userDefined": false
      }
    ],
    "isTemplate": false,
    "count": 0,
    "updated": 0
  },
  {
    "id": "18d34b3d-7144-41a1-9684-026d25d5bf44",
    "data": [
      {
        "text": "no never",
        "userDefined": false
      }
    ],
    "isTemplate": false,
    "count": 0,
    "updated": 0
  },
  {
    "id": "5762b34d-f4ea-46e4-8f21-ee241d0015dc",
    "data": [
      {
        "text": "never",
        "userDefined": false
      }
    ],
    "isTemplate": false,
    "count": 0,
    "updated": 0
  },
  {
    "id": "24a71884-aa48-4960-95d1-510035ad82fe",
    "data": [
      {
        "text": "no way no",
        "userDefined": false
      }
    ],
    "isTemplate": false,
    "count": 0,
    "updated": 0
  },
  {
    "id": "eca0ae13-c5e8-46dc-b7ec-457291ce77ab",
    "data": [
      {
        "text": "not really",
        "userDefined": false
      }
    ],
    "isTemplate": false,
    "count": 0,
    "updated": 0
  },
  {
    "id": "2f6d8f96-ca8e-4693-93b6-34a44413f322",
    "data": [
      {
        "text": "nah",
        "userDefined": false
      }
    ],
    "isTemplate": false,
    "count": 2,
    "updated": 0
  },
  {
    "id": "fc6f5557-8cae-46a1-8dce-e3e5c2c1f103",
    "data": [
      {
        "text": "I don\u0027t",
        "userDefined": false
      }
    ],
    "isTemplate": false,
    "count": 0,
    "updated": 0
  },
  {
    "id": "d1f5ab57-d888-4f19-9590-dec748cce394",
    "data": [
      {
        "text": "I don\u0027t want",
        "userDefined": false
      }
    ],
    "isTemplate": false,
    "count": 0,
    "updated": 0
  },
  {
    "id": "f6156e1d-3c64-4144-a654-425ba5797268",
    "data": [
      {
        "text": "not ",
        "userDefined": false
      },
      {
        "text": "today",
        "meta": "@sys.ignore",
        "userDefined": false
      }
    ],
    "isTemplate": false,
    "count": 0,
    "updated": 0
  },
  {
    "id": "a3df7f5b-4c33-49b8-a569-7aaaac744a97",
    "data": [
      {
        "text": "not interested",
        "userDefined": false
      }
    ],
    "isTemplate": false,
    "count": 0,
    "updated": 0
  },
  {
    "id": "c42e3e5f-e5fb-410e-9611-a97437b86b85",
    "data": [
      {
        "text": "no that\u0027s fine thank you",
        "userDefined": false
      }
    ],
    "isTemplate": false,
    "count": 0,
    "updated": 0
  },
  {
    "id": "7cb1e63b-d451-4a81-ade6-dfc6d6eb2ac6",
    "data": [
      {
        "text": "I\u0027m not",
        "userDefined": false
      }
    ],
    "isTemplate": false,
    "count": 3,
    "updated": 0
  }
]