[
  {
    "id": "ad288b68-ab39-4b83-8ad6-911bbd045332",
    "data": [
      {
        "text": "the message has not changed",
        "userDefined": false
      }
    ],
    "isTemplate": false,
    "count": 0,
    "updated": 0
  },
  {
    "id": "7feafc64-275e-4971-b515-3e3bcf18091a",
    "data": [
      {
        "text": "the message is the same",
        "userDefined": false
      }
    ],
    "isTemplate": false,
    "count": 0,
    "updated": 0
  },
  {
    "id": "6aabf644-4b24-4306-b3f8-acb5a58f22da",
    "data": [
      {
        "text": "the message is still the same",
        "userDefined": false
      }
    ],
    "isTemplate": false,
    "count": 0,
    "updated": 0
  },
  {
    "id": "5a3d8567-c9dd-4528-9b75-3256412953e6",
    "data": [
      {
        "text": "the message did not change",
        "userDefined": false
      }
    ],
    "isTemplate": false,
    "count": 0,
    "updated": 0
  },
  {
    "id": "e10f1d9d-c90e-47d3-9ac5-9cbc9be22c0f",
    "data": [
      {
        "text": "i still have the same message",
        "userDefined": false
      }
    ],
    "isTemplate": false,
    "count": 0,
    "updated": 0
  },
  {
    "id": "d1598199-451c-4180-bf8e-8a2948a507f9",
    "data": [
      {
        "text": "still having issues",
        "userDefined": false
      }
    ],
    "isTemplate": false,
    "count": 0,
    "updated": 0
  },
  {
    "id": "8351b7b7-01ba-4a6b-97be-bd54aa765df7",
    "data": [
      {
        "text": "would not fix it",
        "userDefined": false
      }
    ],
    "isTemplate": false,
    "count": 0,
    "updated": 0
  },
  {
    "id": "30932f9e-3f62-4a56-83a9-72b50f0905a7",
    "data": [
      {
        "text": "would not work",
        "userDefined": false
      }
    ],
    "isTemplate": false,
    "count": 0,
    "updated": 0
  },
  {
    "id": "8fd93b76-946d-4da0-978c-fa32ccc43c2e",
    "data": [
      {
        "text": "did not help",
        "userDefined": false
      }
    ],
    "isTemplate": false,
    "count": 0,
    "updated": 0
  },
  {
    "id": "cf044033-3662-4771-9af8-1ed22abd6f1e",
    "data": [
      {
        "text": "wouldn\u0027t work",
        "userDefined": false
      }
    ],
    "isTemplate": false,
    "count": 0,
    "updated": 0
  },
  {
    "id": "0fed9e4b-f05a-4011-b95b-dfbbe03bf8bd",
    "data": [
      {
        "text": "this was not helpful",
        "userDefined": false
      }
    ],
    "isTemplate": false,
    "count": 0,
    "updated": 0
  },
  {
    "id": "31c2d4ca-f243-4aa6-9927-d48ebf3dc5dc",
    "data": [
      {
        "text": "the issue is not fixed",
        "userDefined": false
      }
    ],
    "isTemplate": false,
    "count": 0,
    "updated": 0
  },
  {
    "id": "1b8c0a90-9e7e-46f3-ba0e-66cea83300e4",
    "data": [
      {
        "text": "the cable still has standby",
        "userDefined": false
      }
    ],
    "isTemplate": false,
    "count": 0,
    "updated": 0
  },
  {
    "id": "82e39b97-6faf-4bc6-a6dd-4e6b7a03206a",
    "data": [
      {
        "text": "the cable is saying standby",
        "userDefined": false
      }
    ],
    "isTemplate": false,
    "count": 0,
    "updated": 0
  },
  {
    "id": "04d22ffd-c5ec-4936-b168-679d5b5f18a3",
    "data": [
      {
        "text": "the cable is saying standby still",
        "userDefined": false
      }
    ],
    "isTemplate": false,
    "count": 0,
    "updated": 0
  },
  {
    "id": "b95f6502-c02a-40f7-9283-e0ad9c77140a",
    "data": [
      {
        "text": "the cable still says standby",
        "userDefined": false
      }
    ],
    "isTemplate": false,
    "count": 0,
    "updated": 0
  },
  {
    "id": "60058281-18ef-426d-823a-44b9d4bc7728",
    "data": [
      {
        "text": "issue is not resolved",
        "userDefined": false
      }
    ],
    "isTemplate": false,
    "count": 0,
    "updated": 0
  },
  {
    "id": "4f2b513e-7802-4198-8519-d8a63b0c8158",
    "data": [
      {
        "text": "solution was bad",
        "userDefined": false
      }
    ],
    "isTemplate": false,
    "count": 0,
    "updated": 0
  },
  {
    "id": "c03edfaa-42af-49fa-bc72-6ee69a6b17c1",
    "data": [
      {
        "text": "solution was not helpful",
        "userDefined": false
      }
    ],
    "isTemplate": false,
    "count": 0,
    "updated": 0
  },
  {
    "id": "18b3f52b-38a9-439c-8d84-decbadc342fd",
    "data": [
      {
        "text": "solution did not work",
        "userDefined": false
      }
    ],
    "isTemplate": false,
    "count": 0,
    "updated": 0
  },
  {
    "id": "0535ab14-64c7-4471-8e49-d1829693b886",
    "data": [
      {
        "text": "did not fix",
        "userDefined": false
      }
    ],
    "isTemplate": false,
    "count": 0,
    "updated": 0
  },
  {
    "id": "fd26b5c0-358f-4951-95ca-65fb1e63a74f",
    "data": [
      {
        "text": "did not fix the issue",
        "userDefined": false
      }
    ],
    "isTemplate": false,
    "count": 0,
    "updated": 0
  },
  {
    "id": "7cd53d32-1894-44c5-94ec-7ed826096c41",
    "data": [
      {
        "text": "did not solve it",
        "userDefined": false
      }
    ],
    "isTemplate": false,
    "count": 0,
    "updated": 0
  },
  {
    "id": "c2cf8de1-acd5-4b92-a296-91b3f231dbb2",
    "data": [
      {
        "text": "did not solve issue",
        "userDefined": false
      }
    ],
    "isTemplate": false,
    "count": 0,
    "updated": 0
  },
  {
    "id": "ebcee294-4b1f-4a43-9d14-091e0bbb22e7",
    "data": [
      {
        "text": "wasn\u0027t helpful",
        "userDefined": false
      }
    ],
    "isTemplate": false,
    "count": 1,
    "updated": 0
  },
  {
    "id": "0433d784-e1c1-4120-ab62-2898f56761c6",
    "data": [
      {
        "text": "was not helpful",
        "userDefined": false
      }
    ],
    "isTemplate": false,
    "count": 0,
    "updated": 0
  },
  {
    "id": "c7f3379f-e64e-4899-9358-32b66e407455",
    "data": [
      {
        "text": "didn\u0027t work",
        "userDefined": false
      }
    ],
    "isTemplate": false,
    "count": 0,
    "updated": 0
  },
  {
    "id": "1935c853-65d8-4458-9f1b-b4e92ceb4333",
    "data": [
      {
        "text": "did not work",
        "userDefined": false
      }
    ],
    "isTemplate": false,
    "count": 0,
    "updated": 0
  },
  {
    "id": "130116ee-532c-436c-9168-9f4dc156fac7",
    "data": [
      {
        "text": "no the message is standby",
        "userDefined": false
      }
    ],
    "isTemplate": false,
    "count": 0,
    "updated": 0
  },
  {
    "id": "120c19ae-eb72-419a-804e-058b81e0e944",
    "data": [
      {
        "text": "no the message has not changed",
        "userDefined": false
      }
    ],
    "isTemplate": false,
    "count": 0,
    "updated": 0
  },
  {
    "id": "517a8d1c-c084-4869-816c-67f247c2417e",
    "data": [
      {
        "text": "no the lights are still off",
        "userDefined": false
      }
    ],
    "isTemplate": false,
    "count": 0,
    "updated": 0
  },
  {
    "id": "467a1dd5-fac1-4905-82a4-5688b679cc51",
    "data": [
      {
        "text": "no the lights are still not on",
        "userDefined": false
      }
    ],
    "isTemplate": false,
    "count": 0,
    "updated": 0
  },
  {
    "id": "52f20cd1-fb6e-4410-8ff2-1393f25f1fa2",
    "data": [
      {
        "text": "no I get the same message",
        "userDefined": false
      }
    ],
    "isTemplate": false,
    "count": 0,
    "updated": 0
  },
  {
    "id": "1e24d0e6-83a2-4fa9-8306-840b7c54001c",
    "data": [
      {
        "text": "no it does not work",
        "userDefined": false
      }
    ],
    "isTemplate": false,
    "count": 0,
    "updated": 0
  },
  {
    "id": "0554ab1b-e1cb-4a00-be93-4a331c3b7db0",
    "data": [
      {
        "text": "no it didn\u0027t work",
        "userDefined": false
      }
    ],
    "isTemplate": false,
    "count": 0,
    "updated": 0
  },
  {
    "id": "95e1df89-2412-430b-8055-d715070106d8",
    "data": [
      {
        "text": "thanks but no",
        "userDefined": false
      }
    ],
    "isTemplate": false,
    "count": 0,
    "updated": 0
  },
  {
    "id": "6c0830dc-a158-4f7b-8c59-aa6f55f01761",
    "data": [
      {
        "text": "no way",
        "userDefined": false
      }
    ],
    "isTemplate": false,
    "count": 0,
    "updated": 0
  },
  {
    "id": "2278e0f8-98e4-4b04-9614-e3d7c1744c52",
    "data": [
      {
        "text": "no",
        "userDefined": false
      }
    ],
    "isTemplate": false,
    "count": 2,
    "updated": 0
  },
  {
    "id": "14326c6e-cca3-4b3e-8a13-ccb4611f910c",
    "data": [
      {
        "text": "no no don\u0027t",
        "userDefined": false
      }
    ],
    "isTemplate": false,
    "count": 0,
    "updated": 0
  },
  {
    "id": "57bf56d3-3cf6-4958-96a6-e7bce3727e72",
    "data": [
      {
        "text": "na",
        "userDefined": false
      }
    ],
    "isTemplate": false,
    "count": 0,
    "updated": 0
  },
  {
    "id": "9c394d83-1d98-4444-a9cf-c98c526a909b",
    "data": [
      {
        "text": "no it isn\u0027t",
        "userDefined": false
      }
    ],
    "isTemplate": false,
    "count": 1,
    "updated": 0
  },
  {
    "id": "1183f3b5-b987-4bc3-bf36-72231a29e0d4",
    "data": [
      {
        "text": "don\u0027t",
        "userDefined": false
      }
    ],
    "isTemplate": false,
    "count": 0,
    "updated": 0
  },
  {
    "id": "e3862355-012f-468a-a01d-12cdfcd5ed60",
    "data": [
      {
        "text": "nah I\u0027m good",
        "userDefined": false
      }
    ],
    "isTemplate": false,
    "count": 1,
    "updated": 0
  },
  {
    "id": "a9c177e1-a818-43ce-98de-86f027193f59",
    "data": [
      {
        "text": "no I cannot",
        "userDefined": false
      }
    ],
    "isTemplate": false,
    "count": 1,
    "updated": 0
  },
  {
    "id": "e1a89dfb-79b6-4fe0-b125-0ca552a008b5",
    "data": [
      {
        "text": "I can\u0027t",
        "userDefined": false
      }
    ],
    "isTemplate": false,
    "count": 0,
    "updated": 0
  },
  {
    "id": "8257360d-f4e3-49a4-9628-88c1a1abac07",
    "data": [
      {
        "text": "nothing",
        "userDefined": false
      }
    ],
    "isTemplate": false,
    "count": 0,
    "updated": 0
  },
  {
    "id": "6bbe5ef9-093b-45d7-8e4d-d3af41477d6c",
    "data": [
      {
        "text": "no that\u0027s okay",
        "userDefined": false
      }
    ],
    "isTemplate": false,
    "count": 0,
    "updated": 0
  },
  {
    "id": "3e0755d7-6d8a-4025-af12-e329c5ec897a",
    "data": [
      {
        "text": "no not really",
        "userDefined": false
      }
    ],
    "isTemplate": false,
    "count": 0,
    "updated": 0
  },
  {
    "id": "3c3bc76b-7ccb-4aa3-8824-13127d597254",
    "data": [
      {
        "text": "nope not really",
        "userDefined": false
      }
    ],
    "isTemplate": false,
    "count": 0,
    "updated": 0
  },
  {
    "id": "3747e98e-67ca-46a9-8fe0-9a1e3017f681",
    "data": [
      {
        "text": "nope",
        "userDefined": false
      }
    ],
    "isTemplate": false,
    "count": 1,
    "updated": 0
  },
  {
    "id": "5c59c7f0-f06a-4a20-9c13-add3c2ac9af7",
    "data": [
      {
        "text": "thanks but not this time",
        "userDefined": false
      }
    ],
    "isTemplate": false,
    "count": 1,
    "updated": 0
  },
  {
    "id": "24c5221b-17ca-45ec-90f9-04372c07d25b",
    "data": [
      {
        "text": "I don\u0027t think so",
        "userDefined": false
      }
    ],
    "isTemplate": false,
    "count": 1,
    "updated": 0
  },
  {
    "id": "0408551d-e771-4e8f-a357-35dad3f22c19",
    "data": [
      {
        "text": "I disagree",
        "userDefined": false
      }
    ],
    "isTemplate": false,
    "count": 2,
    "updated": 0
  },
  {
    "id": "5d43f855-4e22-4bb3-9406-3d3222b98ab9",
    "data": [
      {
        "text": "no maybe next time",
        "userDefined": false
      }
    ],
    "isTemplate": false,
    "count": 0,
    "updated": 0
  },
  {
    "id": "84cef48f-5a14-4dcb-a025-7f3a6973b4a9",
    "data": [
      {
        "text": "not this time",
        "userDefined": false
      }
    ],
    "isTemplate": false,
    "count": 0,
    "updated": 0
  },
  {
    "id": "b9fee062-0f69-4595-b031-348ba5fe7dec",
    "data": [
      {
        "text": "no don\u0027t",
        "userDefined": false
      }
    ],
    "isTemplate": false,
    "count": 0,
    "updated": 0
  },
  {
    "id": "43b1811b-70ee-4020-9048-7dccf5700b40",
    "data": [
      {
        "text": "no we are good",
        "userDefined": false
      }
    ],
    "isTemplate": false,
    "count": 0,
    "updated": 0
  },
  {
    "id": "b848d790-8dca-45e6-8386-b4e2cff4a8e5",
    "data": [
      {
        "text": "don\u0027t do it",
        "userDefined": false
      }
    ],
    "isTemplate": false,
    "count": 3,
    "updated": 0
  },
  {
    "id": "779e10e9-00ce-404c-abe3-b86f3cccad32",
    "data": [
      {
        "text": "no that\u0027s be all",
        "userDefined": false
      }
    ],
    "isTemplate": false,
    "count": 0,
    "updated": 0
  },
  {
    "id": "2eefef54-e316-436d-9734-a3236c4a43e4",
    "data": [
      {
        "text": "not right now",
        "userDefined": false
      }
    ],
    "isTemplate": false,
    "count": 0,
    "updated": 0
  },
  {
    "id": "4507c659-016e-43d4-9f84-cc652b96c142",
    "data": [
      {
        "text": "nothing else thanks",
        "userDefined": false
      }
    ],
    "isTemplate": false,
    "count": 0,
    "updated": 0
  },
  {
    "id": "ec11c97f-55e2-45a4-8f35-9ab5471b6ffe",
    "data": [
      {
        "text": "no thanks",
        "userDefined": false
      }
    ],
    "isTemplate": false,
    "count": 0,
    "updated": 0
  },
  {
    "id": "85f462c5-e90a-434d-955a-ecee1deafb2b",
    "data": [
      {
        "text": "no that\u0027s ok",
        "userDefined": false
      }
    ],
    "isTemplate": false,
    "count": 1,
    "updated": 0
  },
  {
    "id": "7046ef2c-9cec-44ef-944b-e3f5041c0d7c",
    "data": [
      {
        "text": "I don\u0027t want that",
        "userDefined": false
      }
    ],
    "isTemplate": false,
    "count": 0,
    "updated": 0
  },
  {
    "id": "0c9f1619-ac49-454d-8838-0af9e69b3367",
    "data": [
      {
        "text": "definitely not",
        "userDefined": false
      }
    ],
    "isTemplate": false,
    "count": 3,
    "updated": 0
  },
  {
    "id": "ff9bdcdd-da62-466c-8a5e-519dd50bdf12",
    "data": [
      {
        "text": "nothing else",
        "userDefined": false
      }
    ],
    "isTemplate": false,
    "count": 1,
    "updated": 0
  },
  {
    "id": "f8f0cece-7798-4900-9d71-0ec4e3450cef",
    "data": [
      {
        "text": "not",
        "userDefined": false
      }
    ],
    "isTemplate": false,
    "count": 0,
    "updated": 0
  },
  {
    "id": "5ad0fe6b-a084-4131-847c-fa447bff6a50",
    "data": [
      {
        "text": "not at all",
        "userDefined": false
      }
    ],
    "isTemplate": false,
    "count": 0,
    "updated": 0
  },
  {
    "id": "d939ba21-5442-456a-b541-7c9e3128220f",
    "data": [
      {
        "text": "no never",
        "userDefined": false
      }
    ],
    "isTemplate": false,
    "count": 0,
    "updated": 0
  },
  {
    "id": "15ef1ab8-c0af-41eb-b7e9-b96410bfeb35",
    "data": [
      {
        "text": "never",
        "userDefined": false
      }
    ],
    "isTemplate": false,
    "count": 0,
    "updated": 0
  },
  {
    "id": "31973cdb-ad4d-4783-a732-49c3da93e43e",
    "data": [
      {
        "text": "no way no",
        "userDefined": false
      }
    ],
    "isTemplate": false,
    "count": 0,
    "updated": 0
  },
  {
    "id": "1f4442a5-75e5-4136-8335-cac2e0cf753d",
    "data": [
      {
        "text": "not really",
        "userDefined": false
      }
    ],
    "isTemplate": false,
    "count": 0,
    "updated": 0
  },
  {
    "id": "f5f422ca-ad8a-4e88-9f6a-bacc4d6916fa",
    "data": [
      {
        "text": "nah",
        "userDefined": false
      }
    ],
    "isTemplate": false,
    "count": 2,
    "updated": 0
  },
  {
    "id": "496aa124-07af-40cc-87ef-00aa4e323e40",
    "data": [
      {
        "text": "I don\u0027t",
        "userDefined": false
      }
    ],
    "isTemplate": false,
    "count": 0,
    "updated": 0
  },
  {
    "id": "8e940535-8eea-4bed-a627-99fd20c382d1",
    "data": [
      {
        "text": "I don\u0027t want",
        "userDefined": false
      }
    ],
    "isTemplate": false,
    "count": 0,
    "updated": 0
  },
  {
    "id": "c5b8b58a-4418-43d4-8999-1d368fc2bcd3",
    "data": [
      {
        "text": "not ",
        "userDefined": false
      },
      {
        "text": "today",
        "meta": "@sys.ignore",
        "userDefined": false
      }
    ],
    "isTemplate": false,
    "count": 0,
    "updated": 0
  },
  {
    "id": "8c491af6-1eff-4da3-8276-bef1496b0a17",
    "data": [
      {
        "text": "not interested",
        "userDefined": false
      }
    ],
    "isTemplate": false,
    "count": 0,
    "updated": 0
  },
  {
    "id": "2aebf594-f604-4179-b9a0-73dd7b8b1817",
    "data": [
      {
        "text": "no that\u0027s fine thank you",
        "userDefined": false
      }
    ],
    "isTemplate": false,
    "count": 0,
    "updated": 0
  },
  {
    "id": "dbb4d677-2f4f-4a2b-b4d7-57f5dd7223e1",
    "data": [
      {
        "text": "I\u0027m not",
        "userDefined": false
      }
    ],
    "isTemplate": false,
    "count": 3,
    "updated": 0
  }
]