[
  {
    "id": "c05379e8-1450-42de-8df8-7fc3e2fa7666",
    "data": [
      {
        "text": "it is freezing",
        "userDefined": false
      }
    ],
    "isTemplate": false,
    "count": 0,
    "updated": 0
  },
  {
    "id": "bad2978d-d018-496b-ba17-a726d7769bdc",
    "data": [
      {
        "text": "it is frozen",
        "userDefined": false
      }
    ],
    "isTemplate": false,
    "count": 0,
    "updated": 0
  },
  {
    "id": "a8572eeb-b4b7-4db5-af08-85bc9417b499",
    "data": [
      {
        "text": "screen is frozen",
        "userDefined": false
      }
    ],
    "isTemplate": false,
    "count": 0,
    "updated": 0
  },
  {
    "id": "799ee703-7ce0-4d97-90b9-ffc50a268bd5",
    "data": [
      {
        "text": "image is frozen",
        "userDefined": false
      }
    ],
    "isTemplate": false,
    "count": 0,
    "updated": 0
  },
  {
    "id": "82edae67-ee48-435e-b01b-63b1cc3c52c6",
    "data": [
      {
        "text": "pic is frozen",
        "userDefined": false
      }
    ],
    "isTemplate": false,
    "count": 0,
    "updated": 0
  },
  {
    "id": "cc60a524-9283-4ea3-ad3d-b8c3aab0a8d1",
    "data": [
      {
        "text": "the screen won\u0027t move",
        "userDefined": false
      }
    ],
    "isTemplate": false,
    "count": 0,
    "updated": 0
  },
  {
    "id": "b60c70a1-306c-4ea4-947d-03404bde9e81",
    "data": [
      {
        "text": "the image hasn\u0027t changed",
        "userDefined": false
      }
    ],
    "isTemplate": false,
    "count": 0,
    "updated": 0
  },
  {
    "id": "0a2cff2c-940c-40b0-a7e8-22ad3608c643",
    "data": [
      {
        "text": "the image has not moved",
        "userDefined": false
      }
    ],
    "isTemplate": false,
    "count": 0,
    "updated": 0
  },
  {
    "id": "6c92bcf6-00af-47db-96ac-e7516da3797c",
    "data": [
      {
        "text": "the cable tv is freezing",
        "userDefined": false
      }
    ],
    "isTemplate": false,
    "count": 0,
    "updated": 0
  },
  {
    "id": "d9f6bf88-f768-45eb-a5c1-f7ba2d40d529",
    "data": [
      {
        "text": "the cable is freezing",
        "userDefined": false
      }
    ],
    "isTemplate": false,
    "count": 0,
    "updated": 0
  },
  {
    "id": "36711118-d18f-4a88-81eb-6738eea5a4fa",
    "data": [
      {
        "text": "the tv is still freezing",
        "userDefined": false
      }
    ],
    "isTemplate": false,
    "count": 0,
    "updated": 0
  },
  {
    "id": "9050d162-e36e-46d6-a7e4-5f75b3f2796b",
    "data": [
      {
        "text": "the tv screen is frozen",
        "userDefined": false
      }
    ],
    "isTemplate": false,
    "count": 0,
    "updated": 0
  },
  {
    "id": "3278ba11-ff0b-4c80-a22b-e9970ac2bac4",
    "data": [
      {
        "text": "the tv is frozen",
        "userDefined": false
      }
    ],
    "isTemplate": false,
    "count": 0,
    "updated": 0
  },
  {
    "id": "dbcce7f5-28dd-491a-a380-82a6723564a5",
    "data": [
      {
        "text": "the image is frozen",
        "userDefined": false
      }
    ],
    "isTemplate": false,
    "count": 0,
    "updated": 0
  },
  {
    "id": "7e86d560-b1d2-482a-8223-7411735ed9d2",
    "data": [
      {
        "text": "the screen is frozen",
        "userDefined": false
      }
    ],
    "isTemplate": false,
    "count": 0,
    "updated": 0
  },
  {
    "id": "81d1c1d0-4f07-497d-8822-946fea8366fe",
    "data": [
      {
        "text": "it still frozen",
        "userDefined": false
      }
    ],
    "isTemplate": false,
    "count": 1,
    "updated": 0
  },
  {
    "id": "11e62204-49b3-4aac-89d0-5b89960c64ed",
    "data": [
      {
        "text": "would not work",
        "userDefined": false
      }
    ],
    "isTemplate": false,
    "count": 0,
    "updated": 0
  },
  {
    "id": "3e1eaf7e-b04b-4a72-848b-e8bf405640c1",
    "data": [
      {
        "text": "wouldn\u0027t work",
        "userDefined": false
      }
    ],
    "isTemplate": false,
    "count": 0,
    "updated": 0
  },
  {
    "id": "918eaaec-17cd-4a4c-9dc6-9a22b79a2421",
    "data": [
      {
        "text": "didn\u0027t solve",
        "userDefined": false
      }
    ],
    "isTemplate": false,
    "count": 0,
    "updated": 0
  },
  {
    "id": "d943f6f0-3c72-437b-ba13-6ab186c035f7",
    "data": [
      {
        "text": "didn\u0027t fix",
        "userDefined": false
      }
    ],
    "isTemplate": false,
    "count": 0,
    "updated": 0
  },
  {
    "id": "a510ab64-961b-4c2f-9265-f9ebabc3a346",
    "data": [
      {
        "text": "the issue is not fixed",
        "userDefined": false
      }
    ],
    "isTemplate": false,
    "count": 0,
    "updated": 0
  },
  {
    "id": "f9a1e636-c3ca-44c7-b668-20065c90df0e",
    "data": [
      {
        "text": "didn\u0027t fix the problem",
        "userDefined": false
      }
    ],
    "isTemplate": false,
    "count": 0,
    "updated": 0
  },
  {
    "id": "ffa70051-f1e9-4474-84d5-9ccf506f44d3",
    "data": [
      {
        "text": "didn\u0027t solve the problem",
        "userDefined": false
      }
    ],
    "isTemplate": false,
    "count": 0,
    "updated": 0
  },
  {
    "id": "6877479f-c65e-4f17-8c90-7a2ef8ba9782",
    "data": [
      {
        "text": "did not fix the problem",
        "userDefined": false
      }
    ],
    "isTemplate": false,
    "count": 0,
    "updated": 0
  },
  {
    "id": "a63800ec-095a-46bc-9087-bb1d7c713894",
    "data": [
      {
        "text": "did not solve the problem",
        "userDefined": false
      }
    ],
    "isTemplate": false,
    "count": 0,
    "updated": 0
  },
  {
    "id": "03537dff-7e48-430e-9a58-7647c79b1633",
    "data": [
      {
        "text": "the issue if not resolved",
        "userDefined": false
      }
    ],
    "isTemplate": false,
    "count": 1,
    "updated": 0
  },
  {
    "id": "63fbb7e4-d9f1-4efa-a191-11d4761ff1da",
    "data": [
      {
        "text": "not helpful",
        "userDefined": false
      }
    ],
    "isTemplate": false,
    "count": 0,
    "updated": 0
  },
  {
    "id": "5c0ec4ed-3a7d-4f18-ab3d-43fc9c798a7a",
    "data": [
      {
        "text": "no help",
        "userDefined": false
      }
    ],
    "isTemplate": false,
    "count": 0,
    "updated": 0
  },
  {
    "id": "b353020c-e07f-4e96-bb4c-24e492b7818d",
    "data": [
      {
        "text": "solution didn\u0027t work",
        "userDefined": false
      }
    ],
    "isTemplate": false,
    "count": 0,
    "updated": 0
  },
  {
    "id": "e1a492e2-1dbe-40a5-b4d3-6440a3aee67b",
    "data": [
      {
        "text": "solution did not work",
        "userDefined": false
      }
    ],
    "isTemplate": false,
    "count": 1,
    "updated": 0
  },
  {
    "id": "5f9bc637-6ac7-41c6-9595-e484e6712a85",
    "data": [
      {
        "text": "problem was not solved",
        "userDefined": false
      }
    ],
    "isTemplate": false,
    "count": 0,
    "updated": 0
  },
  {
    "id": "2486f071-b12a-46b8-b48d-dea3dc64db34",
    "data": [
      {
        "text": "was not helpful",
        "userDefined": false
      }
    ],
    "isTemplate": false,
    "count": 0,
    "updated": 0
  },
  {
    "id": "72dd1ca9-875b-4111-86cb-cb7c27a91369",
    "data": [
      {
        "text": "did not help",
        "userDefined": false
      }
    ],
    "isTemplate": false,
    "count": 0,
    "updated": 0
  },
  {
    "id": "0f05aef4-fa88-44dc-93da-b64d702d8fca",
    "data": [
      {
        "text": "problem is not resolved",
        "userDefined": false
      }
    ],
    "isTemplate": false,
    "count": 0,
    "updated": 0
  },
  {
    "id": "b385a944-c8d2-444d-a6f4-53a38403e252",
    "data": [
      {
        "text": "problem is not fixed",
        "userDefined": false
      }
    ],
    "isTemplate": false,
    "count": 0,
    "updated": 0
  },
  {
    "id": "d07165bf-3066-4ec4-896b-6c4bc168cce9",
    "data": [
      {
        "text": "did not fix the issue",
        "userDefined": false
      }
    ],
    "isTemplate": false,
    "count": 0,
    "updated": 0
  },
  {
    "id": "e469bcb1-5190-4fd5-bec2-a228b45dd175",
    "data": [
      {
        "text": "did not fix it",
        "userDefined": false
      }
    ],
    "isTemplate": false,
    "count": 0,
    "updated": 0
  },
  {
    "id": "5151db22-294b-4028-bfd1-b910ed346288",
    "data": [
      {
        "text": "screen is still freezing",
        "userDefined": false
      }
    ],
    "isTemplate": false,
    "count": 0,
    "updated": 0
  },
  {
    "id": "d701ed07-dc00-4e1b-87bd-c184721db085",
    "data": [
      {
        "text": "screen is still frozen",
        "userDefined": false
      }
    ],
    "isTemplate": false,
    "count": 0,
    "updated": 0
  },
  {
    "id": "fbea30bb-2181-40ab-b696-8b5f14222ddf",
    "data": [
      {
        "text": "tv is still freezing",
        "userDefined": false
      }
    ],
    "isTemplate": false,
    "count": 0,
    "updated": 0
  },
  {
    "id": "be0d82e3-f5e5-40ac-9dc6-a0f0d40f08ff",
    "data": [
      {
        "text": "image is still freezing",
        "userDefined": false
      }
    ],
    "isTemplate": false,
    "count": 0,
    "updated": 0
  },
  {
    "id": "6495b741-8015-48a6-919e-a6db95e2e23d",
    "data": [
      {
        "text": "pic is still freezing",
        "userDefined": false
      }
    ],
    "isTemplate": false,
    "count": 0,
    "updated": 0
  },
  {
    "id": "0773d1b4-82bb-458d-ab38-2e781196d89a",
    "data": [
      {
        "text": "pic is still frozen",
        "userDefined": false
      }
    ],
    "isTemplate": false,
    "count": 0,
    "updated": 0
  },
  {
    "id": "7c5e5fe1-5cee-4081-8ee0-f59cdd85d0f3",
    "data": [
      {
        "text": "picture is still frozen",
        "userDefined": false
      }
    ],
    "isTemplate": false,
    "count": 0,
    "updated": 0
  },
  {
    "id": "088bf191-45f2-4687-868b-31d6a3a26dfc",
    "data": [
      {
        "text": "television is still frozen",
        "userDefined": false
      }
    ],
    "isTemplate": false,
    "count": 0,
    "updated": 0
  },
  {
    "id": "f2184f37-431d-4410-a501-a4a27dbb4e1d",
    "data": [
      {
        "text": "tv is still frozen",
        "userDefined": false
      }
    ],
    "isTemplate": false,
    "count": 0,
    "updated": 0
  },
  {
    "id": "81d0e26f-ad1b-4698-a952-85c4c928c786",
    "data": [
      {
        "text": "image is still frozen",
        "userDefined": false
      }
    ],
    "isTemplate": false,
    "count": 0,
    "updated": 0
  },
  {
    "id": "d87d5222-20f4-448d-a2b0-04958a25ef9c",
    "data": [
      {
        "text": "freezing image did not disappear",
        "userDefined": false
      }
    ],
    "isTemplate": false,
    "count": 0,
    "updated": 0
  },
  {
    "id": "81c8a41c-bf3a-460c-ad06-9d182fb1ebfa",
    "data": [
      {
        "text": "freezing image is not gone",
        "userDefined": false
      }
    ],
    "isTemplate": false,
    "count": 0,
    "updated": 0
  },
  {
    "id": "e8c595e7-5068-414f-8e45-01bc7275f41e",
    "data": [
      {
        "text": "freezing image still there",
        "userDefined": false
      }
    ],
    "isTemplate": false,
    "count": 0,
    "updated": 0
  },
  {
    "id": "9b1f3170-b6c5-49da-af98-0c6c4efb2118",
    "data": [
      {
        "text": "the image is freezing still",
        "userDefined": false
      }
    ],
    "isTemplate": false,
    "count": 0,
    "updated": 0
  },
  {
    "id": "d01da513-9cbf-43a9-873c-810451efb897",
    "data": [
      {
        "text": "did not work",
        "userDefined": false
      }
    ],
    "isTemplate": false,
    "count": 0,
    "updated": 0
  },
  {
    "id": "b235bb96-488e-4ac9-a934-1ebd6babb7bd",
    "data": [
      {
        "text": "didn\u0027t work",
        "userDefined": false
      }
    ],
    "isTemplate": false,
    "count": 1,
    "updated": 0
  },
  {
    "id": "859c00cc-739b-4b76-9417-bdbd1d4d6757",
    "data": [
      {
        "text": "no the image is still frozen",
        "userDefined": false
      }
    ],
    "isTemplate": false,
    "count": 0,
    "updated": 0
  },
  {
    "id": "652f84f3-6fcd-4191-ae92-4e7a21eea306",
    "data": [
      {
        "text": "thanks but no",
        "userDefined": false
      }
    ],
    "isTemplate": false,
    "count": 0,
    "updated": 0
  },
  {
    "id": "8cd281a8-ea73-4d44-bf47-9b4083e9a8aa",
    "data": [
      {
        "text": "no way",
        "userDefined": false
      }
    ],
    "isTemplate": false,
    "count": 0,
    "updated": 0
  },
  {
    "id": "37c75ec0-ade4-43a1-bb56-98674d8cd207",
    "data": [
      {
        "text": "no",
        "userDefined": false
      }
    ],
    "isTemplate": false,
    "count": 2,
    "updated": 0
  },
  {
    "id": "c5e2abe5-8c91-456c-826e-a6a50ee0e104",
    "data": [
      {
        "text": "no no don\u0027t",
        "userDefined": false
      }
    ],
    "isTemplate": false,
    "count": 0,
    "updated": 0
  },
  {
    "id": "bdc176ef-d695-4f69-a91d-2db76636d0a7",
    "data": [
      {
        "text": "na",
        "userDefined": false
      }
    ],
    "isTemplate": false,
    "count": 0,
    "updated": 0
  },
  {
    "id": "3d47801a-5d3a-4846-a0b6-570325e9f4c9",
    "data": [
      {
        "text": "no it isn\u0027t",
        "userDefined": false
      }
    ],
    "isTemplate": false,
    "count": 1,
    "updated": 0
  },
  {
    "id": "8b436e2d-c459-48dd-8d20-ca88dd905cb7",
    "data": [
      {
        "text": "don\u0027t",
        "userDefined": false
      }
    ],
    "isTemplate": false,
    "count": 0,
    "updated": 0
  },
  {
    "id": "29198fff-5df4-4661-b341-52ee9c3ff64e",
    "data": [
      {
        "text": "nah I\u0027m good",
        "userDefined": false
      }
    ],
    "isTemplate": false,
    "count": 1,
    "updated": 0
  },
  {
    "id": "4886ce90-6c17-4716-b149-67f1a280cec6",
    "data": [
      {
        "text": "no I cannot",
        "userDefined": false
      }
    ],
    "isTemplate": false,
    "count": 1,
    "updated": 0
  },
  {
    "id": "4edb7057-a609-431d-913a-a1c86f0c098e",
    "data": [
      {
        "text": "I can\u0027t",
        "userDefined": false
      }
    ],
    "isTemplate": false,
    "count": 0,
    "updated": 0
  },
  {
    "id": "9310701b-f694-4ad0-9692-b0982f201ef0",
    "data": [
      {
        "text": "nothing",
        "userDefined": false
      }
    ],
    "isTemplate": false,
    "count": 0,
    "updated": 0
  },
  {
    "id": "b6b8ac5e-9bc0-4a2e-a77c-94214b161b21",
    "data": [
      {
        "text": "no that\u0027s okay",
        "userDefined": false
      }
    ],
    "isTemplate": false,
    "count": 0,
    "updated": 0
  },
  {
    "id": "48d7568f-d541-46db-ba9e-6595fed824df",
    "data": [
      {
        "text": "no not really",
        "userDefined": false
      }
    ],
    "isTemplate": false,
    "count": 0,
    "updated": 0
  },
  {
    "id": "98d34026-c698-4b93-bfea-24dfc40db244",
    "data": [
      {
        "text": "nope not really",
        "userDefined": false
      }
    ],
    "isTemplate": false,
    "count": 0,
    "updated": 0
  },
  {
    "id": "e538f1f1-b6c0-4388-b49e-8438bedb7e89",
    "data": [
      {
        "text": "nope",
        "userDefined": false
      }
    ],
    "isTemplate": false,
    "count": 1,
    "updated": 0
  },
  {
    "id": "fedd8d85-2610-405c-bbcb-52781432f7a6",
    "data": [
      {
        "text": "thanks but not this time",
        "userDefined": false
      }
    ],
    "isTemplate": false,
    "count": 1,
    "updated": 0
  },
  {
    "id": "229ff9bb-b565-4d51-b51e-a4c36daca023",
    "data": [
      {
        "text": "I don\u0027t think so",
        "userDefined": false
      }
    ],
    "isTemplate": false,
    "count": 1,
    "updated": 0
  },
  {
    "id": "5d18053c-383c-43eb-9712-7b278dc5b1bb",
    "data": [
      {
        "text": "I disagree",
        "userDefined": false
      }
    ],
    "isTemplate": false,
    "count": 2,
    "updated": 0
  },
  {
    "id": "f4ba99b7-404f-4a90-88d0-f69422f295e7",
    "data": [
      {
        "text": "no maybe next time",
        "userDefined": false
      }
    ],
    "isTemplate": false,
    "count": 0,
    "updated": 0
  },
  {
    "id": "10a6f59d-bdff-43d4-b70a-62e3bfc5fa71",
    "data": [
      {
        "text": "not this time",
        "userDefined": false
      }
    ],
    "isTemplate": false,
    "count": 0,
    "updated": 0
  },
  {
    "id": "67df70d5-38e8-4de5-a4a5-963cb4c01529",
    "data": [
      {
        "text": "no don\u0027t",
        "userDefined": false
      }
    ],
    "isTemplate": false,
    "count": 0,
    "updated": 0
  },
  {
    "id": "414192fa-920b-4eb5-acb1-da24018ecf21",
    "data": [
      {
        "text": "no we are good",
        "userDefined": false
      }
    ],
    "isTemplate": false,
    "count": 0,
    "updated": 0
  },
  {
    "id": "6d77d8d5-405f-4744-bba5-35ab9fea9efc",
    "data": [
      {
        "text": "don\u0027t do it",
        "userDefined": false
      }
    ],
    "isTemplate": false,
    "count": 3,
    "updated": 0
  },
  {
    "id": "42e6c933-52e4-4b29-8675-84d0b457e9fa",
    "data": [
      {
        "text": "no that\u0027s be all",
        "userDefined": false
      }
    ],
    "isTemplate": false,
    "count": 0,
    "updated": 0
  },
  {
    "id": "e783da68-8ea8-46f8-84a2-a83fee9a39f5",
    "data": [
      {
        "text": "not right now",
        "userDefined": false
      }
    ],
    "isTemplate": false,
    "count": 0,
    "updated": 0
  },
  {
    "id": "1677190e-4efa-4408-8902-df106b505beb",
    "data": [
      {
        "text": "nothing else thanks",
        "userDefined": false
      }
    ],
    "isTemplate": false,
    "count": 0,
    "updated": 0
  },
  {
    "id": "7127ebc9-abe2-449c-bac2-8e1c06d1fcbc",
    "data": [
      {
        "text": "no thanks",
        "userDefined": false
      }
    ],
    "isTemplate": false,
    "count": 0,
    "updated": 0
  },
  {
    "id": "0b5c81e2-5e46-4885-8d19-54b4b910e1eb",
    "data": [
      {
        "text": "no that\u0027s ok",
        "userDefined": false
      }
    ],
    "isTemplate": false,
    "count": 1,
    "updated": 0
  },
  {
    "id": "3134830e-6226-4bfc-a826-732fd93187cc",
    "data": [
      {
        "text": "I don\u0027t want that",
        "userDefined": false
      }
    ],
    "isTemplate": false,
    "count": 0,
    "updated": 0
  },
  {
    "id": "ea763049-223e-4bdc-9e70-8bc0a72b0999",
    "data": [
      {
        "text": "definitely not",
        "userDefined": false
      }
    ],
    "isTemplate": false,
    "count": 3,
    "updated": 0
  },
  {
    "id": "7857cfad-384d-4143-8acb-42f46bd4f756",
    "data": [
      {
        "text": "nothing else",
        "userDefined": false
      }
    ],
    "isTemplate": false,
    "count": 1,
    "updated": 0
  },
  {
    "id": "23efc137-0aea-4963-b32a-e6aa4cb5a9fc",
    "data": [
      {
        "text": "not",
        "userDefined": false
      }
    ],
    "isTemplate": false,
    "count": 0,
    "updated": 0
  },
  {
    "id": "390593b4-b253-4cb4-9bf8-b68783acfce4",
    "data": [
      {
        "text": "not at all",
        "userDefined": false
      }
    ],
    "isTemplate": false,
    "count": 0,
    "updated": 0
  },
  {
    "id": "558fed63-bc40-412a-a9f6-64eb01045861",
    "data": [
      {
        "text": "no never",
        "userDefined": false
      }
    ],
    "isTemplate": false,
    "count": 0,
    "updated": 0
  },
  {
    "id": "caa6e28f-87c0-4ae7-a7b7-e70173c09c2b",
    "data": [
      {
        "text": "never",
        "userDefined": false
      }
    ],
    "isTemplate": false,
    "count": 0,
    "updated": 0
  },
  {
    "id": "9840bd91-6b75-4437-b804-1ec777f5f886",
    "data": [
      {
        "text": "no way no",
        "userDefined": false
      }
    ],
    "isTemplate": false,
    "count": 0,
    "updated": 0
  },
  {
    "id": "dad73fd3-039b-410b-b5c4-2ccd62d7451b",
    "data": [
      {
        "text": "not really",
        "userDefined": false
      }
    ],
    "isTemplate": false,
    "count": 0,
    "updated": 0
  },
  {
    "id": "600d897b-824a-41b9-9266-5ca71ce270f2",
    "data": [
      {
        "text": "nah",
        "userDefined": false
      }
    ],
    "isTemplate": false,
    "count": 2,
    "updated": 0
  },
  {
    "id": "874603c0-964b-4a25-9631-7391a31d2e17",
    "data": [
      {
        "text": "I don\u0027t",
        "userDefined": false
      }
    ],
    "isTemplate": false,
    "count": 0,
    "updated": 0
  },
  {
    "id": "7a67caad-8010-41a1-aaef-6baa83563ff7",
    "data": [
      {
        "text": "I don\u0027t want",
        "userDefined": false
      }
    ],
    "isTemplate": false,
    "count": 0,
    "updated": 0
  },
  {
    "id": "e0429065-a469-472b-9df6-2fef9bc465a9",
    "data": [
      {
        "text": "not ",
        "userDefined": false
      },
      {
        "text": "today",
        "meta": "@sys.ignore",
        "userDefined": false
      }
    ],
    "isTemplate": false,
    "count": 0,
    "updated": 0
  },
  {
    "id": "20091174-81f9-4f13-94d1-c8610e7b8722",
    "data": [
      {
        "text": "not interested",
        "userDefined": false
      }
    ],
    "isTemplate": false,
    "count": 0,
    "updated": 0
  },
  {
    "id": "80d03a2b-ce85-46e4-8186-b1218de57b85",
    "data": [
      {
        "text": "no that\u0027s fine thank you",
        "userDefined": false
      }
    ],
    "isTemplate": false,
    "count": 0,
    "updated": 0
  },
  {
    "id": "3cf4f4a8-6ef6-4237-80ef-8eed554fa1b2",
    "data": [
      {
        "text": "I\u0027m not",
        "userDefined": false
      }
    ],
    "isTemplate": false,
    "count": 3,
    "updated": 0
  }
]