[
  {
    "id": "43994731-d68e-43f5-8342-cf279ba9ab27",
    "data": [
      {
        "text": "it is showing snow on screen",
        "userDefined": false
      }
    ],
    "isTemplate": false,
    "count": 0,
    "updated": 0
  },
  {
    "id": "dd457de6-cd28-477d-86ca-6e9a97f02a9b",
    "data": [
      {
        "text": "it is showing snow on the screen",
        "userDefined": false
      }
    ],
    "isTemplate": false,
    "count": 0,
    "updated": 0
  },
  {
    "id": "3842534a-b9bc-41d5-a730-701f55169d27",
    "data": [
      {
        "text": "it is showing snow",
        "userDefined": false
      }
    ],
    "isTemplate": false,
    "count": 0,
    "updated": 0
  },
  {
    "id": "4d2c8f9c-c045-4ba8-a657-64ff20185862",
    "data": [
      {
        "text": "it is showing static",
        "userDefined": false
      }
    ],
    "isTemplate": false,
    "count": 0,
    "updated": 0
  },
  {
    "id": "d19a46e0-78ac-450f-82f6-30e47a90662e",
    "data": [
      {
        "text": "it is showing ants",
        "userDefined": false
      }
    ],
    "isTemplate": false,
    "count": 0,
    "updated": 0
  },
  {
    "id": "a63a9862-fd5a-479d-8344-c2fd2cc2d71d",
    "data": [
      {
        "text": "it is still showing snow on screen",
        "userDefined": false
      }
    ],
    "isTemplate": false,
    "count": 0,
    "updated": 0
  },
  {
    "id": "a0314dc7-4036-4b9a-9d93-2fc018034459",
    "data": [
      {
        "text": "it is still showing snow",
        "userDefined": false
      }
    ],
    "isTemplate": false,
    "count": 0,
    "updated": 0
  },
  {
    "id": "5085e13f-16a1-4047-875f-68aeff2e8b30",
    "data": [
      {
        "text": "it is still showing static",
        "userDefined": false
      }
    ],
    "isTemplate": false,
    "count": 0,
    "updated": 0
  },
  {
    "id": "1ebfe0d0-2ff3-4173-aa72-9647382423b3",
    "data": [
      {
        "text": "it is still showing ants",
        "userDefined": false
      }
    ],
    "isTemplate": false,
    "count": 0,
    "updated": 0
  },
  {
    "id": "9c296afd-e528-48fb-befc-6b75edf8b87a",
    "data": [
      {
        "text": "static on screen still",
        "userDefined": false
      }
    ],
    "isTemplate": false,
    "count": 0,
    "updated": 0
  },
  {
    "id": "56c7c88c-3b51-488b-b3f2-a755661c0594",
    "data": [
      {
        "text": "snow on the screen still",
        "userDefined": false
      }
    ],
    "isTemplate": false,
    "count": 0,
    "updated": 0
  },
  {
    "id": "4b472bd0-880f-4187-a1e5-2326d59a1026",
    "data": [
      {
        "text": "ants on screen still",
        "userDefined": false
      }
    ],
    "isTemplate": false,
    "count": 0,
    "updated": 0
  },
  {
    "id": "0d458602-56c2-4c68-890f-52393a9e0c70",
    "data": [
      {
        "text": "there is snow on the screen",
        "userDefined": false
      }
    ],
    "isTemplate": false,
    "count": 0,
    "updated": 0
  },
  {
    "id": "a60df988-1dce-4e4d-aa24-2389b77a41a1",
    "data": [
      {
        "text": "there is static",
        "userDefined": false
      }
    ],
    "isTemplate": false,
    "count": 0,
    "updated": 0
  },
  {
    "id": "37c47e19-f6d4-4982-8636-d0bfa85a882b",
    "data": [
      {
        "text": "there is still static",
        "userDefined": false
      }
    ],
    "isTemplate": false,
    "count": 0,
    "updated": 0
  },
  {
    "id": "c6732ae9-ee3b-4e02-b779-f4b0053d650e",
    "data": [
      {
        "text": "there are ants",
        "userDefined": false
      }
    ],
    "isTemplate": false,
    "count": 0,
    "updated": 0
  },
  {
    "id": "c15be4f3-6875-4a81-b7cc-17d0fb5e94e4",
    "data": [
      {
        "text": "there are still ants",
        "userDefined": false
      }
    ],
    "isTemplate": false,
    "count": 0,
    "updated": 0
  },
  {
    "id": "cfbebc55-4000-4af8-9045-d4093d2c9709",
    "data": [
      {
        "text": "i still have ants",
        "userDefined": false
      }
    ],
    "isTemplate": false,
    "count": 0,
    "updated": 0
  },
  {
    "id": "3a509ad6-ed0b-4d8d-856a-6b39713758b8",
    "data": [
      {
        "text": "i still have static",
        "userDefined": false
      }
    ],
    "isTemplate": false,
    "count": 0,
    "updated": 0
  },
  {
    "id": "998f85ed-e62c-4787-83c4-a84affff6a0b",
    "data": [
      {
        "text": "i still have snow on screen",
        "userDefined": false
      }
    ],
    "isTemplate": false,
    "count": 0,
    "updated": 0
  },
  {
    "id": "da4a6682-5472-4bb7-8b50-8d6afe59efac",
    "data": [
      {
        "text": "i still have snow on the screen",
        "userDefined": false
      }
    ],
    "isTemplate": false,
    "count": 0,
    "updated": 0
  },
  {
    "id": "11b67154-2997-4cef-996b-105a606e07f5",
    "data": [
      {
        "text": "i still have snow",
        "userDefined": false
      }
    ],
    "isTemplate": false,
    "count": 0,
    "updated": 0
  },
  {
    "id": "74951cf4-12a8-47ac-84be-c76f17ca8849",
    "data": [
      {
        "text": "it wouldn\u0027t fix",
        "userDefined": false
      }
    ],
    "isTemplate": false,
    "count": 0,
    "updated": 0
  },
  {
    "id": "6c91c7c1-0899-4a80-a652-242895b16eea",
    "data": [
      {
        "text": "it would not fix",
        "userDefined": false
      }
    ],
    "isTemplate": false,
    "count": 0,
    "updated": 0
  },
  {
    "id": "9548abda-690a-4bd1-a40d-40ac45bd4880",
    "data": [
      {
        "text": "wouldn\u0027t work",
        "userDefined": false
      }
    ],
    "isTemplate": false,
    "count": 0,
    "updated": 0
  },
  {
    "id": "f320a8d2-541e-4df5-beac-54160402c05f",
    "data": [
      {
        "text": "did not resolve issue",
        "userDefined": false
      }
    ],
    "isTemplate": false,
    "count": 0,
    "updated": 0
  },
  {
    "id": "872118bf-7db4-42ef-b553-210033f28ee0",
    "data": [
      {
        "text": "did not solve issue",
        "userDefined": false
      }
    ],
    "isTemplate": false,
    "count": 0,
    "updated": 0
  },
  {
    "id": "a016e7ad-2a12-4c13-bb1b-c24d4aff0e05",
    "data": [
      {
        "text": "did not solve problem",
        "userDefined": false
      }
    ],
    "isTemplate": false,
    "count": 0,
    "updated": 0
  },
  {
    "id": "527b6943-3e35-438d-b386-a6d4e7aeb9e5",
    "data": [
      {
        "text": "did not help",
        "userDefined": false
      }
    ],
    "isTemplate": false,
    "count": 0,
    "updated": 0
  },
  {
    "id": "27968af8-82ce-402d-880c-af09a2b7722c",
    "data": [
      {
        "text": "not helpful",
        "userDefined": false
      }
    ],
    "isTemplate": false,
    "count": 0,
    "updated": 0
  },
  {
    "id": "55d78904-a8c0-48d8-b476-b3d471a9db7c",
    "data": [
      {
        "text": "it was not helpful",
        "userDefined": false
      }
    ],
    "isTemplate": false,
    "count": 0,
    "updated": 0
  },
  {
    "id": "6e8b3bef-13b8-469e-b95f-2b4a1f203aaf",
    "data": [
      {
        "text": "issue is not resolved",
        "userDefined": false
      }
    ],
    "isTemplate": false,
    "count": 0,
    "updated": 0
  },
  {
    "id": "067e74eb-7bc6-4c5e-ac5c-5e997d586e7b",
    "data": [
      {
        "text": "issue is not fixed",
        "userDefined": false
      }
    ],
    "isTemplate": false,
    "count": 0,
    "updated": 0
  },
  {
    "id": "3619b253-02dd-4260-9382-cc17a7b0cc94",
    "data": [
      {
        "text": "did not fix issue",
        "userDefined": false
      }
    ],
    "isTemplate": false,
    "count": 0,
    "updated": 0
  },
  {
    "id": "68e98ad3-a6a5-4b2e-8d43-50a4aa676e08",
    "data": [
      {
        "text": "didn\u0027t work",
        "userDefined": false
      }
    ],
    "isTemplate": false,
    "count": 0,
    "updated": 0
  },
  {
    "id": "eae6eb6a-c4e9-482c-873e-97fa1c7541cc",
    "data": [
      {
        "text": "did not work",
        "userDefined": false
      }
    ],
    "isTemplate": false,
    "count": 0,
    "updated": 0
  },
  {
    "id": "8fa79702-080b-4f4b-b606-09d4d59c431f",
    "data": [
      {
        "text": "the cable still has ants",
        "userDefined": false
      }
    ],
    "isTemplate": false,
    "count": 0,
    "updated": 0
  },
  {
    "id": "6ec1f902-6569-424a-a169-953b41616056",
    "data": [
      {
        "text": "the cable is still staticky",
        "userDefined": false
      }
    ],
    "isTemplate": false,
    "count": 0,
    "updated": 0
  },
  {
    "id": "8182fb57-9457-4725-a5fe-f50a330bbd86",
    "data": [
      {
        "text": "the cable is still snowy",
        "userDefined": false
      }
    ],
    "isTemplate": false,
    "count": 0,
    "updated": 0
  },
  {
    "id": "289600cd-6f49-45dd-a742-2662d2bf614a",
    "data": [
      {
        "text": "the cable is still static",
        "userDefined": false
      }
    ],
    "isTemplate": false,
    "count": 0,
    "updated": 0
  },
  {
    "id": "ddc82749-efae-4caa-9dd2-995065e08a10",
    "data": [
      {
        "text": "the cable is still gone",
        "userDefined": false
      }
    ],
    "isTemplate": false,
    "count": 0,
    "updated": 0
  },
  {
    "id": "4078a792-954b-4792-ab85-d21183871c34",
    "data": [
      {
        "text": "ants not disappearing",
        "userDefined": false
      }
    ],
    "isTemplate": false,
    "count": 0,
    "updated": 0
  },
  {
    "id": "034e168b-d3b8-4c4c-a943-ba84c0ed02e0",
    "data": [
      {
        "text": "snow not disappearing",
        "userDefined": false
      }
    ],
    "isTemplate": false,
    "count": 0,
    "updated": 0
  },
  {
    "id": "c45a6ad9-8c41-440c-b43a-f1a7002a1c24",
    "data": [
      {
        "text": "static not disappearing",
        "userDefined": false
      }
    ],
    "isTemplate": false,
    "count": 0,
    "updated": 0
  },
  {
    "id": "6fdb2244-193c-4ba9-b3f0-cb389adbbb44",
    "data": [
      {
        "text": "static not gone",
        "userDefined": false
      }
    ],
    "isTemplate": false,
    "count": 0,
    "updated": 0
  },
  {
    "id": "beffe04a-d9d7-4014-8746-95db0e34c46a",
    "data": [
      {
        "text": "ants not gone",
        "userDefined": false
      }
    ],
    "isTemplate": false,
    "count": 0,
    "updated": 0
  },
  {
    "id": "18fd63e5-d36f-46cd-8dd7-02cf8f9fef91",
    "data": [
      {
        "text": "snow not gone",
        "userDefined": false
      }
    ],
    "isTemplate": false,
    "count": 0,
    "updated": 0
  },
  {
    "id": "f0c393c9-f414-4a6c-9667-f259ca85f9d6",
    "data": [
      {
        "text": "snow will not disappear",
        "userDefined": false
      }
    ],
    "isTemplate": false,
    "count": 0,
    "updated": 0
  },
  {
    "id": "d81e2338-c7e0-4ab7-80ce-33f2dcde28d2",
    "data": [
      {
        "text": "ants will not disappear",
        "userDefined": false
      }
    ],
    "isTemplate": false,
    "count": 0,
    "updated": 0
  },
  {
    "id": "90e76afe-cd17-4bab-9c5d-46539ba0f543",
    "data": [
      {
        "text": "static will not disappear",
        "userDefined": false
      }
    ],
    "isTemplate": false,
    "count": 0,
    "updated": 0
  },
  {
    "id": "bd9de912-4383-4e6b-8c69-d08fc1219af2",
    "data": [
      {
        "text": "the static is not gone",
        "userDefined": false
      }
    ],
    "isTemplate": false,
    "count": 0,
    "updated": 0
  },
  {
    "id": "77742993-4c82-48b0-a30a-f1a9cf30ac0e",
    "data": [
      {
        "text": "the ants are not gone",
        "userDefined": false
      }
    ],
    "isTemplate": false,
    "count": 1,
    "updated": 0
  },
  {
    "id": "5041cb84-c51c-409c-a544-fbe250d312f3",
    "data": [
      {
        "text": "there is still ants",
        "userDefined": false
      }
    ],
    "isTemplate": false,
    "count": 0,
    "updated": 0
  },
  {
    "id": "091b0f70-0674-4f8d-868b-2d113c9907d4",
    "data": [
      {
        "text": "the snow is not gone",
        "userDefined": false
      }
    ],
    "isTemplate": false,
    "count": 0,
    "updated": 0
  },
  {
    "id": "9729224c-332a-4403-b85e-ed247bf635ac",
    "data": [
      {
        "text": "there is still snow",
        "userDefined": false
      }
    ],
    "isTemplate": false,
    "count": 0,
    "updated": 0
  },
  {
    "id": "99584bfa-1c96-487f-947d-332292f64aff",
    "data": [
      {
        "text": "it didn\u0027t work there is still snow",
        "userDefined": false
      }
    ],
    "isTemplate": false,
    "count": 0,
    "updated": 0
  },
  {
    "id": "827faabc-bddb-44dd-a043-fbb7faa22082",
    "data": [
      {
        "text": "no I have static",
        "userDefined": false
      }
    ],
    "isTemplate": false,
    "count": 0,
    "updated": 0
  },
  {
    "id": "f176ccc8-5ee7-4a26-90a6-4e81570b69bb",
    "data": [
      {
        "text": "no I have ants",
        "userDefined": false
      }
    ],
    "isTemplate": false,
    "count": 0,
    "updated": 0
  },
  {
    "id": "f74a0583-7ebc-4514-ba07-d4d402c4bacc",
    "data": [
      {
        "text": "no I have snow",
        "userDefined": false
      }
    ],
    "isTemplate": false,
    "count": 0,
    "updated": 0
  },
  {
    "id": "c3d61c2d-27c1-4125-91e6-ffbf4adea852",
    "data": [
      {
        "text": "no I still have snow",
        "userDefined": false
      }
    ],
    "isTemplate": false,
    "count": 0,
    "updated": 0
  },
  {
    "id": "599b170b-4e05-46e1-b8a5-2c3f869f4e6d",
    "data": [
      {
        "text": "no I still have static",
        "userDefined": false
      }
    ],
    "isTemplate": false,
    "count": 0,
    "updated": 0
  },
  {
    "id": "d908a439-3aab-4752-b121-4ae75dfdb5de",
    "data": [
      {
        "text": "no I still have ants",
        "userDefined": false
      }
    ],
    "isTemplate": false,
    "count": 0,
    "updated": 0
  },
  {
    "id": "f016d871-d9da-4229-9464-59a2a9fa3cf7",
    "data": [
      {
        "text": "thanks but no",
        "userDefined": false
      }
    ],
    "isTemplate": false,
    "count": 0,
    "updated": 0
  },
  {
    "id": "1cbc1a8c-854b-4777-b40e-9f5db57c4bc0",
    "data": [
      {
        "text": "no way",
        "userDefined": false
      }
    ],
    "isTemplate": false,
    "count": 0,
    "updated": 0
  },
  {
    "id": "8933ab62-0496-4909-b7e0-45ad97dc78d8",
    "data": [
      {
        "text": "no",
        "userDefined": false
      }
    ],
    "isTemplate": false,
    "count": 2,
    "updated": 0
  },
  {
    "id": "2c2fcc2f-cb33-494b-86c1-a98e76b4fa43",
    "data": [
      {
        "text": "no no don\u0027t",
        "userDefined": false
      }
    ],
    "isTemplate": false,
    "count": 0,
    "updated": 0
  },
  {
    "id": "e4ee0620-84a6-4133-9a8d-64b51e93d3b0",
    "data": [
      {
        "text": "na",
        "userDefined": false
      }
    ],
    "isTemplate": false,
    "count": 0,
    "updated": 0
  },
  {
    "id": "cb10d453-629f-4ceb-a38a-97cffa8acd12",
    "data": [
      {
        "text": "no it isn\u0027t",
        "userDefined": false
      }
    ],
    "isTemplate": false,
    "count": 1,
    "updated": 0
  },
  {
    "id": "13432b33-2c21-479c-8fcf-57b4f62a8e95",
    "data": [
      {
        "text": "don\u0027t",
        "userDefined": false
      }
    ],
    "isTemplate": false,
    "count": 0,
    "updated": 0
  },
  {
    "id": "e058dc0f-74ba-4c5c-b45c-e6b92ec52260",
    "data": [
      {
        "text": "nah I\u0027m good",
        "userDefined": false
      }
    ],
    "isTemplate": false,
    "count": 1,
    "updated": 0
  },
  {
    "id": "ddb72e9d-1c4e-4cf1-93e5-ed7465e185aa",
    "data": [
      {
        "text": "no I cannot",
        "userDefined": false
      }
    ],
    "isTemplate": false,
    "count": 1,
    "updated": 0
  },
  {
    "id": "1290147d-b3f7-4dd8-b868-643b550d44ed",
    "data": [
      {
        "text": "I can\u0027t",
        "userDefined": false
      }
    ],
    "isTemplate": false,
    "count": 0,
    "updated": 0
  },
  {
    "id": "05551d9b-7c8e-4a5b-8ff0-b4d8bda2d0af",
    "data": [
      {
        "text": "nothing",
        "userDefined": false
      }
    ],
    "isTemplate": false,
    "count": 0,
    "updated": 0
  },
  {
    "id": "26570fc6-f72f-4a1a-909f-2639cf864287",
    "data": [
      {
        "text": "no that\u0027s okay",
        "userDefined": false
      }
    ],
    "isTemplate": false,
    "count": 0,
    "updated": 0
  },
  {
    "id": "09119d5b-4d0c-42d0-81cd-60c155b23514",
    "data": [
      {
        "text": "no not really",
        "userDefined": false
      }
    ],
    "isTemplate": false,
    "count": 0,
    "updated": 0
  },
  {
    "id": "0bdc2814-743f-4743-ae36-7efc28173c0a",
    "data": [
      {
        "text": "nope not really",
        "userDefined": false
      }
    ],
    "isTemplate": false,
    "count": 0,
    "updated": 0
  },
  {
    "id": "da4c80cd-830d-4458-8599-e2f7f09f4712",
    "data": [
      {
        "text": "nope",
        "userDefined": false
      }
    ],
    "isTemplate": false,
    "count": 1,
    "updated": 0
  },
  {
    "id": "2ba1aa63-a8b8-4732-a5f8-dfa340e4b9d9",
    "data": [
      {
        "text": "thanks but not this time",
        "userDefined": false
      }
    ],
    "isTemplate": false,
    "count": 1,
    "updated": 0
  },
  {
    "id": "b9a95d59-7453-4759-8aa8-3bf705bce8a5",
    "data": [
      {
        "text": "I don\u0027t think so",
        "userDefined": false
      }
    ],
    "isTemplate": false,
    "count": 1,
    "updated": 0
  },
  {
    "id": "4b08709d-37ff-439b-9a5a-a0a5dc9c0e69",
    "data": [
      {
        "text": "I disagree",
        "userDefined": false
      }
    ],
    "isTemplate": false,
    "count": 2,
    "updated": 0
  },
  {
    "id": "5203aeb4-cf8c-4035-a3ce-7d3c16f80437",
    "data": [
      {
        "text": "no maybe next time",
        "userDefined": false
      }
    ],
    "isTemplate": false,
    "count": 0,
    "updated": 0
  },
  {
    "id": "db8614eb-a4e3-4253-9667-e6a504a38491",
    "data": [
      {
        "text": "not this time",
        "userDefined": false
      }
    ],
    "isTemplate": false,
    "count": 0,
    "updated": 0
  },
  {
    "id": "a8e9f6af-e1b3-4ee7-9335-66b5b0ed782b",
    "data": [
      {
        "text": "no don\u0027t",
        "userDefined": false
      }
    ],
    "isTemplate": false,
    "count": 0,
    "updated": 0
  },
  {
    "id": "cd401114-85ee-43f5-9ca5-ced9335acdcb",
    "data": [
      {
        "text": "no we are good",
        "userDefined": false
      }
    ],
    "isTemplate": false,
    "count": 0,
    "updated": 0
  },
  {
    "id": "9e80fab2-cdd9-44e5-be0a-d7edfdefc8a8",
    "data": [
      {
        "text": "don\u0027t do it",
        "userDefined": false
      }
    ],
    "isTemplate": false,
    "count": 3,
    "updated": 0
  },
  {
    "id": "e373e2fb-771c-43dc-b9be-e08f3a714a52",
    "data": [
      {
        "text": "no that\u0027s be all",
        "userDefined": false
      }
    ],
    "isTemplate": false,
    "count": 0,
    "updated": 0
  },
  {
    "id": "04be5573-f7d7-42e5-b26c-06863c7f529e",
    "data": [
      {
        "text": "not right now",
        "userDefined": false
      }
    ],
    "isTemplate": false,
    "count": 0,
    "updated": 0
  },
  {
    "id": "371ecf2a-47f7-44e0-ade0-280368668714",
    "data": [
      {
        "text": "nothing else thanks",
        "userDefined": false
      }
    ],
    "isTemplate": false,
    "count": 0,
    "updated": 0
  },
  {
    "id": "b9aa07cd-12dd-4b24-93cb-3adf115f77fa",
    "data": [
      {
        "text": "no thanks",
        "userDefined": false
      }
    ],
    "isTemplate": false,
    "count": 0,
    "updated": 0
  },
  {
    "id": "84d1da25-9f1d-4eec-ad14-6a59c5688801",
    "data": [
      {
        "text": "no that\u0027s ok",
        "userDefined": false
      }
    ],
    "isTemplate": false,
    "count": 1,
    "updated": 0
  },
  {
    "id": "20532749-df6d-4dec-970a-a281f5ba3d50",
    "data": [
      {
        "text": "I don\u0027t want that",
        "userDefined": false
      }
    ],
    "isTemplate": false,
    "count": 0,
    "updated": 0
  },
  {
    "id": "186367dd-a18a-48a4-9b34-6f3642e62bd6",
    "data": [
      {
        "text": "definitely not",
        "userDefined": false
      }
    ],
    "isTemplate": false,
    "count": 3,
    "updated": 0
  },
  {
    "id": "2c2744e4-ae1a-4fee-9eba-f0149988ce8e",
    "data": [
      {
        "text": "nothing else",
        "userDefined": false
      }
    ],
    "isTemplate": false,
    "count": 1,
    "updated": 0
  },
  {
    "id": "c40a9137-bddf-44ae-868a-1eddf747a27d",
    "data": [
      {
        "text": "not",
        "userDefined": false
      }
    ],
    "isTemplate": false,
    "count": 0,
    "updated": 0
  },
  {
    "id": "07c1fc08-1e2c-4bb2-911b-45e1942d4e36",
    "data": [
      {
        "text": "not at all",
        "userDefined": false
      }
    ],
    "isTemplate": false,
    "count": 0,
    "updated": 0
  },
  {
    "id": "84a21c4b-81d8-453b-a3eb-0dad0309d371",
    "data": [
      {
        "text": "no never",
        "userDefined": false
      }
    ],
    "isTemplate": false,
    "count": 0,
    "updated": 0
  },
  {
    "id": "87b29602-8052-4700-bc60-3ec512b13154",
    "data": [
      {
        "text": "never",
        "userDefined": false
      }
    ],
    "isTemplate": false,
    "count": 0,
    "updated": 0
  },
  {
    "id": "a0bcb660-008c-4237-b6d5-91508e3a98e7",
    "data": [
      {
        "text": "no way no",
        "userDefined": false
      }
    ],
    "isTemplate": false,
    "count": 0,
    "updated": 0
  },
  {
    "id": "14e5f9c6-1178-4197-9c11-aaf448ec1f96",
    "data": [
      {
        "text": "not really",
        "userDefined": false
      }
    ],
    "isTemplate": false,
    "count": 0,
    "updated": 0
  },
  {
    "id": "501c18d4-bc75-41ff-bfe7-2bb5e4c79458",
    "data": [
      {
        "text": "nah",
        "userDefined": false
      }
    ],
    "isTemplate": false,
    "count": 2,
    "updated": 0
  },
  {
    "id": "97ce20aa-8981-4fab-887c-a89c5417fd31",
    "data": [
      {
        "text": "I don\u0027t",
        "userDefined": false
      }
    ],
    "isTemplate": false,
    "count": 0,
    "updated": 0
  },
  {
    "id": "1f38b562-5c19-4650-bf87-129a4faa70d3",
    "data": [
      {
        "text": "I don\u0027t want",
        "userDefined": false
      }
    ],
    "isTemplate": false,
    "count": 0,
    "updated": 0
  },
  {
    "id": "c57fc527-c438-4075-83d1-d1528608001b",
    "data": [
      {
        "text": "not ",
        "userDefined": false
      },
      {
        "text": "today",
        "meta": "@sys.ignore",
        "userDefined": false
      }
    ],
    "isTemplate": false,
    "count": 0,
    "updated": 0
  },
  {
    "id": "c7dec5be-0b3a-45e8-bfdc-80de92217b7f",
    "data": [
      {
        "text": "not interested",
        "userDefined": false
      }
    ],
    "isTemplate": false,
    "count": 0,
    "updated": 0
  },
  {
    "id": "7527c437-66cc-463d-8718-e2e947d0808e",
    "data": [
      {
        "text": "no that\u0027s fine thank you",
        "userDefined": false
      }
    ],
    "isTemplate": false,
    "count": 0,
    "updated": 0
  },
  {
    "id": "31a37b1a-789a-4b4b-bf3c-fb7f4fd6d494",
    "data": [
      {
        "text": "I\u0027m not",
        "userDefined": false
      }
    ],
    "isTemplate": false,
    "count": 3,
    "updated": 0
  }
]