[
  {
    "id": "5f84a9fd-4c9e-4474-a94d-834896b00a1e",
    "data": [
      {
        "text": "fuzzy on screen",
        "userDefined": false
      }
    ],
    "isTemplate": false,
    "count": 0,
    "updated": 0
  },
  {
    "id": "d3bff917-3bda-4106-8548-0c6939fc4f1e",
    "data": [
      {
        "text": "fuzzy",
        "userDefined": false
      }
    ],
    "isTemplate": false,
    "count": 0,
    "updated": 0
  },
  {
    "id": "91600cba-5ce1-46aa-a934-1ad093247e29",
    "data": [
      {
        "text": "it is static",
        "userDefined": false
      }
    ],
    "isTemplate": false,
    "count": 1,
    "updated": 0
  },
  {
    "id": "bdf88f7c-9852-4ac5-81c0-bb5b0b7498fc",
    "data": [
      {
        "text": "it is ants",
        "userDefined": false
      }
    ],
    "isTemplate": false,
    "count": 0,
    "updated": 0
  },
  {
    "id": "5a2d804b-0a11-450d-a840-2cd29e8fb998",
    "data": [
      {
        "text": "it is snow",
        "userDefined": false
      }
    ],
    "isTemplate": false,
    "count": 0,
    "updated": 0
  },
  {
    "id": "aec7c67e-bab0-4dbf-b49b-f10da2a2ef9d",
    "data": [
      {
        "text": "it is fuzzy",
        "userDefined": false
      }
    ],
    "isTemplate": false,
    "count": 0,
    "updated": 0
  },
  {
    "id": "23aeba0c-bbf7-490e-985b-a009401db75d",
    "data": [
      {
        "text": "channel is fuzzy",
        "userDefined": false
      }
    ],
    "isTemplate": false,
    "count": 0,
    "updated": 0
  },
  {
    "id": "ac5c698c-ab16-4e1a-92cf-5c62c44d293e",
    "data": [
      {
        "text": "tv is fuzzy",
        "userDefined": false
      }
    ],
    "isTemplate": false,
    "count": 0,
    "updated": 0
  },
  {
    "id": "ded6e90b-7649-4ff3-bf2c-7a696af00512",
    "data": [
      {
        "text": "television is fuzzy",
        "userDefined": false
      }
    ],
    "isTemplate": false,
    "count": 0,
    "updated": 0
  },
  {
    "id": "1b350d83-d0b1-4c57-b841-1570ad2753ac",
    "data": [
      {
        "text": "fuzzy television",
        "userDefined": false
      }
    ],
    "isTemplate": false,
    "count": 0,
    "updated": 0
  },
  {
    "id": "1d36914a-36e9-4fc7-ae24-276397370bfc",
    "data": [
      {
        "text": "fuzzy tv",
        "userDefined": false
      }
    ],
    "isTemplate": false,
    "count": 0,
    "updated": 0
  },
  {
    "id": "c066cea4-1f77-4336-ad54-6c85dd677cb6",
    "data": [
      {
        "text": "fuzzy channel",
        "userDefined": false
      }
    ],
    "isTemplate": false,
    "count": 0,
    "updated": 0
  },
  {
    "id": "aff0898c-dfb8-45bd-94f6-ad9dc6569f9c",
    "data": [
      {
        "text": "ants channel",
        "userDefined": false
      }
    ],
    "isTemplate": false,
    "count": 0,
    "updated": 0
  },
  {
    "id": "22fa66ed-4379-432e-a7e3-fa7ef1d59fea",
    "data": [
      {
        "text": "ants television",
        "userDefined": false
      }
    ],
    "isTemplate": false,
    "count": 0,
    "updated": 0
  },
  {
    "id": "1c9587c3-c145-4917-ae91-c61d5c982b0a",
    "data": [
      {
        "text": "ants tv",
        "userDefined": false
      }
    ],
    "isTemplate": false,
    "count": 0,
    "updated": 0
  },
  {
    "id": "5c3eb3d7-6cd8-447d-98d2-d91722622ca7",
    "data": [
      {
        "text": "television is snow",
        "userDefined": false
      }
    ],
    "isTemplate": false,
    "count": 0,
    "updated": 0
  },
  {
    "id": "406c7cd4-ad1a-4402-9052-6cb35824301d",
    "data": [
      {
        "text": "tv is snow",
        "userDefined": false
      }
    ],
    "isTemplate": false,
    "count": 0,
    "updated": 0
  },
  {
    "id": "a9b3848c-a6d0-451f-b641-b5505ebd634c",
    "data": [
      {
        "text": "channel is snow",
        "userDefined": false
      }
    ],
    "isTemplate": false,
    "count": 0,
    "updated": 0
  },
  {
    "id": "349a48c3-d3da-4070-a787-5854444a46b8",
    "data": [
      {
        "text": "snow channel",
        "userDefined": false
      }
    ],
    "isTemplate": false,
    "count": 0,
    "updated": 0
  },
  {
    "id": "9523e078-8fb0-449e-bf4a-cb113d55f941",
    "data": [
      {
        "text": "snow television",
        "userDefined": false
      }
    ],
    "isTemplate": false,
    "count": 0,
    "updated": 0
  },
  {
    "id": "4fddfb4d-a721-4422-8bda-3ed5258a053c",
    "data": [
      {
        "text": "snow tv",
        "userDefined": false
      }
    ],
    "isTemplate": false,
    "count": 0,
    "updated": 0
  },
  {
    "id": "5709c7a0-9092-4dc4-9b9d-f4a529d1ec32",
    "data": [
      {
        "text": "television is static",
        "userDefined": false
      }
    ],
    "isTemplate": false,
    "count": 0,
    "updated": 0
  },
  {
    "id": "ead0ced6-bd07-40e4-99c2-6a87f9a4ea4c",
    "data": [
      {
        "text": "tv is static",
        "userDefined": false
      }
    ],
    "isTemplate": false,
    "count": 0,
    "updated": 0
  },
  {
    "id": "2bd05ef9-ea95-46be-96ef-31ba3a106afd",
    "data": [
      {
        "text": "channel is static",
        "userDefined": false
      }
    ],
    "isTemplate": false,
    "count": 0,
    "updated": 0
  },
  {
    "id": "64366b4a-4924-4057-af3a-38a7a798d195",
    "data": [
      {
        "text": "static channel",
        "userDefined": false
      }
    ],
    "isTemplate": false,
    "count": 0,
    "updated": 0
  },
  {
    "id": "dd6f319e-a2b7-4106-b625-17164ba8dd28",
    "data": [
      {
        "text": "static television",
        "userDefined": false
      }
    ],
    "isTemplate": false,
    "count": 0,
    "updated": 0
  },
  {
    "id": "2d9ac51d-832a-4b97-9ca6-86e0e166c6a0",
    "data": [
      {
        "text": "static tv",
        "userDefined": false
      }
    ],
    "isTemplate": false,
    "count": 0,
    "updated": 0
  },
  {
    "id": "af392fa5-599d-419b-b540-99e16a04bc16",
    "data": [
      {
        "text": "screen filled with ants",
        "userDefined": false
      }
    ],
    "isTemplate": false,
    "count": 1,
    "updated": 0
  },
  {
    "id": "a56b84d8-ec17-4990-82bb-08e24f9fc1ee",
    "data": [
      {
        "text": "screen filled with snow",
        "userDefined": false
      }
    ],
    "isTemplate": false,
    "count": 0,
    "updated": 0
  },
  {
    "id": "40b3beb0-1d26-495d-aa5d-f97e5e71c053",
    "data": [
      {
        "text": "a ant filled screen",
        "userDefined": false
      }
    ],
    "isTemplate": false,
    "count": 0,
    "updated": 0
  },
  {
    "id": "8da94f45-65b5-4749-b04a-d489519f8fe1",
    "data": [
      {
        "text": "an ant filled screen",
        "userDefined": false
      }
    ],
    "isTemplate": false,
    "count": 0,
    "updated": 0
  },
  {
    "id": "b51a4f19-3495-4884-b015-85e13ed3e584",
    "data": [
      {
        "text": "an ant screen",
        "userDefined": false
      }
    ],
    "isTemplate": false,
    "count": 0,
    "updated": 0
  },
  {
    "id": "354c1491-bb18-4f1d-be43-d436c693a703",
    "data": [
      {
        "text": "a ant screen",
        "userDefined": false
      }
    ],
    "isTemplate": false,
    "count": 0,
    "updated": 0
  },
  {
    "id": "d6f9f5b5-54c0-4783-bf3f-04f328eee0ce",
    "data": [
      {
        "text": "a snow screen",
        "userDefined": false
      }
    ],
    "isTemplate": false,
    "count": 0,
    "updated": 0
  },
  {
    "id": "00ce75c8-9292-4789-a54e-59dc4b48ed97",
    "data": [
      {
        "text": "ants all over the screen",
        "userDefined": false
      }
    ],
    "isTemplate": false,
    "count": 1,
    "updated": 0
  },
  {
    "id": "5e5df787-7add-4ef6-b6be-7692680b0909",
    "data": [
      {
        "text": "snow all over the screen",
        "userDefined": false
      }
    ],
    "isTemplate": false,
    "count": 0,
    "updated": 0
  },
  {
    "id": "d3e0093b-27ae-423b-90d9-a8f7d8877b15",
    "data": [
      {
        "text": "static all over the screen",
        "userDefined": false
      }
    ],
    "isTemplate": false,
    "count": 1,
    "updated": 0
  },
  {
    "id": "772bfade-5705-429a-b94a-5a0cc112d633",
    "data": [
      {
        "text": "the television is showing ants",
        "userDefined": false
      }
    ],
    "isTemplate": false,
    "count": 0,
    "updated": 0
  },
  {
    "id": "5ed4654b-9309-45bb-8913-14dc17ef411a",
    "data": [
      {
        "text": "the television is showing snow",
        "userDefined": false
      }
    ],
    "isTemplate": false,
    "count": 0,
    "updated": 0
  },
  {
    "id": "333d4c53-532b-4ba6-86c9-18ff1e4769d2",
    "data": [
      {
        "text": "the television is showing static",
        "userDefined": false
      }
    ],
    "isTemplate": false,
    "count": 0,
    "updated": 0
  },
  {
    "id": "0ebb9606-1e47-4dad-a424-d872fb19db4a",
    "data": [
      {
        "text": "the tv is showing static",
        "userDefined": false
      }
    ],
    "isTemplate": false,
    "count": 0,
    "updated": 0
  },
  {
    "id": "cd1cd61f-cd3e-4b6e-b2cd-15d784420542",
    "data": [
      {
        "text": "the tv is showing snow",
        "userDefined": false
      }
    ],
    "isTemplate": false,
    "count": 0,
    "updated": 0
  },
  {
    "id": "4ebe54a8-d55f-4b17-aead-2a29156be18a",
    "data": [
      {
        "text": "the tv is showing ants",
        "userDefined": false
      }
    ],
    "isTemplate": false,
    "count": 0,
    "updated": 0
  },
  {
    "id": "ae6bb683-99e3-4ac1-be2d-b897c4a783be",
    "data": [
      {
        "text": "static on the screen",
        "userDefined": false
      }
    ],
    "isTemplate": false,
    "count": 0,
    "updated": 0
  },
  {
    "id": "969f8f41-05b3-48bc-bc62-7216b729a60e",
    "data": [
      {
        "text": "screen covered in snow",
        "userDefined": false
      }
    ],
    "isTemplate": false,
    "count": 0,
    "updated": 0
  },
  {
    "id": "544a3523-1b7a-4b77-a973-9f52217054e1",
    "data": [
      {
        "text": "screen covered in ants",
        "userDefined": false
      }
    ],
    "isTemplate": false,
    "count": 0,
    "updated": 0
  },
  {
    "id": "fe436dfb-2c04-4f5a-b760-de14c1100ec2",
    "data": [
      {
        "text": "ants on the screen",
        "userDefined": false
      }
    ],
    "isTemplate": false,
    "count": 0,
    "updated": 0
  },
  {
    "id": "6a44dbe5-2944-4ee2-9bf1-0ee21a5424be",
    "data": [
      {
        "text": "static",
        "userDefined": false
      }
    ],
    "isTemplate": false,
    "count": 0,
    "updated": 0
  },
  {
    "id": "a45526ed-88a3-4bca-b5f3-c4b28fd8320f",
    "data": [
      {
        "text": "snow on the screen",
        "userDefined": false
      }
    ],
    "isTemplate": false,
    "count": 0,
    "updated": 0
  },
  {
    "id": "1690607d-705a-44d1-84aa-edb2926f9995",
    "data": [
      {
        "text": "ants on screen",
        "userDefined": false
      }
    ],
    "isTemplate": false,
    "count": 0,
    "updated": 0
  },
  {
    "id": "671fc9b5-f4e0-4835-a407-dd1f46a4536c",
    "data": [
      {
        "text": "snow on screen",
        "userDefined": false
      }
    ],
    "isTemplate": false,
    "count": 0,
    "updated": 0
  },
  {
    "id": "f9ef9268-543d-4b09-abf8-701ced5dcb92",
    "data": [
      {
        "text": "ants",
        "userDefined": false
      }
    ],
    "isTemplate": false,
    "count": 0,
    "updated": 0
  },
  {
    "id": "18310a38-b6b9-4ddd-8783-fcfcc500ca3e",
    "data": [
      {
        "text": "snow",
        "userDefined": false
      }
    ],
    "isTemplate": false,
    "count": 0,
    "updated": 0
  }
]