[
  {
    "id": "70854de2-194e-426f-88b4-7cf15cbe9663",
    "data": [
      {
        "text": "cable help and support",
        "userDefined": false
      }
    ],
    "isTemplate": false,
    "count": 0,
    "updated": 0
  },
  {
    "id": "37191c79-b87f-4904-ab4e-ff99a29a14ea",
    "data": [
      {
        "text": "cable tv help and support",
        "userDefined": false
      }
    ],
    "isTemplate": false,
    "count": 0,
    "updated": 0
  },
  {
    "id": "c23f6a92-14a1-45c1-bc4d-43438d082bfd",
    "data": [
      {
        "text": "help cable tv",
        "userDefined": false
      }
    ],
    "isTemplate": false,
    "count": 0,
    "updated": 0
  },
  {
    "id": "d0b64d00-425b-4406-93e3-d8c0e9c35a1e",
    "data": [
      {
        "text": "help cable",
        "userDefined": false
      }
    ],
    "isTemplate": false,
    "count": 0,
    "updated": 0
  },
  {
    "id": "384cb700-9cb0-4191-91f8-5473bb682c74",
    "data": [
      {
        "text": "cable tv help",
        "userDefined": false
      }
    ],
    "isTemplate": false,
    "count": 0,
    "updated": 0
  },
  {
    "id": "292d1f89-9be9-450b-a18c-72704c749d70",
    "data": [
      {
        "text": "cable help",
        "userDefined": false
      }
    ],
    "isTemplate": false,
    "count": 0,
    "updated": 0
  },
  {
    "id": "5a1b708e-6114-4800-977f-cd9935535ae6",
    "data": [
      {
        "text": "cable assistance",
        "userDefined": false
      }
    ],
    "isTemplate": false,
    "count": 0,
    "updated": 0
  },
  {
    "id": "15294b1d-d982-41e6-886f-699887e6454d",
    "data": [
      {
        "text": "cable tv assistance",
        "userDefined": false
      }
    ],
    "isTemplate": false,
    "count": 0,
    "updated": 0
  },
  {
    "id": "136e1f9f-5d7e-4a6a-998a-2473e998c905",
    "data": [
      {
        "text": "i need help with my cable",
        "userDefined": false
      }
    ],
    "isTemplate": false,
    "count": 0,
    "updated": 0
  },
  {
    "id": "8134d89f-80e3-4f54-81e9-70dd5e980b42",
    "data": [
      {
        "text": "i need help with my cable tv",
        "userDefined": false
      }
    ],
    "isTemplate": false,
    "count": 0,
    "updated": 0
  },
  {
    "id": "e01a8625-b81e-4e4c-8d85-d7425b6c25e0",
    "data": [
      {
        "text": "i need help with cable tv",
        "userDefined": false
      }
    ],
    "isTemplate": false,
    "count": 0,
    "updated": 0
  },
  {
    "id": "bcbbc212-cda0-4ce6-bc39-ae8b6c64946b",
    "data": [
      {
        "text": "acme cable tv issues",
        "userDefined": false
      }
    ],
    "isTemplate": false,
    "count": 0,
    "updated": 0
  },
  {
    "id": "3d5fed7b-44d7-4bb8-a881-a1676548586a",
    "data": [
      {
        "text": "cable tv issues acme",
        "userDefined": false
      }
    ],
    "isTemplate": false,
    "count": 0,
    "updated": 0
  },
  {
    "id": "2aec75a3-dff9-405e-9846-52a1cdce9e59",
    "data": [
      {
        "text": "cable tv issues ",
        "userDefined": false
      },
      {
        "text": "today",
        "meta": "@sys.ignore",
        "userDefined": false
      }
    ],
    "isTemplate": false,
    "count": 0,
    "updated": 0
  },
  {
    "id": "120051c7-dfc9-4b75-82c6-c09fb92e3062",
    "data": [
      {
        "text": "assist me with my cable tv",
        "userDefined": false
      }
    ],
    "isTemplate": false,
    "count": 0,
    "updated": 0
  },
  {
    "id": "8032751a-c27c-45ec-a9e0-39a1629fc633",
    "data": [
      {
        "text": "assist me with cable tv",
        "userDefined": false
      }
    ],
    "isTemplate": false,
    "count": 0,
    "updated": 0
  },
  {
    "id": "b96c7c23-a155-4f3d-8488-435deda842f0",
    "data": [
      {
        "text": "assist me with my cable",
        "userDefined": false
      }
    ],
    "isTemplate": false,
    "count": 0,
    "updated": 0
  },
  {
    "id": "a5518f23-bc2e-4de6-b4a0-32aa0d3f638f",
    "data": [
      {
        "text": "assist me with cable",
        "userDefined": false
      }
    ],
    "isTemplate": false,
    "count": 1,
    "updated": 0
  },
  {
    "id": "08a1be81-f29d-4a30-97de-1ddc7bf15f0c",
    "data": [
      {
        "text": "I need help with cable",
        "userDefined": false
      }
    ],
    "isTemplate": false,
    "count": 0,
    "updated": 0
  },
  {
    "id": "ab433446-4d62-4f35-87f1-ecf5a343f818",
    "data": [
      {
        "text": "I need assistance with cable",
        "userDefined": false
      }
    ],
    "isTemplate": false,
    "count": 0,
    "updated": 0
  },
  {
    "id": "14553852-1639-4400-bde5-1d244ff28584",
    "data": [
      {
        "text": "I need assistance with cable tv",
        "userDefined": false
      }
    ],
    "isTemplate": false,
    "count": 0,
    "updated": 0
  },
  {
    "id": "5531ec17-3ca0-4230-977e-8b07a0d334dd",
    "data": [
      {
        "text": "problems with the cable system",
        "userDefined": false
      }
    ],
    "isTemplate": false,
    "count": 0,
    "updated": 0
  },
  {
    "id": "6d174c0b-26db-4e3e-bb9d-fb29b99e427d",
    "data": [
      {
        "text": "issues with cable system",
        "userDefined": false
      }
    ],
    "isTemplate": false,
    "count": 0,
    "updated": 0
  },
  {
    "id": "b76c47b5-28af-43fe-9354-67a8f6177264",
    "data": [
      {
        "text": "cable system issues",
        "userDefined": false
      }
    ],
    "isTemplate": false,
    "count": 0,
    "updated": 0
  },
  {
    "id": "757a3a01-c3f6-485f-b92a-a70030866485",
    "data": [
      {
        "text": "cable system problems",
        "userDefined": false
      }
    ],
    "isTemplate": false,
    "count": 0,
    "updated": 0
  },
  {
    "id": "0fdc5666-c835-4e5b-9dce-726986ae93a1",
    "data": [
      {
        "text": "cable system repair",
        "userDefined": false
      }
    ],
    "isTemplate": false,
    "count": 0,
    "updated": 0
  },
  {
    "id": "cfbe60f3-35ed-4eb3-91e9-811e076c2297",
    "data": [
      {
        "text": "cable tv repair",
        "userDefined": false
      }
    ],
    "isTemplate": false,
    "count": 0,
    "updated": 0
  },
  {
    "id": "bec30d3f-458c-494b-b84b-4ec22a3643e7",
    "data": [
      {
        "text": "issues with the television",
        "userDefined": false
      }
    ],
    "isTemplate": false,
    "count": 0,
    "updated": 0
  },
  {
    "id": "d136dc21-2516-4d11-ac54-9ce20b67e8ad",
    "data": [
      {
        "text": "problems with the television",
        "userDefined": false
      }
    ],
    "isTemplate": false,
    "count": 0,
    "updated": 0
  },
  {
    "id": "5a04b88b-3534-481c-a442-c6cc4b2ab6c7",
    "data": [
      {
        "text": "television problems",
        "userDefined": false
      }
    ],
    "isTemplate": false,
    "count": 0,
    "updated": 0
  },
  {
    "id": "18c29d48-18b2-44c6-a91e-4071113b6e82",
    "data": [
      {
        "text": "television issues",
        "userDefined": false
      }
    ],
    "isTemplate": false,
    "count": 0,
    "updated": 0
  },
  {
    "id": "ae5562ee-c107-48c1-9b2d-6fc778188034",
    "data": [
      {
        "text": "pay television problems",
        "userDefined": false
      }
    ],
    "isTemplate": false,
    "count": 0,
    "updated": 0
  },
  {
    "id": "26131957-821f-42d1-a260-5624183e29bf",
    "data": [
      {
        "text": "pay television issues",
        "userDefined": false
      }
    ],
    "isTemplate": false,
    "count": 0,
    "updated": 0
  },
  {
    "id": "71bbcc3a-411c-415b-92d9-9ee1ec5c843c",
    "data": [
      {
        "text": "issues with pay television",
        "userDefined": false
      }
    ],
    "isTemplate": false,
    "count": 0,
    "updated": 0
  },
  {
    "id": "f30f1778-c3b9-4675-b83b-b1619b3bd7ea",
    "data": [
      {
        "text": "pay television",
        "userDefined": false
      }
    ],
    "isTemplate": false,
    "count": 0,
    "updated": 0
  },
  {
    "id": "5b26a2fc-7053-44f8-a7c2-b355c15af732",
    "data": [
      {
        "text": "problems with pay television",
        "userDefined": false
      }
    ],
    "isTemplate": false,
    "count": 0,
    "updated": 0
  },
  {
    "id": "5aa12699-c06c-4a14-a1ad-e0ab8eb5e59c",
    "data": [
      {
        "text": "repair pay television",
        "userDefined": false
      }
    ],
    "isTemplate": false,
    "count": 0,
    "updated": 0
  },
  {
    "id": "533f87da-1cf5-4c7f-b989-27f95d27f463",
    "data": [
      {
        "text": "repair the subscription television",
        "userDefined": false
      }
    ],
    "isTemplate": false,
    "count": 0,
    "updated": 0
  },
  {
    "id": "26fda520-fa9d-4cca-9aab-bfeffab94d00",
    "data": [
      {
        "text": "repair the cable tv",
        "userDefined": false
      }
    ],
    "isTemplate": false,
    "count": 0,
    "updated": 0
  },
  {
    "id": "3bdde930-2ec2-472e-b42d-4b2e44fcad4b",
    "data": [
      {
        "text": "repair the television",
        "userDefined": false
      }
    ],
    "isTemplate": false,
    "count": 0,
    "updated": 0
  },
  {
    "id": "6b8d57e9-8c9b-48b5-86f1-a22dab1f6cff",
    "data": [
      {
        "text": "repair the tv",
        "userDefined": false
      }
    ],
    "isTemplate": false,
    "count": 0,
    "updated": 0
  },
  {
    "id": "77ff0139-f0c6-4062-9cb6-1ccff55791f9",
    "data": [
      {
        "text": "repair the cable",
        "userDefined": false
      }
    ],
    "isTemplate": false,
    "count": 0,
    "updated": 0
  },
  {
    "id": "0136b9fc-9989-4a33-a216-f8e1da6a1270",
    "data": [
      {
        "text": "repair cable",
        "userDefined": false
      }
    ],
    "isTemplate": false,
    "count": 0,
    "updated": 0
  },
  {
    "id": "7bd513d3-e4ea-4f22-b7e1-fe5a1d81bc4a",
    "data": [
      {
        "text": "cable repair",
        "userDefined": false
      }
    ],
    "isTemplate": false,
    "count": 0,
    "updated": 0
  },
  {
    "id": "e3b59f19-6191-4f4e-9aba-f88d8e82f71a",
    "data": [
      {
        "text": "tv repair",
        "userDefined": false
      }
    ],
    "isTemplate": false,
    "count": 0,
    "updated": 0
  },
  {
    "id": "ffd0ac7b-82a3-4188-99a4-a523afed97f8",
    "data": [
      {
        "text": "television repair",
        "userDefined": false
      }
    ],
    "isTemplate": false,
    "count": 0,
    "updated": 0
  },
  {
    "id": "37c413df-5b78-4f9a-aca1-372bac0ebb64",
    "data": [
      {
        "text": "fix the tv",
        "userDefined": false
      }
    ],
    "isTemplate": false,
    "count": 0,
    "updated": 0
  },
  {
    "id": "3c8e27e8-222b-465f-b08b-5c96148b1cdd",
    "data": [
      {
        "text": "tv problems",
        "userDefined": false
      }
    ],
    "isTemplate": false,
    "count": 0,
    "updated": 0
  },
  {
    "id": "e4535d5a-c4d9-48cb-b989-51273886f26e",
    "data": [
      {
        "text": "tv issues",
        "userDefined": false
      }
    ],
    "isTemplate": false,
    "count": 0,
    "updated": 0
  },
  {
    "id": "231d3ed6-713c-4bd6-b986-fe059c9c5e45",
    "data": [
      {
        "text": "fix tv",
        "userDefined": false
      }
    ],
    "isTemplate": false,
    "count": 0,
    "updated": 0
  },
  {
    "id": "a83ee6e8-0593-464a-82bc-761f4eddaed5",
    "data": [
      {
        "text": "fix cable tv",
        "userDefined": false
      }
    ],
    "isTemplate": false,
    "count": 0,
    "updated": 0
  },
  {
    "id": "e52bdfab-45b4-4ea4-8580-f1ce88fabab3",
    "data": [
      {
        "text": "fix cable",
        "userDefined": false
      }
    ],
    "isTemplate": false,
    "count": 0,
    "updated": 0
  },
  {
    "id": "69ad85e6-e701-4cc3-9a7c-4e93d22cb052",
    "data": [
      {
        "text": "I need to fix my cable",
        "userDefined": false
      }
    ],
    "isTemplate": false,
    "count": 0,
    "updated": 0
  },
  {
    "id": "5c8a66db-61af-44d8-8512-7104b02a23d2",
    "data": [
      {
        "text": "troubleshooting cable tv",
        "userDefined": false
      }
    ],
    "isTemplate": false,
    "count": 0,
    "updated": 0
  },
  {
    "id": "c2e75f87-6444-4b10-a39e-354d3a0c12be",
    "data": [
      {
        "text": "issues with the cable tv",
        "userDefined": false
      }
    ],
    "isTemplate": false,
    "count": 0,
    "updated": 0
  },
  {
    "id": "ff606370-3466-4e50-9159-bee5c35bc5eb",
    "data": [
      {
        "text": "problems with the cable tv",
        "userDefined": false
      }
    ],
    "isTemplate": false,
    "count": 0,
    "updated": 0
  },
  {
    "id": "b999c4fb-bc64-464c-9582-2d846652340b",
    "data": [
      {
        "text": "I am having problems with my cable tv",
        "userDefined": false
      }
    ],
    "isTemplate": false,
    "count": 0,
    "updated": 0
  },
  {
    "id": "4692c640-6a01-4e6c-a958-9f3780b466ea",
    "data": [
      {
        "text": "I am having issues with my cable tv",
        "userDefined": false
      }
    ],
    "isTemplate": false,
    "count": 0,
    "updated": 0
  },
  {
    "id": "c59f2c97-1818-422a-a683-7ed24b828005",
    "data": [
      {
        "text": "cable tv problems",
        "userDefined": false
      }
    ],
    "isTemplate": false,
    "count": 0,
    "updated": 0
  },
  {
    "id": "dc60fd3c-5aa2-46f5-86d6-bee88d64c211",
    "data": [
      {
        "text": "cable tv issues",
        "userDefined": false
      }
    ],
    "isTemplate": false,
    "count": 0,
    "updated": 0
  },
  {
    "id": "3b4fa001-942e-4d90-82e0-902bfc7d0ced",
    "data": [
      {
        "text": "cable troubleshoot",
        "userDefined": false
      }
    ],
    "isTemplate": false,
    "count": 0,
    "updated": 0
  },
  {
    "id": "c8390f3e-6c5c-49bb-bee2-d486e86f18fa",
    "data": [
      {
        "text": "cable troubleshooting",
        "userDefined": false
      }
    ],
    "isTemplate": false,
    "count": 0,
    "updated": 0
  },
  {
    "id": "1758ed50-72ab-429f-9f8c-4358f1d2d545",
    "data": [
      {
        "text": "cable access issues",
        "userDefined": false
      }
    ],
    "isTemplate": false,
    "count": 1,
    "updated": 0
  },
  {
    "id": "43110651-73c5-44b2-ae99-6ad07e502a50",
    "data": [
      {
        "text": "fix the subscription television",
        "userDefined": false
      }
    ],
    "isTemplate": false,
    "count": 0,
    "updated": 0
  },
  {
    "id": "cc1e3c07-606a-4e20-8f35-e113930385eb",
    "data": [
      {
        "text": "issues with subscription television",
        "userDefined": false
      }
    ],
    "isTemplate": false,
    "count": 0,
    "updated": 0
  },
  {
    "id": "dedc1b1a-8ce2-4800-8d76-7ce2c3e6253b",
    "data": [
      {
        "text": "problems with subscription television",
        "userDefined": false
      }
    ],
    "isTemplate": false,
    "count": 0,
    "updated": 0
  },
  {
    "id": "dd1aae02-53ed-4bdc-973e-3ee7f5abd096",
    "data": [
      {
        "text": "subscription television problems",
        "userDefined": false
      }
    ],
    "isTemplate": false,
    "count": 0,
    "updated": 0
  },
  {
    "id": "a2b004ae-2114-4380-8af5-1c7e99c531f7",
    "data": [
      {
        "text": "subscription television issues",
        "userDefined": false
      }
    ],
    "isTemplate": false,
    "count": 0,
    "updated": 0
  },
  {
    "id": "ce4c5eae-c839-473c-8584-4344fa939d59",
    "data": [
      {
        "text": "subscription television",
        "userDefined": false
      }
    ],
    "isTemplate": false,
    "count": 0,
    "updated": 0
  },
  {
    "id": "23be10cf-929b-45df-94d4-cbe10da29b96",
    "data": [
      {
        "text": "television",
        "userDefined": false
      }
    ],
    "isTemplate": false,
    "count": 0,
    "updated": 0
  },
  {
    "id": "7175a051-b90a-4002-823d-4420f2914bcb",
    "data": [
      {
        "text": "tv",
        "userDefined": false
      }
    ],
    "isTemplate": false,
    "count": 0,
    "updated": 0
  },
  {
    "id": "0331f078-bb37-413c-bbed-3d45ca225221",
    "data": [
      {
        "text": "cable",
        "meta": "@sys.ignore",
        "userDefined": false
      }
    ],
    "isTemplate": false,
    "count": 0,
    "updated": 0
  },
  {
    "id": "60d5c2c2-e335-423e-bea9-8b04b74d8c8b",
    "data": [
      {
        "text": "cable system",
        "userDefined": false
      }
    ],
    "isTemplate": false,
    "count": 0,
    "updated": 0
  },
  {
    "id": "f2bafb66-7f52-4129-8775-0e88d322151c",
    "data": [
      {
        "text": "cable access problems",
        "userDefined": false
      }
    ],
    "isTemplate": false,
    "count": 0,
    "updated": 0
  },
  {
    "id": "4ec9006b-2719-4388-a231-c8a6e5a4b6b5",
    "data": [
      {
        "text": "cable problems",
        "userDefined": false
      }
    ],
    "isTemplate": false,
    "count": 0,
    "updated": 0
  },
  {
    "id": "ea44fea1-1619-42c4-9f84-7e78404c62c3",
    "data": [
      {
        "text": "cable issues",
        "userDefined": false
      }
    ],
    "isTemplate": false,
    "count": 0,
    "updated": 0
  },
  {
    "id": "16b402e5-ddde-40e1-b42d-16316f20aaba",
    "data": [
      {
        "text": "cable tv",
        "userDefined": false
      }
    ],
    "isTemplate": false,
    "count": 0,
    "updated": 0
  }
]