[
  {
    "id": "037e9850-807c-499d-aac1-8afd41293dd4",
    "data": [
      {
        "text": "cable help and support",
        "userDefined": false
      }
    ],
    "isTemplate": false,
    "count": 0,
    "updated": 0
  },
  {
    "id": "c27a1b92-247b-4b90-9cee-ebb23fd6961d",
    "data": [
      {
        "text": "cable tv help and support",
        "userDefined": false
      }
    ],
    "isTemplate": false,
    "count": 0,
    "updated": 0
  },
  {
    "id": "71686ffd-81f5-44d5-a20b-d0a1be0da748",
    "data": [
      {
        "text": "help cable tv",
        "userDefined": false
      }
    ],
    "isTemplate": false,
    "count": 0,
    "updated": 0
  },
  {
    "id": "08165269-74cd-4d51-a469-c62ab4984ab0",
    "data": [
      {
        "text": "help cable",
        "userDefined": false
      }
    ],
    "isTemplate": false,
    "count": 0,
    "updated": 0
  },
  {
    "id": "9e86ed5f-3b1b-41f3-8abb-00a604819f9a",
    "data": [
      {
        "text": "cable tv help",
        "userDefined": false
      }
    ],
    "isTemplate": false,
    "count": 0,
    "updated": 0
  },
  {
    "id": "8a2467a1-97ad-40f5-9d4d-9393f322c5c7",
    "data": [
      {
        "text": "cable help",
        "userDefined": false
      }
    ],
    "isTemplate": false,
    "count": 0,
    "updated": 0
  },
  {
    "id": "d06f67bf-e626-4301-9881-1e4393fef238",
    "data": [
      {
        "text": "cable assistance",
        "userDefined": false
      }
    ],
    "isTemplate": false,
    "count": 0,
    "updated": 0
  },
  {
    "id": "93315ea5-675b-415b-9401-fd802662a328",
    "data": [
      {
        "text": "cable tv assistance",
        "userDefined": false
      }
    ],
    "isTemplate": false,
    "count": 0,
    "updated": 0
  },
  {
    "id": "ea5a4d8d-0915-4ead-9348-9b8cf65da897",
    "data": [
      {
        "text": "i need help with my cable",
        "userDefined": false
      }
    ],
    "isTemplate": false,
    "count": 0,
    "updated": 0
  },
  {
    "id": "03602361-70fa-401c-810a-908104c7af64",
    "data": [
      {
        "text": "i need help with my cable tv",
        "userDefined": false
      }
    ],
    "isTemplate": false,
    "count": 0,
    "updated": 0
  },
  {
    "id": "da30e66c-c773-4396-ab16-987dfa71b42b",
    "data": [
      {
        "text": "i need help with cable tv",
        "userDefined": false
      }
    ],
    "isTemplate": false,
    "count": 0,
    "updated": 0
  },
  {
    "id": "86f33ea2-4d5a-4b72-9475-e36bf18be1c7",
    "data": [
      {
        "text": "acme cable tv issues",
        "userDefined": false
      }
    ],
    "isTemplate": false,
    "count": 0,
    "updated": 0
  },
  {
    "id": "5c29fd2f-db45-4b51-ab10-97b816027496",
    "data": [
      {
        "text": "cable tv issues acme",
        "userDefined": false
      }
    ],
    "isTemplate": false,
    "count": 0,
    "updated": 0
  },
  {
    "id": "8c8661f1-53c3-4f86-9ee2-9dbee95dfb84",
    "data": [
      {
        "text": "cable tv issues ",
        "userDefined": false
      },
      {
        "text": "today",
        "meta": "@sys.ignore",
        "userDefined": false
      }
    ],
    "isTemplate": false,
    "count": 0,
    "updated": 0
  },
  {
    "id": "71df6a6c-f4aa-4454-b1c0-34ab700b15d2",
    "data": [
      {
        "text": "assist me with my cable tv",
        "userDefined": false
      }
    ],
    "isTemplate": false,
    "count": 0,
    "updated": 0
  },
  {
    "id": "e9893eea-7675-4ed1-a30e-6c04fd84ba52",
    "data": [
      {
        "text": "assist me with cable tv",
        "userDefined": false
      }
    ],
    "isTemplate": false,
    "count": 0,
    "updated": 0
  },
  {
    "id": "66f9fcea-98e9-498a-853c-02e47ca0c3a4",
    "data": [
      {
        "text": "assist me with my cable",
        "userDefined": false
      }
    ],
    "isTemplate": false,
    "count": 0,
    "updated": 0
  },
  {
    "id": "1bef4d40-5ba5-419c-8eb8-e1bb0fadf2d0",
    "data": [
      {
        "text": "assist me with cable",
        "userDefined": false
      }
    ],
    "isTemplate": false,
    "count": 1,
    "updated": 0
  },
  {
    "id": "dd44f764-ea65-4af7-b24e-06b4c3c595cc",
    "data": [
      {
        "text": "I need help with cable",
        "userDefined": false
      }
    ],
    "isTemplate": false,
    "count": 0,
    "updated": 0
  },
  {
    "id": "308920ea-5d43-4d46-9ec9-d6012970ccdb",
    "data": [
      {
        "text": "I need assistance with cable",
        "userDefined": false
      }
    ],
    "isTemplate": false,
    "count": 0,
    "updated": 0
  },
  {
    "id": "2549ba7c-2222-4259-b77d-518a29fc7f5c",
    "data": [
      {
        "text": "I need assistance with cable tv",
        "userDefined": false
      }
    ],
    "isTemplate": false,
    "count": 0,
    "updated": 0
  },
  {
    "id": "5531ec17-3ca0-4230-977e-8b07a0d334dd",
    "data": [
      {
        "text": "problems with the cable system",
        "userDefined": false
      }
    ],
    "isTemplate": false,
    "count": 0,
    "updated": 0
  },
  {
    "id": "6d174c0b-26db-4e3e-bb9d-fb29b99e427d",
    "data": [
      {
        "text": "issues with cable system",
        "userDefined": false
      }
    ],
    "isTemplate": false,
    "count": 0,
    "updated": 0
  },
  {
    "id": "b76c47b5-28af-43fe-9354-67a8f6177264",
    "data": [
      {
        "text": "cable system issues",
        "userDefined": false
      }
    ],
    "isTemplate": false,
    "count": 0,
    "updated": 0
  },
  {
    "id": "757a3a01-c3f6-485f-b92a-a70030866485",
    "data": [
      {
        "text": "cable system problems",
        "userDefined": false
      }
    ],
    "isTemplate": false,
    "count": 0,
    "updated": 0
  },
  {
    "id": "0fdc5666-c835-4e5b-9dce-726986ae93a1",
    "data": [
      {
        "text": "cable system repair",
        "userDefined": false
      }
    ],
    "isTemplate": false,
    "count": 0,
    "updated": 0
  },
  {
    "id": "cfbe60f3-35ed-4eb3-91e9-811e076c2297",
    "data": [
      {
        "text": "cable tv repair",
        "userDefined": false
      }
    ],
    "isTemplate": false,
    "count": 0,
    "updated": 0
  },
  {
    "id": "bec30d3f-458c-494b-b84b-4ec22a3643e7",
    "data": [
      {
        "text": "issues with the television",
        "userDefined": false
      }
    ],
    "isTemplate": false,
    "count": 0,
    "updated": 0
  },
  {
    "id": "d136dc21-2516-4d11-ac54-9ce20b67e8ad",
    "data": [
      {
        "text": "problems with the television",
        "userDefined": false
      }
    ],
    "isTemplate": false,
    "count": 0,
    "updated": 0
  },
  {
    "id": "5a04b88b-3534-481c-a442-c6cc4b2ab6c7",
    "data": [
      {
        "text": "television problems",
        "userDefined": false
      }
    ],
    "isTemplate": false,
    "count": 0,
    "updated": 0
  },
  {
    "id": "18c29d48-18b2-44c6-a91e-4071113b6e82",
    "data": [
      {
        "text": "television issues",
        "userDefined": false
      }
    ],
    "isTemplate": false,
    "count": 0,
    "updated": 0
  },
  {
    "id": "ae5562ee-c107-48c1-9b2d-6fc778188034",
    "data": [
      {
        "text": "pay television problems",
        "userDefined": false
      }
    ],
    "isTemplate": false,
    "count": 0,
    "updated": 0
  },
  {
    "id": "26131957-821f-42d1-a260-5624183e29bf",
    "data": [
      {
        "text": "pay television issues",
        "userDefined": false
      }
    ],
    "isTemplate": false,
    "count": 0,
    "updated": 0
  },
  {
    "id": "71bbcc3a-411c-415b-92d9-9ee1ec5c843c",
    "data": [
      {
        "text": "issues with pay television",
        "userDefined": false
      }
    ],
    "isTemplate": false,
    "count": 0,
    "updated": 0
  },
  {
    "id": "f30f1778-c3b9-4675-b83b-b1619b3bd7ea",
    "data": [
      {
        "text": "pay television",
        "userDefined": false
      }
    ],
    "isTemplate": false,
    "count": 0,
    "updated": 0
  },
  {
    "id": "5b26a2fc-7053-44f8-a7c2-b355c15af732",
    "data": [
      {
        "text": "problems with pay television",
        "userDefined": false
      }
    ],
    "isTemplate": false,
    "count": 0,
    "updated": 0
  },
  {
    "id": "5aa12699-c06c-4a14-a1ad-e0ab8eb5e59c",
    "data": [
      {
        "text": "repair pay television",
        "userDefined": false
      }
    ],
    "isTemplate": false,
    "count": 0,
    "updated": 0
  },
  {
    "id": "533f87da-1cf5-4c7f-b989-27f95d27f463",
    "data": [
      {
        "text": "repair the subscription television",
        "userDefined": false
      }
    ],
    "isTemplate": false,
    "count": 0,
    "updated": 0
  },
  {
    "id": "26fda520-fa9d-4cca-9aab-bfeffab94d00",
    "data": [
      {
        "text": "repair the cable tv",
        "userDefined": false
      }
    ],
    "isTemplate": false,
    "count": 0,
    "updated": 0
  },
  {
    "id": "3bdde930-2ec2-472e-b42d-4b2e44fcad4b",
    "data": [
      {
        "text": "repair the television",
        "userDefined": false
      }
    ],
    "isTemplate": false,
    "count": 0,
    "updated": 0
  },
  {
    "id": "6b8d57e9-8c9b-48b5-86f1-a22dab1f6cff",
    "data": [
      {
        "text": "repair the tv",
        "userDefined": false
      }
    ],
    "isTemplate": false,
    "count": 0,
    "updated": 0
  },
  {
    "id": "77ff0139-f0c6-4062-9cb6-1ccff55791f9",
    "data": [
      {
        "text": "repair the cable",
        "userDefined": false
      }
    ],
    "isTemplate": false,
    "count": 0,
    "updated": 0
  },
  {
    "id": "0136b9fc-9989-4a33-a216-f8e1da6a1270",
    "data": [
      {
        "text": "repair cable",
        "userDefined": false
      }
    ],
    "isTemplate": false,
    "count": 0,
    "updated": 0
  },
  {
    "id": "7bd513d3-e4ea-4f22-b7e1-fe5a1d81bc4a",
    "data": [
      {
        "text": "cable repair",
        "userDefined": false
      }
    ],
    "isTemplate": false,
    "count": 0,
    "updated": 0
  },
  {
    "id": "e3b59f19-6191-4f4e-9aba-f88d8e82f71a",
    "data": [
      {
        "text": "tv repair",
        "userDefined": false
      }
    ],
    "isTemplate": false,
    "count": 0,
    "updated": 0
  },
  {
    "id": "ffd0ac7b-82a3-4188-99a4-a523afed97f8",
    "data": [
      {
        "text": "television repair",
        "userDefined": false
      }
    ],
    "isTemplate": false,
    "count": 0,
    "updated": 0
  },
  {
    "id": "37c413df-5b78-4f9a-aca1-372bac0ebb64",
    "data": [
      {
        "text": "fix the tv",
        "userDefined": false
      }
    ],
    "isTemplate": false,
    "count": 0,
    "updated": 0
  },
  {
    "id": "3c8e27e8-222b-465f-b08b-5c96148b1cdd",
    "data": [
      {
        "text": "tv problems",
        "userDefined": false
      }
    ],
    "isTemplate": false,
    "count": 0,
    "updated": 0
  },
  {
    "id": "e4535d5a-c4d9-48cb-b989-51273886f26e",
    "data": [
      {
        "text": "tv issues",
        "userDefined": false
      }
    ],
    "isTemplate": false,
    "count": 0,
    "updated": 0
  },
  {
    "id": "231d3ed6-713c-4bd6-b986-fe059c9c5e45",
    "data": [
      {
        "text": "fix tv",
        "userDefined": false
      }
    ],
    "isTemplate": false,
    "count": 0,
    "updated": 0
  },
  {
    "id": "a83ee6e8-0593-464a-82bc-761f4eddaed5",
    "data": [
      {
        "text": "fix cable tv",
        "userDefined": false
      }
    ],
    "isTemplate": false,
    "count": 0,
    "updated": 0
  },
  {
    "id": "e52bdfab-45b4-4ea4-8580-f1ce88fabab3",
    "data": [
      {
        "text": "fix cable",
        "userDefined": false
      }
    ],
    "isTemplate": false,
    "count": 0,
    "updated": 0
  },
  {
    "id": "69ad85e6-e701-4cc3-9a7c-4e93d22cb052",
    "data": [
      {
        "text": "I need to fix my cable",
        "userDefined": false
      }
    ],
    "isTemplate": false,
    "count": 0,
    "updated": 0
  },
  {
    "id": "5c8a66db-61af-44d8-8512-7104b02a23d2",
    "data": [
      {
        "text": "troubleshooting cable tv",
        "userDefined": false
      }
    ],
    "isTemplate": false,
    "count": 0,
    "updated": 0
  },
  {
    "id": "c2e75f87-6444-4b10-a39e-354d3a0c12be",
    "data": [
      {
        "text": "issues with the cable tv",
        "userDefined": false
      }
    ],
    "isTemplate": false,
    "count": 0,
    "updated": 0
  },
  {
    "id": "ff606370-3466-4e50-9159-bee5c35bc5eb",
    "data": [
      {
        "text": "problems with the cable tv",
        "userDefined": false
      }
    ],
    "isTemplate": false,
    "count": 0,
    "updated": 0
  },
  {
    "id": "b999c4fb-bc64-464c-9582-2d846652340b",
    "data": [
      {
        "text": "I am having problems with my cable tv",
        "userDefined": false
      }
    ],
    "isTemplate": false,
    "count": 0,
    "updated": 0
  },
  {
    "id": "4692c640-6a01-4e6c-a958-9f3780b466ea",
    "data": [
      {
        "text": "I am having issues with my cable tv",
        "userDefined": false
      }
    ],
    "isTemplate": false,
    "count": 0,
    "updated": 0
  },
  {
    "id": "c59f2c97-1818-422a-a683-7ed24b828005",
    "data": [
      {
        "text": "cable tv problems",
        "userDefined": false
      }
    ],
    "isTemplate": false,
    "count": 0,
    "updated": 0
  },
  {
    "id": "dc60fd3c-5aa2-46f5-86d6-bee88d64c211",
    "data": [
      {
        "text": "cable tv issues",
        "userDefined": false
      }
    ],
    "isTemplate": false,
    "count": 0,
    "updated": 0
  },
  {
    "id": "3b4fa001-942e-4d90-82e0-902bfc7d0ced",
    "data": [
      {
        "text": "cable troubleshoot",
        "userDefined": false
      }
    ],
    "isTemplate": false,
    "count": 0,
    "updated": 0
  },
  {
    "id": "c8390f3e-6c5c-49bb-bee2-d486e86f18fa",
    "data": [
      {
        "text": "cable troubleshooting",
        "userDefined": false
      }
    ],
    "isTemplate": false,
    "count": 0,
    "updated": 0
  },
  {
    "id": "1758ed50-72ab-429f-9f8c-4358f1d2d545",
    "data": [
      {
        "text": "cable access issues",
        "userDefined": false
      }
    ],
    "isTemplate": false,
    "count": 1,
    "updated": 0
  },
  {
    "id": "43110651-73c5-44b2-ae99-6ad07e502a50",
    "data": [
      {
        "text": "fix the subscription television",
        "userDefined": false
      }
    ],
    "isTemplate": false,
    "count": 0,
    "updated": 0
  },
  {
    "id": "cc1e3c07-606a-4e20-8f35-e113930385eb",
    "data": [
      {
        "text": "issues with subscription television",
        "userDefined": false
      }
    ],
    "isTemplate": false,
    "count": 0,
    "updated": 0
  },
  {
    "id": "dedc1b1a-8ce2-4800-8d76-7ce2c3e6253b",
    "data": [
      {
        "text": "problems with subscription television",
        "userDefined": false
      }
    ],
    "isTemplate": false,
    "count": 0,
    "updated": 0
  },
  {
    "id": "dd1aae02-53ed-4bdc-973e-3ee7f5abd096",
    "data": [
      {
        "text": "subscription television problems",
        "userDefined": false
      }
    ],
    "isTemplate": false,
    "count": 0,
    "updated": 0
  },
  {
    "id": "a2b004ae-2114-4380-8af5-1c7e99c531f7",
    "data": [
      {
        "text": "subscription television issues",
        "userDefined": false
      }
    ],
    "isTemplate": false,
    "count": 0,
    "updated": 0
  },
  {
    "id": "ce4c5eae-c839-473c-8584-4344fa939d59",
    "data": [
      {
        "text": "subscription television",
        "userDefined": false
      }
    ],
    "isTemplate": false,
    "count": 0,
    "updated": 0
  },
  {
    "id": "23be10cf-929b-45df-94d4-cbe10da29b96",
    "data": [
      {
        "text": "television",
        "userDefined": false
      }
    ],
    "isTemplate": false,
    "count": 0,
    "updated": 0
  },
  {
    "id": "7175a051-b90a-4002-823d-4420f2914bcb",
    "data": [
      {
        "text": "tv",
        "userDefined": false
      }
    ],
    "isTemplate": false,
    "count": 0,
    "updated": 0
  },
  {
    "id": "0331f078-bb37-413c-bbed-3d45ca225221",
    "data": [
      {
        "text": "cable",
        "meta": "@sys.ignore",
        "userDefined": false
      }
    ],
    "isTemplate": false,
    "count": 0,
    "updated": 0
  },
  {
    "id": "60d5c2c2-e335-423e-bea9-8b04b74d8c8b",
    "data": [
      {
        "text": "cable system",
        "userDefined": false
      }
    ],
    "isTemplate": false,
    "count": 0,
    "updated": 0
  },
  {
    "id": "f2bafb66-7f52-4129-8775-0e88d322151c",
    "data": [
      {
        "text": "cable access problems",
        "userDefined": false
      }
    ],
    "isTemplate": false,
    "count": 0,
    "updated": 0
  },
  {
    "id": "4ec9006b-2719-4388-a231-c8a6e5a4b6b5",
    "data": [
      {
        "text": "cable problems",
        "userDefined": false
      }
    ],
    "isTemplate": false,
    "count": 0,
    "updated": 0
  },
  {
    "id": "ea44fea1-1619-42c4-9f84-7e78404c62c3",
    "data": [
      {
        "text": "cable issues",
        "userDefined": false
      }
    ],
    "isTemplate": false,
    "count": 0,
    "updated": 0
  },
  {
    "id": "16b402e5-ddde-40e1-b42d-16316f20aaba",
    "data": [
      {
        "text": "cable tv",
        "userDefined": false
      }
    ],
    "isTemplate": false,
    "count": 0,
    "updated": 0
  }
]