[
  {
    "id": "23b65176-2048-47a3-ac23-0784abe56a8b",
    "data": [
      {
        "text": "customer support service",
        "userDefined": false
      }
    ],
    "isTemplate": false,
    "count": 0,
    "updated": 0
  },
  {
    "id": "0cd2d266-0fbe-495a-8360-1ef18d3e418d",
    "data": [
      {
        "text": "client-service",
        "userDefined": false
      }
    ],
    "isTemplate": false,
    "count": 0,
    "updated": 0
  },
  {
    "id": "df3f8bea-4113-4ce3-bf40-a47eb5d6b4ac",
    "data": [
      {
        "text": "customer support team",
        "userDefined": false
      }
    ],
    "isTemplate": false,
    "count": 0,
    "updated": 0
  },
  {
    "id": "2bb5f723-e862-49eb-aa49-8bb4252ffd2c",
    "data": [
      {
        "text": "clients services",
        "userDefined": false
      }
    ],
    "isTemplate": false,
    "count": 0,
    "updated": 0
  },
  {
    "id": "87ec6db6-ce7c-466e-9b7a-0c8746dc27a4",
    "data": [
      {
        "text": "customer service office",
        "userDefined": false
      }
    ],
    "isTemplate": false,
    "count": 0,
    "updated": 0
  },
  {
    "id": "3dea79ad-5fe2-489d-9920-266680fbc60c",
    "data": [
      {
        "text": "client servicing",
        "userDefined": false
      }
    ],
    "isTemplate": false,
    "count": 0,
    "updated": 0
  },
  {
    "id": "6908361f-1def-4e6d-8b7f-27f9a919e300",
    "data": [
      {
        "text": "customer care",
        "userDefined": false
      }
    ],
    "isTemplate": false,
    "count": 0,
    "updated": 0
  },
  {
    "id": "3a770642-1353-4c86-a817-4c2159adaba9",
    "data": [
      {
        "text": "support services",
        "userDefined": false
      }
    ],
    "isTemplate": false,
    "count": 0,
    "updated": 0
  },
  {
    "id": "9bff848f-23ab-4fde-babe-646aa9cbc456",
    "data": [
      {
        "text": "customer assistance",
        "userDefined": false
      }
    ],
    "isTemplate": false,
    "count": 0,
    "updated": 0
  },
  {
    "id": "862f3c42-6e09-487e-a29d-4c3946c849da",
    "data": [
      {
        "text": "customer service department",
        "userDefined": false
      }
    ],
    "isTemplate": false,
    "count": 0,
    "updated": 0
  },
  {
    "id": "10f81b6d-b5bb-4b37-9fef-1ab203db23da",
    "data": [
      {
        "text": "help line",
        "userDefined": false
      }
    ],
    "isTemplate": false,
    "count": 0,
    "updated": 0
  },
  {
    "id": "cf6d1312-2930-41f9-8fef-7149a701f554",
    "data": [
      {
        "text": "client service",
        "userDefined": false
      }
    ],
    "isTemplate": false,
    "count": 0,
    "updated": 0
  },
  {
    "id": "224391da-7af5-4ef2-8c69-1f9ae7b32055",
    "data": [
      {
        "text": "cs person",
        "userDefined": false
      }
    ],
    "isTemplate": false,
    "count": 0,
    "updated": 0
  },
  {
    "id": "c8857ddd-bf58-4125-9eab-6d646452299f",
    "data": [
      {
        "text": "cs representative",
        "userDefined": false
      }
    ],
    "isTemplate": false,
    "count": 0,
    "updated": 0
  },
  {
    "id": "25e0f948-b44d-4fae-b4c8-b10c5194bc29",
    "data": [
      {
        "text": "cs",
        "userDefined": false
      }
    ],
    "isTemplate": false,
    "count": 0,
    "updated": 0
  },
  {
    "id": "a47f7abd-9eb8-4af4-a0d3-0384101c8dc4",
    "data": [
      {
        "text": "cs rep",
        "userDefined": false
      }
    ],
    "isTemplate": false,
    "count": 0,
    "updated": 0
  },
  {
    "id": "28d6d2e8-6b2c-41ea-9de2-c2f9db0ba2aa",
    "data": [
      {
        "text": "customer service rep",
        "userDefined": false
      }
    ],
    "isTemplate": false,
    "count": 0,
    "updated": 0
  },
  {
    "id": "134b47b4-a0f0-4d1b-b8e2-fcc20dd1c4e9",
    "data": [
      {
        "text": "customer service representative",
        "userDefined": false
      }
    ],
    "isTemplate": false,
    "count": 0,
    "updated": 0
  },
  {
    "id": "62c1a360-2caf-4b1a-bfcf-213c20f4f824",
    "data": [
      {
        "text": "customer service agent",
        "userDefined": false
      }
    ],
    "isTemplate": false,
    "count": 0,
    "updated": 0
  },
  {
    "id": "e04cff6a-4538-4cf9-969e-37e4d15c0e84",
    "data": [
      {
        "text": "customer service",
        "userDefined": false
      }
    ],
    "isTemplate": false,
    "count": 0,
    "updated": 0
  }
]