[
  {
    "id": "d6b1ca17-8313-4be9-a1fa-f47e7f2418bf",
    "data": [
      {
        "text": "I can be reached by ",
        "userDefined": false
      },
      {
        "text": "864 388 9000",
        "alias": "phonenumber",
        "meta": "@sys.phone-number",
        "userDefined": false
      }
    ],
    "isTemplate": false,
    "count": 0,
    "updated": 0
  },
  {
    "id": "66f67721-d758-4e2d-b6c5-be680da4b69e",
    "data": [
      {
        "text": "phone number is ",
        "userDefined": false
      },
      {
        "text": "8642973551",
        "alias": "phonenumber",
        "meta": "@sys.phone-number",
        "userDefined": false
      }
    ],
    "isTemplate": false,
    "count": 0,
    "updated": 0
  },
  {
    "id": "9dcd9c17-11de-476e-ad27-fb67dc565385",
    "data": [
      {
        "text": "here is my phone number ",
        "userDefined": false
      },
      {
        "text": "8544547878",
        "alias": "phonenumber",
        "meta": "@sys.phone-number",
        "userDefined": false
      }
    ],
    "isTemplate": false,
    "count": 0,
    "updated": 0
  },
  {
    "id": "deffabaf-5c8c-4bff-83b5-a00b9fa1b767",
    "data": [
      {
        "text": "use ",
        "userDefined": false
      },
      {
        "text": "8438484411",
        "alias": "phonenumber",
        "meta": "@sys.phone-number",
        "userDefined": false
      }
    ],
    "isTemplate": false,
    "count": 0,
    "updated": 0
  },
  {
    "id": "2ce5ea91-1ff6-4275-a162-1a41d927974e",
    "data": [
      {
        "text": "8396552000",
        "alias": "phonenumber",
        "meta": "@sys.phone-number",
        "userDefined": true
      },
      {
        "text": " is my cell phone number",
        "userDefined": false
      }
    ],
    "isTemplate": false,
    "count": 0,
    "updated": 0
  },
  {
    "id": "cb611ee2-acb0-45f8-8551-d21dbb4c4b4b",
    "data": [
      {
        "text": "8036559944",
        "alias": "phonenumber",
        "meta": "@sys.phone-number",
        "userDefined": true
      },
      {
        "text": " is my home phone number",
        "userDefined": false
      }
    ],
    "isTemplate": false,
    "count": 0,
    "updated": 0
  },
  {
    "id": "8b68b6b4-223a-49c7-adf4-301a444710e2",
    "data": [
      {
        "text": "reach me by ",
        "userDefined": false
      },
      {
        "text": "839 5116688",
        "alias": "phonenumber",
        "meta": "@sys.phone-number",
        "userDefined": false
      }
    ],
    "isTemplate": false,
    "count": 0,
    "updated": 0
  },
  {
    "id": "40b80141-63f0-4c7e-9e6b-eb4166801e95",
    "data": [
      {
        "text": "call me at ",
        "userDefined": false
      },
      {
        "text": "803 6115899",
        "alias": "phonenumber",
        "meta": "@sys.phone-number",
        "userDefined": false
      }
    ],
    "isTemplate": false,
    "count": 0,
    "updated": 0
  },
  {
    "id": "7f165b04-27a8-4a14-95f9-b4b125d1c4b0",
    "data": [
      {
        "text": "my cell is ",
        "userDefined": false
      },
      {
        "text": "854 6281158",
        "alias": "phonenumber",
        "meta": "@sys.phone-number",
        "userDefined": false
      }
    ],
    "isTemplate": false,
    "count": 0,
    "updated": 0
  },
  {
    "id": "3dc805d1-de53-4c9c-a62f-9bf2cc0cb91b",
    "data": [
      {
        "text": "I can be reached through my cell phone number ",
        "userDefined": false
      },
      {
        "text": "843 2873600",
        "alias": "phonenumber",
        "meta": "@sys.phone-number",
        "userDefined": false
      }
    ],
    "isTemplate": false,
    "count": 0,
    "updated": 0
  },
  {
    "id": "c7b08cb7-e085-4207-a073-c1de00c90421",
    "data": [
      {
        "text": "contact me at ",
        "userDefined": false
      },
      {
        "text": "864 6546518",
        "alias": "phonenumber",
        "meta": "@sys.phone-number",
        "userDefined": false
      }
    ],
    "isTemplate": false,
    "count": 0,
    "updated": 0
  },
  {
    "id": "5d509738-a181-454b-902a-3eed7327cfaf",
    "data": [
      {
        "text": "my cell phone number is ",
        "userDefined": false
      },
      {
        "text": "864 268-3118",
        "alias": "phonenumber",
        "meta": "@sys.phone-number",
        "userDefined": false
      }
    ],
    "isTemplate": false,
    "count": 0,
    "updated": 0
  },
  {
    "id": "2a58f321-efad-4f30-9784-4af052076e63",
    "data": [
      {
        "text": "my home phone number is ",
        "userDefined": false
      },
      {
        "text": "854 335-0051",
        "alias": "phonenumber",
        "meta": "@sys.phone-number",
        "userDefined": false
      }
    ],
    "isTemplate": false,
    "count": 0,
    "updated": 0
  },
  {
    "id": "47dbc6a6-7758-40f9-8de5-3dfd399a0d1e",
    "data": [
      {
        "text": "my house number is ",
        "userDefined": false
      },
      {
        "text": "843 203-7200",
        "alias": "phonenumber",
        "meta": "@sys.phone-number",
        "userDefined": false
      }
    ],
    "isTemplate": false,
    "count": 0,
    "updated": 0
  },
  {
    "id": "47e749af-9525-457d-adac-e7624fad53fa",
    "data": [
      {
        "text": "my number is ",
        "userDefined": false
      },
      {
        "text": "839 520-6622",
        "alias": "phonenumber",
        "meta": "@sys.phone-number",
        "userDefined": false
      }
    ],
    "isTemplate": false,
    "count": 0,
    "updated": 0
  },
  {
    "id": "98914270-5d04-4325-829a-8d073630e6cb",
    "data": [
      {
        "text": "my phone number is ",
        "userDefined": false
      },
      {
        "text": "801 995-5412",
        "alias": "phonenumber",
        "meta": "@sys.phone-number",
        "userDefined": false
      }
    ],
    "isTemplate": false,
    "count": 0,
    "updated": 0
  },
  {
    "id": "e326be80-a9bc-47c1-ac47-98260e6c8f63",
    "data": [
      {
        "text": "839 211-5645",
        "alias": "phonenumber",
        "meta": "@sys.phone-number",
        "userDefined": false
      }
    ],
    "isTemplate": false,
    "count": 0,
    "updated": 0
  },
  {
    "id": "16f8f394-c3dc-453f-836b-5efcb2fb88e2",
    "data": [
      {
        "text": "803 618-9217",
        "alias": "phonenumber",
        "meta": "@sys.phone-number",
        "userDefined": false
      }
    ],
    "isTemplate": false,
    "count": 0,
    "updated": 0
  },
  {
    "id": "2aaa21b9-fa34-4765-932d-aaf7c868181d",
    "data": [
      {
        "text": "854 848-9920",
        "alias": "phonenumber",
        "meta": "@sys.phone-number",
        "userDefined": false
      }
    ],
    "isTemplate": false,
    "count": 0,
    "updated": 0
  },
  {
    "id": "b22983e6-aae7-4ff5-a793-177924e671e9",
    "data": [
      {
        "text": "843 564-2310",
        "alias": "phonenumber",
        "meta": "@sys.phone-number",
        "userDefined": false
      }
    ],
    "isTemplate": false,
    "count": 0,
    "updated": 0
  },
  {
    "id": "3bb67ea8-1020-4ef9-bf05-2e2977d06997",
    "data": [
      {
        "text": "864 563-5656",
        "alias": "phonenumber",
        "meta": "@sys.phone-number",
        "userDefined": false
      }
    ],
    "isTemplate": false,
    "count": 0,
    "updated": 0
  },
  {
    "id": "9bb5fb30-3f49-4c35-afb7-5d56d74ab6a9",
    "data": [
      {
        "text": "839-559-4674",
        "alias": "phonenumber",
        "meta": "@sys.phone-number",
        "userDefined": false
      }
    ],
    "isTemplate": false,
    "count": 0,
    "updated": 0
  },
  {
    "id": "af342a21-3a91-426d-b11d-9e5aac6a6d54",
    "data": [
      {
        "text": "803-949-3932",
        "alias": "phonenumber",
        "meta": "@sys.phone-number",
        "userDefined": false
      }
    ],
    "isTemplate": false,
    "count": 0,
    "updated": 0
  },
  {
    "id": "80a9ab97-d279-42b2-805b-a8cdb20e58c9",
    "data": [
      {
        "text": "854-203-3000",
        "alias": "phonenumber",
        "meta": "@sys.phone-number",
        "userDefined": false
      }
    ],
    "isTemplate": false,
    "count": 0,
    "updated": 0
  },
  {
    "id": "77f19e8d-bdd7-4393-a754-92b99604bd8d",
    "data": [
      {
        "text": "843-002-3303",
        "alias": "phonenumber",
        "meta": "@sys.phone-number",
        "userDefined": false
      }
    ],
    "isTemplate": false,
    "count": 0,
    "updated": 0
  },
  {
    "id": "6cc4b5e3-4531-48ba-81c3-3ae2ae927129",
    "data": [
      {
        "text": "864-949-4443",
        "alias": "phonenumber",
        "meta": "@sys.phone-number",
        "userDefined": false
      }
    ],
    "isTemplate": false,
    "count": 0,
    "updated": 0
  },
  {
    "id": "74bdbc23-f85b-4f86-906d-20d07091c616",
    "data": [
      {
        "text": "(854) 999-4444",
        "alias": "phonenumber",
        "meta": "@sys.phone-number",
        "userDefined": false
      }
    ],
    "isTemplate": false,
    "count": 0,
    "updated": 0
  },
  {
    "id": "ba42856c-a433-4206-9d85-93f84b58793f",
    "data": [
      {
        "text": "(843) 940-4949",
        "alias": "phonenumber",
        "meta": "@sys.phone-number",
        "userDefined": false
      }
    ],
    "isTemplate": false,
    "count": 0,
    "updated": 0
  },
  {
    "id": "583cfa1f-73e7-4ee7-abc0-d4dbf8b16750",
    "data": [
      {
        "text": "(839) 777-0404",
        "alias": "phonenumber",
        "meta": "@sys.phone-number",
        "userDefined": false
      }
    ],
    "isTemplate": false,
    "count": 0,
    "updated": 0
  },
  {
    "id": "735090fa-def4-415c-bcc8-bf006dcd8b7c",
    "data": [
      {
        "text": "(803) 430-4439",
        "alias": "phonenumber",
        "meta": "@sys.phone-number",
        "userDefined": false
      }
    ],
    "isTemplate": false,
    "count": 0,
    "updated": 0
  },
  {
    "id": "56300955-e15c-4166-91f3-07c65088e3e8",
    "data": [
      {
        "text": "(864) 544-9494",
        "alias": "phonenumber",
        "meta": "@sys.phone-number",
        "userDefined": false
      }
    ],
    "isTemplate": false,
    "count": 0,
    "updated": 0
  }
]