[
  {
    "id": "6013f4f7-e36b-4f0b-89d9-0c0f3fb250a0",
    "data": [
      {
        "text": "customer support service",
        "userDefined": false
      }
    ],
    "isTemplate": false,
    "count": 0,
    "updated": 0
  },
  {
    "id": "6fb59e7d-6eb6-4f10-9b00-f48cd1910295",
    "data": [
      {
        "text": "client-service",
        "userDefined": false
      }
    ],
    "isTemplate": false,
    "count": 0,
    "updated": 0
  },
  {
    "id": "6dd405aa-7326-400d-ab78-99ef4d065092",
    "data": [
      {
        "text": "customer support team",
        "userDefined": false
      }
    ],
    "isTemplate": false,
    "count": 0,
    "updated": 0
  },
  {
    "id": "f1ef6743-8498-45a8-affe-4e6feeec4631",
    "data": [
      {
        "text": "clients services",
        "userDefined": false
      }
    ],
    "isTemplate": false,
    "count": 0,
    "updated": 0
  },
  {
    "id": "3b28612f-d5ba-4142-abe4-25439e6f9739",
    "data": [
      {
        "text": "customer service office",
        "userDefined": false
      }
    ],
    "isTemplate": false,
    "count": 0,
    "updated": 0
  },
  {
    "id": "af9252e7-8504-41d3-a7e8-739330c35837",
    "data": [
      {
        "text": "client servicing",
        "userDefined": false
      }
    ],
    "isTemplate": false,
    "count": 0,
    "updated": 0
  },
  {
    "id": "bdeeef1e-3cde-436d-89ca-fd0273122a68",
    "data": [
      {
        "text": "customer care",
        "userDefined": false
      }
    ],
    "isTemplate": false,
    "count": 0,
    "updated": 0
  },
  {
    "id": "39a73abb-f205-402c-b56d-c95ede96e451",
    "data": [
      {
        "text": "support services",
        "userDefined": false
      }
    ],
    "isTemplate": false,
    "count": 0,
    "updated": 0
  },
  {
    "id": "0aa3b2ce-b5d9-4864-b825-4da0a2b15596",
    "data": [
      {
        "text": "customer assistance",
        "userDefined": false
      }
    ],
    "isTemplate": false,
    "count": 0,
    "updated": 0
  },
  {
    "id": "11771535-7c10-4fa0-ae2b-ec1a8e6f59e8",
    "data": [
      {
        "text": "customer service department",
        "userDefined": false
      }
    ],
    "isTemplate": false,
    "count": 0,
    "updated": 0
  },
  {
    "id": "2f601fdd-ff89-49ea-b4c1-7ed51736aea9",
    "data": [
      {
        "text": "help line",
        "userDefined": false
      }
    ],
    "isTemplate": false,
    "count": 0,
    "updated": 0
  },
  {
    "id": "369c9da4-54b1-4842-bf33-b68faa7662ab",
    "data": [
      {
        "text": "client service",
        "userDefined": false
      }
    ],
    "isTemplate": false,
    "count": 0,
    "updated": 0
  },
  {
    "id": "cbf149ff-041c-4569-bc27-8210057c8b63",
    "data": [
      {
        "text": "cs person",
        "userDefined": false
      }
    ],
    "isTemplate": false,
    "count": 0,
    "updated": 0
  },
  {
    "id": "52d2b4c9-855b-401b-9163-ed6ad2b41635",
    "data": [
      {
        "text": "cs representative",
        "userDefined": false
      }
    ],
    "isTemplate": false,
    "count": 0,
    "updated": 0
  },
  {
    "id": "4027b858-b886-4962-96c2-0de70dab20a9",
    "data": [
      {
        "text": "cs",
        "userDefined": false
      }
    ],
    "isTemplate": false,
    "count": 0,
    "updated": 0
  },
  {
    "id": "ccf2ad97-084b-4f48-94cd-a83c2b5febe2",
    "data": [
      {
        "text": "cs rep",
        "userDefined": false
      }
    ],
    "isTemplate": false,
    "count": 0,
    "updated": 0
  },
  {
    "id": "4d22c95a-391b-4f36-93c4-e4754a26aa93",
    "data": [
      {
        "text": "customer service rep",
        "userDefined": false
      }
    ],
    "isTemplate": false,
    "count": 0,
    "updated": 0
  },
  {
    "id": "2fd5cda2-ce5b-4787-ab3f-7f8adbf2816e",
    "data": [
      {
        "text": "customer service representative",
        "userDefined": false
      }
    ],
    "isTemplate": false,
    "count": 0,
    "updated": 0
  },
  {
    "id": "8474f833-7725-4958-a326-e12d99714078",
    "data": [
      {
        "text": "customer service agent",
        "userDefined": false
      }
    ],
    "isTemplate": false,
    "count": 0,
    "updated": 0
  },
  {
    "id": "d8adccda-0685-400c-91e0-40c1c9f69cb5",
    "data": [
      {
        "text": "customer service",
        "userDefined": false
      }
    ],
    "isTemplate": false,
    "count": 0,
    "updated": 0
  }
]