[
  {
    "id": "c049c7f2-453f-4b29-b5ec-fde2d294ea5a",
    "data": [
      {
        "text": "the appointment is at ",
        "userDefined": false
      },
      {
        "text": "9494 Cherry Rd Spartanburg 29383",
        "alias": "location",
        "meta": "@sys.location",
        "userDefined": false
      }
    ],
    "isTemplate": false,
    "count": 0,
    "updated": 0
  },
  {
    "id": "b6973525-176b-43fc-a902-c227a80863be",
    "data": [
      {
        "text": "i reside at ",
        "userDefined": false
      },
      {
        "text": "9309 Park Way Laketown 03039",
        "alias": "location",
        "meta": "@sys.location",
        "userDefined": false
      }
    ],
    "isTemplate": false,
    "count": 0,
    "updated": 0
  },
  {
    "id": "d588f10b-a016-4214-a7fa-ad8ae014f50c",
    "data": [
      {
        "text": "i live at ",
        "userDefined": false
      },
      {
        "text": "234 Gate Rd Lexington 08888",
        "alias": "location",
        "meta": "@sys.location",
        "userDefined": false
      }
    ],
    "isTemplate": false,
    "count": 0,
    "updated": 0
  },
  {
    "id": "e21dd18d-a53c-4644-820c-3835afaa8ee8",
    "data": [
      {
        "text": "my city is ",
        "userDefined": false
      },
      {
        "text": "Bergenfield",
        "alias": "location",
        "meta": "@sys.location",
        "userDefined": true
      },
      {
        "text": ", my zip code is ",
        "userDefined": false
      },
      {
        "text": "07621",
        "alias": "location",
        "meta": "@sys.location",
        "userDefined": false
      },
      {
        "text": " and address is ",
        "userDefined": false
      },
      {
        "text": "7247 Lakeshore Ave",
        "alias": "location",
        "meta": "@sys.location",
        "userDefined": true
      }
    ],
    "isTemplate": false,
    "count": 0,
    "updated": 0
  },
  {
    "id": "9e098502-1fa3-4d24-8107-7f0d044126c8",
    "data": [
      {
        "text": "my zip is ",
        "userDefined": false
      },
      {
        "text": "04106",
        "alias": "location",
        "meta": "@sys.location",
        "userDefined": true
      },
      {
        "text": ", address is ",
        "userDefined": false
      },
      {
        "text": "11 E. Prairie St",
        "alias": "location",
        "meta": "@sys.location",
        "userDefined": false
      },
      {
        "text": " and city is ",
        "userDefined": false
      },
      {
        "text": "South Portland",
        "alias": "location",
        "meta": "@sys.location",
        "userDefined": true
      }
    ],
    "isTemplate": false,
    "count": 0,
    "updated": 0
  },
  {
    "id": "6c2d9f4a-9cbf-4145-a412-9ab8d8f609d9",
    "data": [
      {
        "text": "my zip code is ",
        "userDefined": false
      },
      {
        "text": "95008",
        "alias": "location",
        "meta": "@sys.location",
        "userDefined": false
      },
      {
        "text": ", address is ",
        "userDefined": false
      },
      {
        "text": "97 Fairway Court",
        "alias": "location",
        "meta": "@sys.location",
        "userDefined": true
      },
      {
        "text": " and city is ",
        "userDefined": false
      },
      {
        "text": "Campbell",
        "alias": "location",
        "meta": "@sys.location",
        "userDefined": true
      }
    ],
    "isTemplate": false,
    "count": 0,
    "updated": 0
  },
  {
    "id": "6265bbed-a15d-44ee-8156-3122afecf13b",
    "data": [
      {
        "text": "my city is ",
        "userDefined": false
      },
      {
        "text": "Hightstown",
        "alias": "location",
        "meta": "@sys.location",
        "userDefined": true
      },
      {
        "text": ", address is ",
        "userDefined": false
      },
      {
        "text": "543 Andover Dr",
        "alias": "location",
        "meta": "@sys.location",
        "userDefined": false
      },
      {
        "text": " and zip code ",
        "userDefined": false
      },
      {
        "text": "08520",
        "alias": "location",
        "meta": "@sys.location",
        "userDefined": false
      }
    ],
    "isTemplate": false,
    "count": 0,
    "updated": 0
  },
  {
    "id": "d37626c4-27da-4bb0-a049-f1adfe4cd29d",
    "data": [
      {
        "text": "city ",
        "userDefined": false
      },
      {
        "text": "Methuen",
        "alias": "location",
        "meta": "@sys.location",
        "userDefined": true
      },
      {
        "text": " address ",
        "userDefined": false
      },
      {
        "text": "97 Brookside St.",
        "alias": "location",
        "meta": "@sys.location",
        "userDefined": true
      },
      {
        "text": " zip code ",
        "userDefined": false
      },
      {
        "text": "01844",
        "alias": "location",
        "meta": "@sys.location",
        "userDefined": false
      }
    ],
    "isTemplate": false,
    "count": 0,
    "updated": 0
  },
  {
    "id": "fbad0911-0b18-489e-840b-bcec503c3765",
    "data": [
      {
        "text": "city ",
        "userDefined": false
      },
      {
        "text": "Hamtramck",
        "alias": "location",
        "meta": "@sys.location",
        "userDefined": true
      },
      {
        "text": " street address ",
        "userDefined": false
      },
      {
        "text": "950 North Edgewater Circle",
        "alias": "location",
        "meta": "@sys.location",
        "userDefined": true
      },
      {
        "text": " zip ",
        "userDefined": false
      },
      {
        "text": "48212",
        "alias": "location",
        "meta": "@sys.location",
        "userDefined": false
      }
    ],
    "isTemplate": false,
    "count": 0,
    "updated": 0
  },
  {
    "id": "29151459-3007-4c23-97be-e030cf7d7b7f",
    "data": [
      {
        "text": "city ",
        "userDefined": false
      },
      {
        "text": "Riverdale",
        "alias": "location",
        "meta": "@sys.location",
        "userDefined": true
      },
      {
        "text": " address ",
        "userDefined": false
      },
      {
        "text": "8008 Olive Ave.",
        "alias": "location",
        "meta": "@sys.location",
        "userDefined": true
      },
      {
        "text": " zip ",
        "userDefined": false
      },
      {
        "text": "30274",
        "alias": "location",
        "meta": "@sys.location",
        "userDefined": false
      }
    ],
    "isTemplate": false,
    "count": 0,
    "updated": 0
  },
  {
    "id": "34dc1347-f205-478b-a037-e14fe5ee095f",
    "data": [
      {
        "text": "city ",
        "userDefined": false
      },
      {
        "text": "Lafayette",
        "alias": "location",
        "meta": "@sys.location",
        "userDefined": true
      },
      {
        "text": " street address ",
        "userDefined": false
      },
      {
        "text": "7021 Roberts St",
        "alias": "location",
        "meta": "@sys.location",
        "userDefined": true
      },
      {
        "text": " zip code ",
        "userDefined": false
      },
      {
        "text": "47905",
        "alias": "location",
        "meta": "@sys.location",
        "userDefined": false
      }
    ],
    "isTemplate": false,
    "count": 0,
    "updated": 0
  },
  {
    "id": "643dcef4-debb-467b-a71f-d7731be7ba08",
    "data": [
      {
        "text": "zip code ",
        "userDefined": false
      },
      {
        "text": "11704",
        "alias": "location",
        "meta": "@sys.location",
        "userDefined": false
      },
      {
        "text": " city ",
        "userDefined": false
      },
      {
        "text": "West Babylon",
        "alias": "location",
        "meta": "@sys.location",
        "userDefined": true
      },
      {
        "text": " street address ",
        "userDefined": false
      },
      {
        "text": "971 Arrowhead Street",
        "alias": "location",
        "meta": "@sys.location",
        "userDefined": true
      }
    ],
    "isTemplate": false,
    "count": 0,
    "updated": 0
  },
  {
    "id": "0d1a4545-30c6-49a8-b843-a7e587146ab3",
    "data": [
      {
        "text": "zip ",
        "userDefined": false
      },
      {
        "text": "07740",
        "alias": "location",
        "meta": "@sys.location",
        "userDefined": false
      },
      {
        "text": " city ",
        "userDefined": false
      },
      {
        "text": "Long Branch",
        "alias": "location",
        "meta": "@sys.location",
        "userDefined": true
      },
      {
        "text": " street address ",
        "userDefined": false
      },
      {
        "text": "934 Old York Lane",
        "alias": "location",
        "meta": "@sys.location",
        "userDefined": true
      }
    ],
    "isTemplate": false,
    "count": 0,
    "updated": 0
  },
  {
    "id": "2fb0a2b0-846a-4d0b-a121-7101b213a128",
    "data": [
      {
        "text": "city ",
        "userDefined": false
      },
      {
        "text": "Asheville",
        "alias": "location",
        "meta": "@sys.location",
        "userDefined": true
      },
      {
        "text": " zip code ",
        "userDefined": false
      },
      {
        "text": "28803",
        "alias": "location",
        "meta": "@sys.location",
        "userDefined": true
      },
      {
        "text": " street address ",
        "userDefined": false
      },
      {
        "text": "7618 Mountainview Ave",
        "alias": "location",
        "meta": "@sys.location",
        "userDefined": false
      }
    ],
    "isTemplate": false,
    "count": 0,
    "updated": 0
  },
  {
    "id": "d46f66db-2316-4fd0-bdb4-0d0104095caf",
    "data": [
      {
        "text": "city ",
        "userDefined": false
      },
      {
        "text": "Painesville",
        "alias": "location",
        "meta": "@sys.location",
        "userDefined": true
      },
      {
        "text": " zip ",
        "userDefined": false
      },
      {
        "text": "44077",
        "alias": "location",
        "meta": "@sys.location",
        "userDefined": true
      },
      {
        "text": " street address ",
        "userDefined": false
      },
      {
        "text": "118 Homewood Dr",
        "alias": "location",
        "meta": "@sys.location",
        "userDefined": false
      }
    ],
    "isTemplate": false,
    "count": 0,
    "updated": 0
  },
  {
    "id": "951ec193-8b98-4408-9cbe-0f62b25072f0",
    "data": [
      {
        "text": "city ",
        "userDefined": false
      },
      {
        "text": "York",
        "alias": "location",
        "meta": "@sys.location",
        "userDefined": true
      },
      {
        "text": " zip ",
        "userDefined": false
      },
      {
        "text": "21207",
        "alias": "location",
        "meta": "@sys.location",
        "userDefined": true
      },
      {
        "text": " address ",
        "userDefined": false
      },
      {
        "text": "344 Lower River Street",
        "alias": "location",
        "meta": "@sys.location",
        "userDefined": true
      }
    ],
    "isTemplate": false,
    "count": 0,
    "updated": 0
  },
  {
    "id": "2473d340-7fd8-4b4c-b9fa-27af59c76b53",
    "data": [
      {
        "text": "city ",
        "userDefined": false
      },
      {
        "text": "Fort Worth",
        "alias": "location",
        "meta": "@sys.location",
        "userDefined": false
      },
      {
        "text": " zip code ",
        "userDefined": false
      },
      {
        "text": "76110",
        "alias": "location",
        "meta": "@sys.location",
        "userDefined": true
      },
      {
        "text": " address ",
        "userDefined": false
      },
      {
        "text": "60 Vermont Drive",
        "alias": "location",
        "meta": "@sys.location",
        "userDefined": true
      }
    ],
    "isTemplate": false,
    "count": 0,
    "updated": 0
  },
  {
    "id": "3443fa73-7925-44f4-a3c3-7daea7d345ac",
    "data": [
      {
        "text": "zip ",
        "userDefined": false
      },
      {
        "text": "10598",
        "alias": "location",
        "meta": "@sys.location",
        "userDefined": false
      },
      {
        "text": " city ",
        "userDefined": false
      },
      {
        "text": "Yorktown Heights",
        "alias": "location",
        "meta": "@sys.location",
        "userDefined": true
      },
      {
        "text": " address ",
        "userDefined": false
      },
      {
        "text": "468 White St",
        "alias": "location",
        "meta": "@sys.location",
        "userDefined": false
      }
    ],
    "isTemplate": false,
    "count": 0,
    "updated": 0
  },
  {
    "id": "b8618d64-2860-48ed-bd0e-e25f06beb06b",
    "data": [
      {
        "text": "zip code ",
        "userDefined": false
      },
      {
        "text": "11372",
        "alias": "location",
        "meta": "@sys.location",
        "userDefined": false
      },
      {
        "text": " city ",
        "userDefined": false
      },
      {
        "text": "Jackson Heights",
        "alias": "location",
        "meta": "@sys.location",
        "userDefined": true
      },
      {
        "text": " address ",
        "userDefined": false
      },
      {
        "text": "8796 Indian Spring St",
        "alias": "location",
        "meta": "@sys.location",
        "userDefined": true
      }
    ],
    "isTemplate": false,
    "count": 0,
    "updated": 0
  },
  {
    "id": "d1683c8d-51e8-4067-b773-b18d06d09f9e",
    "data": [
      {
        "text": "zip 11050 city Port Washington address 73 Cactus St",
        "alias": "location",
        "meta": "@sys.location",
        "userDefined": false
      }
    ],
    "isTemplate": false,
    "count": 0,
    "updated": 0
  },
  {
    "id": "36a10788-d061-4f8d-9cc3-7b692a706589",
    "data": [
      {
        "text": "address ",
        "userDefined": false
      },
      {
        "text": "466 Alton Dr.",
        "alias": "location",
        "meta": "@sys.location",
        "userDefined": false
      },
      {
        "text": " city ",
        "userDefined": false
      },
      {
        "text": "West Orange",
        "alias": "location",
        "meta": "@sys.location",
        "userDefined": true
      },
      {
        "text": " zip code ",
        "userDefined": false
      },
      {
        "text": "07052",
        "alias": "location",
        "meta": "@sys.location",
        "userDefined": true
      }
    ],
    "isTemplate": false,
    "count": 0,
    "updated": 0
  },
  {
    "id": "819a1b6e-f726-448f-862f-a9703c138618",
    "data": [
      {
        "text": "address ",
        "userDefined": false
      },
      {
        "text": "340 University Ave",
        "alias": "location",
        "meta": "@sys.location",
        "userDefined": false
      },
      {
        "text": " city ",
        "userDefined": false
      },
      {
        "text": "Panama City",
        "alias": "location",
        "meta": "@sys.location",
        "userDefined": true
      },
      {
        "text": " zip ",
        "userDefined": false
      },
      {
        "text": "32404",
        "alias": "location",
        "meta": "@sys.location",
        "userDefined": true
      }
    ],
    "isTemplate": false,
    "count": 0,
    "updated": 0
  },
  {
    "id": "6aed8da5-fa39-449b-916c-27d38562ce64",
    "data": [
      {
        "text": "address is ",
        "userDefined": false
      },
      {
        "text": "478 Logan Road",
        "alias": "location",
        "meta": "@sys.location",
        "userDefined": true
      },
      {
        "text": " and city is ",
        "userDefined": false
      },
      {
        "text": "Medina",
        "alias": "location",
        "meta": "@sys.location",
        "userDefined": true
      },
      {
        "text": " and zip code is ",
        "userDefined": false
      },
      {
        "text": "44256",
        "alias": "location",
        "meta": "@sys.location",
        "userDefined": false
      }
    ],
    "isTemplate": false,
    "count": 0,
    "updated": 0
  },
  {
    "id": "8b02d321-9211-4124-ad87-8c2c87a0d4e7",
    "data": [
      {
        "text": "my address is ",
        "userDefined": false
      },
      {
        "text": "9056 Lancaster Street",
        "alias": "location",
        "meta": "@sys.location",
        "userDefined": false
      },
      {
        "text": " and city is ",
        "userDefined": false
      },
      {
        "text": "Owatonna",
        "alias": "location",
        "meta": "@sys.location",
        "userDefined": true
      },
      {
        "text": " and zip is ",
        "userDefined": false
      },
      {
        "text": "55060",
        "alias": "location",
        "meta": "@sys.location",
        "userDefined": false
      }
    ],
    "isTemplate": false,
    "count": 0,
    "updated": 0
  },
  {
    "id": "21f6280c-f32b-4651-9a2b-822ff2307ab6",
    "data": [
      {
        "text": "address ",
        "userDefined": false
      },
      {
        "text": "8125 Swanson Avenue",
        "alias": "location",
        "meta": "@sys.location",
        "userDefined": false
      },
      {
        "text": " city ",
        "userDefined": false
      },
      {
        "text": "Mcallen",
        "alias": "location",
        "meta": "@sys.location",
        "userDefined": true
      },
      {
        "text": " zip ",
        "userDefined": false
      },
      {
        "text": "78501",
        "alias": "location",
        "meta": "@sys.location",
        "userDefined": true
      }
    ],
    "isTemplate": false,
    "count": 0,
    "updated": 0
  },
  {
    "id": "c4102aa1-b4a5-4a3c-a07e-a2d3bcb30d36",
    "data": [
      {
        "text": "address ",
        "userDefined": false
      },
      {
        "text": "770 Griffin Lane",
        "alias": "location",
        "meta": "@sys.location",
        "userDefined": false
      },
      {
        "text": " city ",
        "userDefined": false
      },
      {
        "text": "Warren",
        "alias": "location",
        "meta": "@sys.location",
        "userDefined": true
      },
      {
        "text": " zip code ",
        "userDefined": false
      },
      {
        "text": "48089",
        "alias": "location",
        "meta": "@sys.location",
        "userDefined": true
      }
    ],
    "isTemplate": false,
    "count": 0,
    "updated": 0
  },
  {
    "id": "dc9925f3-05b9-428c-9702-d69d2bc052c2",
    "data": [
      {
        "text": "street address ",
        "userDefined": false
      },
      {
        "text": "98 Brown Drive",
        "alias": "location",
        "meta": "@sys.location",
        "userDefined": false
      },
      {
        "text": " city ",
        "userDefined": false
      },
      {
        "text": "Whitestone",
        "alias": "location",
        "meta": "@sys.location",
        "userDefined": true
      },
      {
        "text": " zip ",
        "userDefined": false
      },
      {
        "text": "11357",
        "alias": "location",
        "meta": "@sys.location",
        "userDefined": true
      }
    ],
    "isTemplate": false,
    "count": 0,
    "updated": 0
  },
  {
    "id": "0937c6a0-3ef1-45e6-b50b-99ebf867cca3",
    "data": [
      {
        "text": "street address ",
        "userDefined": false
      },
      {
        "text": "802 Canterbury St",
        "alias": "location",
        "meta": "@sys.location",
        "userDefined": false
      },
      {
        "text": " city ",
        "userDefined": false
      },
      {
        "text": "Madison",
        "alias": "location",
        "meta": "@sys.location",
        "userDefined": true
      },
      {
        "text": " zip code ",
        "userDefined": false
      },
      {
        "text": "35758",
        "alias": "location",
        "meta": "@sys.location",
        "userDefined": true
      }
    ],
    "isTemplate": false,
    "count": 0,
    "updated": 0
  },
  {
    "id": "270b939f-2aea-48ef-994c-0f2c3b9937ff",
    "data": [
      {
        "text": "82 SE. Ridge Avenue Sidney 45365",
        "alias": "location",
        "meta": "@sys.location",
        "userDefined": false
      }
    ],
    "isTemplate": false,
    "count": 0,
    "updated": 0
  },
  {
    "id": "1d91fe28-4a66-43b9-a55b-12d14fb38204",
    "data": [
      {
        "text": "8014 Ridgewood Street Fairfax 22030",
        "alias": "location",
        "meta": "@sys.location",
        "userDefined": false
      }
    ],
    "isTemplate": false,
    "count": 0,
    "updated": 0
  },
  {
    "id": "e50f329d-b06e-4022-855e-8be0f25c83b2",
    "data": [
      {
        "text": "221 Valley Ave. Tiffin 44883",
        "alias": "location",
        "meta": "@sys.location",
        "userDefined": false
      }
    ],
    "isTemplate": false,
    "count": 0,
    "updated": 0
  },
  {
    "id": "7ef7b35e-a4e9-4025-ae97-7e8b414c9804",
    "data": [
      {
        "text": "746 Canal Dr. Grayslake 60030",
        "alias": "location",
        "meta": "@sys.location",
        "userDefined": false
      }
    ],
    "isTemplate": false,
    "count": 0,
    "updated": 0
  },
  {
    "id": "9d5ada05-f1dc-43e6-82ad-f0740ad5e33f",
    "data": [
      {
        "text": "the street address is ",
        "userDefined": false
      },
      {
        "text": "7873 W. Grove Lane",
        "alias": "location",
        "meta": "@sys.location",
        "userDefined": false
      },
      {
        "text": ", the city is ",
        "userDefined": false
      },
      {
        "text": "Melrose",
        "alias": "location",
        "meta": "@sys.location",
        "userDefined": true
      },
      {
        "text": ", the zip is ",
        "userDefined": false
      },
      {
        "text": "02176",
        "alias": "location",
        "meta": "@sys.location",
        "userDefined": true
      }
    ],
    "isTemplate": false,
    "count": 0,
    "updated": 0
  },
  {
    "id": "0b27657c-6d79-49bb-b562-41ec99331d7c",
    "data": [
      {
        "text": "My street address is ",
        "userDefined": false
      },
      {
        "text": "4384 Jackson St",
        "alias": "location",
        "meta": "@sys.location",
        "userDefined": true
      },
      {
        "text": " and the city is ",
        "userDefined": false
      },
      {
        "text": "Little Falls",
        "alias": "location",
        "meta": "@sys.location",
        "userDefined": true
      },
      {
        "text": " and the zip code is ",
        "userDefined": false
      },
      {
        "text": "07424",
        "alias": "location",
        "meta": "@sys.location",
        "userDefined": false
      }
    ],
    "isTemplate": false,
    "count": 0,
    "updated": 0
  },
  {
    "id": "7bb529d8-93cd-4643-8d75-2a8642575986",
    "data": [
      {
        "text": "My street address is ",
        "userDefined": false
      },
      {
        "text": "9043 Wolf Rd",
        "alias": "location",
        "meta": "@sys.location",
        "userDefined": false
      },
      {
        "text": " and my city is ",
        "userDefined": false
      },
      {
        "text": "Lexington",
        "alias": "location",
        "meta": "@sys.location",
        "userDefined": true
      },
      {
        "text": " and my zip is ",
        "userDefined": false
      },
      {
        "text": "29072",
        "alias": "location",
        "meta": "@sys.location",
        "userDefined": true
      }
    ],
    "isTemplate": false,
    "count": 0,
    "updated": 0
  },
  {
    "id": "c28faa97-b50e-4a62-8d77-c58a53360b31",
    "data": [
      {
        "text": "street address is ",
        "userDefined": false
      },
      {
        "text": "57756 Sparrow Rd",
        "alias": "location",
        "meta": "@sys.location",
        "userDefined": true
      },
      {
        "text": " city is ",
        "userDefined": false
      },
      {
        "text": "Charleston",
        "alias": "location",
        "meta": "@sys.location",
        "userDefined": true
      },
      {
        "text": " zip is ",
        "userDefined": false
      },
      {
        "text": "29413",
        "alias": "location",
        "meta": "@sys.location",
        "userDefined": false
      }
    ],
    "isTemplate": false,
    "count": 0,
    "updated": 0
  },
  {
    "id": "fed9267c-e2b8-4770-b3f0-8b2ab6aad077",
    "data": [
      {
        "text": "street address is ",
        "userDefined": false
      },
      {
        "text": "565 Tile Rd",
        "alias": "location",
        "meta": "@sys.location",
        "userDefined": true
      },
      {
        "text": " city is ",
        "userDefined": false
      },
      {
        "text": "Spartanburg",
        "alias": "location",
        "meta": "@sys.location",
        "userDefined": true
      },
      {
        "text": " zip code is ",
        "userDefined": false
      },
      {
        "text": "29304",
        "alias": "location",
        "meta": "@sys.location",
        "userDefined": false
      }
    ],
    "isTemplate": false,
    "count": 0,
    "updated": 0
  },
  {
    "id": "9019275c-1496-4410-a64c-76e80a24533e",
    "data": [
      {
        "text": "The street address is ",
        "userDefined": false
      },
      {
        "text": "999 Mountain AV",
        "alias": "location",
        "meta": "@sys.location",
        "userDefined": true
      },
      {
        "text": ", the city is ",
        "userDefined": false
      },
      {
        "text": "Sumter",
        "alias": "location",
        "meta": "@sys.location",
        "userDefined": true
      },
      {
        "text": " and the zip code is ",
        "userDefined": false
      },
      {
        "text": "29150",
        "alias": "location",
        "meta": "@sys.location",
        "userDefined": false
      }
    ],
    "isTemplate": false,
    "count": 0,
    "updated": 0
  },
  {
    "id": "a39d850f-ffb3-4819-a8e7-4d0748ef9928",
    "data": [
      {
        "text": "My street address is ",
        "userDefined": false
      },
      {
        "text": "222 Ash St",
        "alias": "location",
        "meta": "@sys.location",
        "userDefined": false
      },
      {
        "text": " and the city is ",
        "userDefined": false
      },
      {
        "text": "Pelion",
        "alias": "location",
        "meta": "@sys.location",
        "userDefined": true
      },
      {
        "text": " and the zip code is ",
        "userDefined": false
      },
      {
        "text": "29123",
        "alias": "location",
        "meta": "@sys.location",
        "userDefined": false
      }
    ],
    "isTemplate": false,
    "count": 0,
    "updated": 0
  },
  {
    "id": "6e6d1bb8-eef1-413e-909b-0bbda0532983",
    "data": [
      {
        "text": "My street address is ",
        "userDefined": false
      },
      {
        "text": "333 Blue Rd",
        "alias": "location",
        "meta": "@sys.location",
        "userDefined": true
      },
      {
        "text": " and my city is ",
        "userDefined": false
      },
      {
        "text": "Columbia",
        "alias": "location",
        "meta": "@sys.location",
        "userDefined": true
      },
      {
        "text": " and my zip code is ",
        "userDefined": false
      },
      {
        "text": "29201",
        "alias": "location",
        "meta": "@sys.location",
        "userDefined": false
      }
    ],
    "isTemplate": false,
    "count": 0,
    "updated": 0
  },
  {
    "id": "13a63078-19b7-46c2-a50f-64921d514997",
    "data": [
      {
        "text": "229 Green Avenue Folly Beach, SC 29439",
        "alias": "location",
        "meta": "@sys.location",
        "userDefined": false
      }
    ],
    "isTemplate": false,
    "count": 0,
    "updated": 0
  },
  {
    "id": "9eea07ed-a61a-4f40-8742-0db929631f52",
    "data": [
      {
        "text": "848 Green Av. Charleston, SC 29413",
        "alias": "location",
        "meta": "@sys.location",
        "userDefined": false
      }
    ],
    "isTemplate": false,
    "count": 0,
    "updated": 0
  },
  {
    "id": "b0f06a6d-ea6b-4cba-bac2-ff532088964e",
    "data": [
      {
        "text": "434 Spring Drive Gaffney, SC 29340",
        "alias": "location",
        "meta": "@sys.location",
        "userDefined": false
      }
    ],
    "isTemplate": false,
    "count": 0,
    "updated": 0
  },
  {
    "id": "7732bce7-d284-479c-ae4c-b667ca6bec5b",
    "data": [
      {
        "text": "656 Spring Dr. Spartanburg, SC 29304",
        "alias": "location",
        "meta": "@sys.location",
        "userDefined": false
      }
    ],
    "isTemplate": false,
    "count": 0,
    "updated": 0
  },
  {
    "id": "3d0e277e-64d5-4966-aebe-bfeb716662f6",
    "data": [
      {
        "text": "854 Pepper Road West Columbia, SC 29169",
        "alias": "location",
        "meta": "@sys.location",
        "userDefined": false
      }
    ],
    "isTemplate": false,
    "count": 0,
    "updated": 0
  },
  {
    "id": "cdb36869-ee67-4e01-91d6-72fa3af2ed8a",
    "data": [
      {
        "text": "5465 Pepper Rd., Sumter, SC 29150",
        "alias": "location",
        "meta": "@sys.location",
        "userDefined": false
      }
    ],
    "isTemplate": false,
    "count": 0,
    "updated": 0
  },
  {
    "id": "efbc538c-6a2c-438d-95f1-af5edbc670d3",
    "data": [
      {
        "text": "3490 Main Street, Columbia, SC 29205",
        "alias": "location",
        "meta": "@sys.location",
        "userDefined": false
      }
    ],
    "isTemplate": false,
    "count": 0,
    "updated": 0
  },
  {
    "id": "8aece3be-253e-4b4f-83f2-fa7239c9f819",
    "data": [
      {
        "text": "123 Main St. Batesburg, SC 29006",
        "alias": "location",
        "meta": "@sys.location",
        "userDefined": false
      }
    ],
    "isTemplate": false,
    "count": 0,
    "updated": 0
  }
]