[
  {
    "id": "13a63078-19b7-46c2-a50f-64921d514997",
    "data": [
      {
        "text": "229 Green Avenue Folly Beach, SC 29439",
        "alias": "location",
        "meta": "@sys.location",
        "userDefined": false
      }
    ],
    "isTemplate": false,
    "count": 0,
    "updated": 0
  },
  {
    "id": "9eea07ed-a61a-4f40-8742-0db929631f52",
    "data": [
      {
        "text": "848 Green Av. Charleston, SC 29413",
        "alias": "location",
        "meta": "@sys.location",
        "userDefined": false
      }
    ],
    "isTemplate": false,
    "count": 0,
    "updated": 0
  },
  {
    "id": "b0f06a6d-ea6b-4cba-bac2-ff532088964e",
    "data": [
      {
        "text": "434 Spring Drive Gaffney, SC 29340",
        "alias": "location",
        "meta": "@sys.location",
        "userDefined": false
      }
    ],
    "isTemplate": false,
    "count": 0,
    "updated": 0
  },
  {
    "id": "7732bce7-d284-479c-ae4c-b667ca6bec5b",
    "data": [
      {
        "text": "656 Spring Dr. Spartanburg, SC 29304",
        "alias": "location",
        "meta": "@sys.location",
        "userDefined": false
      }
    ],
    "isTemplate": false,
    "count": 0,
    "updated": 0
  },
  {
    "id": "3d0e277e-64d5-4966-aebe-bfeb716662f6",
    "data": [
      {
        "text": "854 Pepper Road West Columbia, SC 29169",
        "alias": "location",
        "meta": "@sys.location",
        "userDefined": false
      }
    ],
    "isTemplate": false,
    "count": 0,
    "updated": 0
  },
  {
    "id": "cdb36869-ee67-4e01-91d6-72fa3af2ed8a",
    "data": [
      {
        "text": "5465 Pepper Rd., Sumter, SC 29150",
        "alias": "location",
        "meta": "@sys.location",
        "userDefined": false
      }
    ],
    "isTemplate": false,
    "count": 0,
    "updated": 0
  },
  {
    "id": "efbc538c-6a2c-438d-95f1-af5edbc670d3",
    "data": [
      {
        "text": "3490 Main Street, Columbia, SC 29205",
        "alias": "location",
        "meta": "@sys.location",
        "userDefined": false
      }
    ],
    "isTemplate": false,
    "count": 0,
    "updated": 0
  },
  {
    "id": "8aece3be-253e-4b4f-83f2-fa7239c9f819",
    "data": [
      {
        "text": "123 Main St. Batesburg, SC 29006",
        "alias": "location",
        "meta": "@sys.location",
        "userDefined": false
      }
    ],
    "isTemplate": false,
    "count": 0,
    "updated": 0
  }
]