[
  {
    "id": "4a0cc8df-96bd-4834-a078-628cc877afea",
    "data": [
      {
        "text": "Give the name ",
        "userDefined": false
      },
      {
        "text": "Safiya",
        "alias": "first-name",
        "meta": "@sys.any",
        "userDefined": true
      },
      {
        "text": " to the customer service representative",
        "userDefined": false
      }
    ],
    "isTemplate": false,
    "count": 0,
    "updated": 0
  },
  {
    "id": "ae15bf8e-b222-48f3-ba9f-bf5d4e0970da",
    "data": [
      {
        "text": "Tell the customer service I am called ",
        "userDefined": false
      },
      {
        "text": "Maisha",
        "alias": "first-name",
        "meta": "@sys.any",
        "userDefined": true
      }
    ],
    "isTemplate": false,
    "count": 0,
    "updated": 0
  },
  {
    "id": "6d6c89ec-7163-4efe-8911-1ee9c003ef14",
    "data": [
      {
        "text": "Give the customer service agent the name ",
        "userDefined": false
      },
      {
        "text": "Nevaeh",
        "alias": "first-name",
        "meta": "@sys.any",
        "userDefined": true
      }
    ],
    "isTemplate": false,
    "count": 0,
    "updated": 0
  },
  {
    "id": "631bb8f3-35cb-4f6c-8e2f-591b6d55a9d4",
    "data": [
      {
        "text": "Tell them that I am ",
        "userDefined": false
      },
      {
        "text": "Tau",
        "alias": "first-name",
        "meta": "@sys.any",
        "userDefined": true
      }
    ],
    "isTemplate": false,
    "count": 0,
    "updated": 0
  },
  {
    "id": "35216870-0e42-42f6-8b73-1eaec36b2930",
    "data": [
      {
        "text": "They call me ",
        "userDefined": false
      },
      {
        "text": "Kelsea",
        "alias": "first-name",
        "meta": "@sys.any",
        "userDefined": true
      }
    ],
    "isTemplate": false,
    "count": 0,
    "updated": 0
  },
  {
    "id": "165fda41-0775-42f3-be54-ee1ed92f4782",
    "data": [
      {
        "text": "I am called ",
        "userDefined": false
      },
      {
        "text": "Terra",
        "alias": "first-name",
        "meta": "@sys.any",
        "userDefined": true
      }
    ],
    "isTemplate": false,
    "count": 0,
    "updated": 0
  },
  {
    "id": "92a9bb43-7c8a-47b4-be46-93bad17425a5",
    "data": [
      {
        "text": "Moxie",
        "alias": "first-name",
        "meta": "@sys.any",
        "userDefined": true
      },
      {
        "text": " is what how you can address me",
        "userDefined": false
      }
    ],
    "isTemplate": false,
    "count": 0,
    "updated": 0
  },
  {
    "id": "4c8efd79-8413-4cbf-981d-e22516878ea0",
    "data": [
      {
        "text": "I go by ",
        "userDefined": false
      },
      {
        "text": "Woodrow",
        "alias": "first-name",
        "meta": "@sys.any",
        "userDefined": true
      }
    ],
    "isTemplate": false,
    "count": 0,
    "updated": 0
  },
  {
    "id": "8ebd62a4-e707-491d-a160-49cfc4998b0c",
    "data": [
      {
        "text": "I prefer ",
        "userDefined": false
      },
      {
        "text": "Navy",
        "alias": "first-name",
        "meta": "@sys.any",
        "userDefined": true
      }
    ],
    "isTemplate": false,
    "count": 0,
    "updated": 0
  },
  {
    "id": "c253e5a5-e2f5-446b-8528-dce5beab164b",
    "data": [
      {
        "text": "Olympia",
        "alias": "first-name",
        "meta": "@sys.any",
        "userDefined": true
      },
      {
        "text": " is my nickname",
        "userDefined": false
      }
    ],
    "isTemplate": false,
    "count": 0,
    "updated": 0
  },
  {
    "id": "86882363-390e-4b02-91b5-5de2310c0de9",
    "data": [
      {
        "text": "My birth name is ",
        "userDefined": false
      },
      {
        "text": "Wendell",
        "alias": "first-name",
        "meta": "@sys.any",
        "userDefined": false
      }
    ],
    "isTemplate": false,
    "count": 0,
    "updated": 0
  },
  {
    "id": "0259a468-093b-49c7-b064-83c51f720e21",
    "data": [
      {
        "text": "The name is ",
        "userDefined": false
      },
      {
        "text": "Jovian",
        "alias": "first-name",
        "meta": "@sys.any",
        "userDefined": false
      }
    ],
    "isTemplate": false,
    "count": 0,
    "updated": 0
  },
  {
    "id": "c63a4054-a8d2-4f53-85c3-fb6c44d46741",
    "data": [
      {
        "text": "My given name is ",
        "userDefined": false
      },
      {
        "text": "Judd",
        "alias": "first-name",
        "meta": "@sys.any",
        "userDefined": false
      }
    ],
    "isTemplate": false,
    "count": 0,
    "updated": 0
  },
  {
    "id": "d17e0b6a-d970-4dca-a46a-fbd788db44a1",
    "data": [
      {
        "text": "My name is ",
        "userDefined": false
      },
      {
        "text": "Sven",
        "alias": "first-name",
        "meta": "@sys.any",
        "userDefined": true
      }
    ],
    "isTemplate": false,
    "count": 0,
    "updated": 0
  },
  {
    "id": "9b7fba14-d784-43b7-a91f-69c7cff5a4e4",
    "data": [
      {
        "text": "It is ",
        "userDefined": false
      },
      {
        "text": "Emile",
        "alias": "first-name",
        "meta": "@sys.any",
        "userDefined": true
      }
    ],
    "isTemplate": false,
    "count": 0,
    "updated": 0
  },
  {
    "id": "6752b085-b2b5-43d9-bcb3-5029509d3277",
    "data": [
      {
        "text": "First name is ",
        "userDefined": false
      },
      {
        "text": "June",
        "alias": "first-name",
        "meta": "@sys.any",
        "userDefined": true
      }
    ],
    "isTemplate": false,
    "count": 0,
    "updated": 0
  },
  {
    "id": "fe33a7cb-8068-4172-9ffb-4d8a93dad1a7",
    "data": [
      {
        "text": "Cyprus",
        "alias": "first-name",
        "meta": "@sys.any",
        "userDefined": true
      },
      {
        "text": " is my name",
        "userDefined": false
      }
    ],
    "isTemplate": false,
    "count": 0,
    "updated": 0
  }
]