[
  {
    "id": "b5c13cb5-15b4-469d-951a-8695ac3be739",
    "data": [
      {
        "text": "Charles",
        "alias": "first-name",
        "meta": "@sys.given-name",
        "userDefined": false
      }
    ],
    "isTemplate": false,
    "count": 0,
    "updated": 0
  },
  {
    "id": "dec9dce3-7958-4f8c-a262-83eb240cd56a",
    "data": [
      {
        "text": "James",
        "alias": "first-name",
        "meta": "@sys.given-name",
        "userDefined": false
      }
    ],
    "isTemplate": false,
    "count": 0,
    "updated": 0
  },
  {
    "id": "680c8fb4-de0a-4701-be65-3354005f58a4",
    "data": [
      {
        "text": "Thomas",
        "alias": "first-name",
        "meta": "@sys.given-name",
        "userDefined": false
      }
    ],
    "isTemplate": false,
    "count": 0,
    "updated": 0
  },
  {
    "id": "00a06f06-ab46-4247-a478-d37d2968cce1",
    "data": [
      {
        "text": "Susan",
        "alias": "first-name",
        "meta": "@sys.given-name",
        "userDefined": false
      }
    ],
    "isTemplate": false,
    "count": 0,
    "updated": 0
  },
  {
    "id": "461ede06-fc84-4383-b39d-45c988b897d6",
    "data": [
      {
        "text": "Lisa",
        "alias": "first-name",
        "meta": "@sys.given-name",
        "userDefined": false
      }
    ],
    "isTemplate": false,
    "count": 0,
    "updated": 0
  },
  {
    "id": "e6050759-83f6-46e0-b250-6eb5503a23cd",
    "data": [
      {
        "text": "Mary",
        "alias": "first-name",
        "meta": "@sys.given-name",
        "userDefined": false
      }
    ],
    "isTemplate": false,
    "count": 0,
    "updated": 0
  },
  {
    "id": "4a8a488c-2579-4cbf-b8f4-9bd55ec78a82",
    "data": [
      {
        "text": "I am ",
        "userDefined": false
      },
      {
        "text": "Shane",
        "alias": "first-name",
        "meta": "@sys.given-name",
        "userDefined": true
      }
    ],
    "isTemplate": false,
    "count": 0,
    "updated": 0
  },
  {
    "id": "9cfe258e-73d3-4707-af99-edf685d5cacc",
    "data": [
      {
        "text": "Taylor",
        "alias": "first-name",
        "meta": "@sys.given-name",
        "userDefined": true
      },
      {
        "text": " is my name",
        "userDefined": false
      }
    ],
    "isTemplate": false,
    "count": 0,
    "updated": 0
  },
  {
    "id": "4a04a3f0-edd9-4237-b983-ede35e6e36cd",
    "data": [
      {
        "text": "My name is ",
        "userDefined": false
      },
      {
        "text": "Jesse",
        "alias": "first-name",
        "meta": "@sys.given-name",
        "userDefined": true
      }
    ],
    "isTemplate": false,
    "count": 0,
    "updated": 0
  },
  {
    "id": "1117c176-84bb-45f3-a4b2-7af46bc0eda3",
    "data": [
      {
        "text": "My first name is ",
        "userDefined": false
      },
      {
        "text": "Jessica",
        "alias": "first-name",
        "meta": "@sys.given-name",
        "userDefined": true
      }
    ],
    "isTemplate": false,
    "count": 0,
    "updated": 0
  },
  {
    "id": "f9003b24-9779-4897-9a69-e9c6c0fdff76",
    "data": [
      {
        "text": "My name is ",
        "userDefined": false
      },
      {
        "text": "WIlliam",
        "alias": "first-name",
        "meta": "@sys.given-name",
        "userDefined": true
      }
    ],
    "isTemplate": false,
    "count": 0,
    "updated": 0
  },
  {
    "id": "8a7f84e5-7ace-439f-af4a-6ad7da8d480a",
    "data": [
      {
        "text": "Call me ",
        "userDefined": false
      },
      {
        "text": "Ashley",
        "alias": "first-name",
        "meta": "@sys.given-name",
        "userDefined": true
      }
    ],
    "isTemplate": false,
    "count": 0,
    "updated": 0
  },
  {
    "id": "7efd7c6f-f1ec-478a-97f1-a6178c36db97",
    "data": [
      {
        "text": "I prefer ",
        "userDefined": false
      },
      {
        "text": "John",
        "alias": "first-name",
        "meta": "@sys.given-name",
        "userDefined": true
      }
    ],
    "isTemplate": false,
    "count": 0,
    "updated": 0
  },
  {
    "id": "7a7aad7b-b490-40c1-9268-f477b0469cdd",
    "data": [
      {
        "text": "I am called ",
        "userDefined": false
      },
      {
        "text": "Anna",
        "alias": "first-name",
        "meta": "@sys.given-name",
        "userDefined": true
      }
    ],
    "isTemplate": false,
    "count": 0,
    "updated": 0
  },
  {
    "id": "9af98f57-2789-49b6-993e-8787e89bb3a4",
    "data": [
      {
        "text": "My nickname is ",
        "userDefined": false
      },
      {
        "text": "Tom",
        "alias": "first-name",
        "meta": "@sys.given-name",
        "userDefined": true
      }
    ],
    "isTemplate": false,
    "count": 0,
    "updated": 0
  },
  {
    "id": "b684dbc5-c4d6-48a2-8bd9-2285b38b0ed5",
    "data": [
      {
        "text": "I go by ",
        "userDefined": false
      },
      {
        "text": "Bob",
        "alias": "first-name",
        "meta": "@sys.given-name",
        "userDefined": true
      }
    ],
    "isTemplate": false,
    "count": 0,
    "updated": 0
  },
  {
    "id": "ac392058-e94e-47b7-ac35-00165b71319d",
    "data": [
      {
        "text": "I am named ",
        "userDefined": false
      },
      {
        "text": "Jack",
        "alias": "first-name",
        "meta": "@sys.given-name",
        "userDefined": true
      }
    ],
    "isTemplate": false,
    "count": 0,
    "updated": 0
  }
]