[
  {
    "id": "7af45b86-4de8-4251-913a-7a436f90bb2c",
    "data": [
      {
        "text": "Hal",
        "alias": "firstname",
        "meta": "@sys.person",
        "userDefined": false
      },
      {
        "text": " ",
        "userDefined": false
      },
      {
        "text": "first",
        "meta": "@sys.ignore",
        "userDefined": false
      },
      {
        "text": " name",
        "userDefined": false
      }
    ],
    "isTemplate": false,
    "count": 0,
    "updated": 0
  },
  {
    "id": "9ce84795-9f26-4ed9-ba9a-8bb301ce6633",
    "data": [
      {
        "text": "first",
        "meta": "@sys.ignore",
        "userDefined": false
      },
      {
        "text": " name ",
        "userDefined": false
      },
      {
        "text": "Mike",
        "alias": "firstname",
        "meta": "@sys.person",
        "userDefined": false
      }
    ],
    "isTemplate": false,
    "count": 0,
    "updated": 0
  },
  {
    "id": "2bf8e997-9173-488d-8e89-4d39f72e7439",
    "data": [
      {
        "text": "it is ",
        "userDefined": false
      },
      {
        "text": "Jessica",
        "alias": "firstname",
        "meta": "@sys.person",
        "userDefined": false
      }
    ],
    "isTemplate": false,
    "count": 0,
    "updated": 0
  },
  {
    "id": "4a1efcd4-3b4d-4044-9b23-0f03307989ee",
    "data": [
      {
        "text": "It\u0027s ",
        "userDefined": false
      },
      {
        "text": "Tiffany",
        "alias": "firstname",
        "meta": "@sys.person",
        "userDefined": false
      }
    ],
    "isTemplate": false,
    "count": 0,
    "updated": 0
  },
  {
    "id": "e2b50ad9-ba0d-4af6-8f8f-bbac68284d7c",
    "data": [
      {
        "text": "I am called ",
        "userDefined": false
      },
      {
        "text": "Donna",
        "alias": "firstname",
        "meta": "@sys.person",
        "userDefined": false
      }
    ],
    "isTemplate": false,
    "count": 0,
    "updated": 0
  },
  {
    "id": "cd2aa76f-f4d9-4267-81f8-7a31eb53a0de",
    "data": [
      {
        "text": "my nickname is ",
        "userDefined": false
      },
      {
        "text": "Bill",
        "alias": "firstname",
        "meta": "@sys.person",
        "userDefined": false
      }
    ],
    "isTemplate": false,
    "count": 0,
    "updated": 0
  },
  {
    "id": "b97ef47d-a80c-42ba-a3cb-c064dca524cf",
    "data": [
      {
        "text": "Nick",
        "alias": "firstname",
        "meta": "@sys.person",
        "userDefined": false
      },
      {
        "text": " is my nickname",
        "userDefined": false
      }
    ],
    "isTemplate": false,
    "count": 0,
    "updated": 0
  },
  {
    "id": "aa4c0104-035e-4b1c-b35b-2ff20135de2f",
    "data": [
      {
        "text": "I prefer to go by ",
        "userDefined": false
      },
      {
        "text": "Roy",
        "alias": "firstname",
        "meta": "@sys.person",
        "userDefined": false
      }
    ],
    "isTemplate": false,
    "count": 0,
    "updated": 0
  },
  {
    "id": "bcf186b5-3e25-4a2f-9cac-f1c46ca024eb",
    "data": [
      {
        "text": "Jeremy",
        "alias": "firstname",
        "meta": "@sys.person",
        "userDefined": false
      },
      {
        "text": " is my legal first name",
        "userDefined": false
      }
    ],
    "isTemplate": false,
    "count": 0,
    "updated": 0
  },
  {
    "id": "e4c614b6-c98b-4d88-bb41-738439a337b3",
    "data": [
      {
        "text": "I go by ",
        "userDefined": false
      },
      {
        "text": "Adam",
        "alias": "firstname",
        "meta": "@sys.person",
        "userDefined": false
      }
    ],
    "isTemplate": false,
    "count": 0,
    "updated": 0
  },
  {
    "id": "0cee7f2d-6cda-480d-9bae-9513c7a4b68f",
    "data": [
      {
        "text": "I am called ",
        "userDefined": false
      },
      {
        "text": "Ruth",
        "alias": "firstname",
        "meta": "@sys.person",
        "userDefined": false
      }
    ],
    "isTemplate": false,
    "count": 0,
    "updated": 0
  },
  {
    "id": "3a78892a-6aed-44d7-a519-06f0e460d09f",
    "data": [
      {
        "text": "David",
        "alias": "firstname",
        "meta": "@sys.person",
        "userDefined": false
      }
    ],
    "isTemplate": false,
    "count": 0,
    "updated": 0
  },
  {
    "id": "8a3f2a9b-ac6c-4b93-82fd-78eed861c4bb",
    "data": [
      {
        "text": "Sandra",
        "alias": "firstname",
        "meta": "@sys.person",
        "userDefined": false
      }
    ],
    "isTemplate": false,
    "count": 0,
    "updated": 0
  },
  {
    "id": "fbeadd91-e35e-4070-81f9-8085e73f0b4d",
    "data": [
      {
        "text": "I\u0027m ",
        "userDefined": false
      },
      {
        "text": "Sam",
        "alias": "firstname",
        "meta": "@sys.person",
        "userDefined": false
      }
    ],
    "isTemplate": false,
    "count": 0,
    "updated": 0
  },
  {
    "id": "29bf2c71-08a4-4143-8c75-2864d91e9bb0",
    "data": [
      {
        "text": "I am ",
        "userDefined": false
      },
      {
        "text": "Paul",
        "alias": "firstname",
        "meta": "@sys.person",
        "userDefined": false
      }
    ],
    "isTemplate": false,
    "count": 0,
    "updated": 0
  },
  {
    "id": "0144765b-2b32-4041-841c-d6b4bab2c8b5",
    "data": [
      {
        "text": "People call me ",
        "userDefined": false
      },
      {
        "text": "Taylor",
        "alias": "firstname",
        "meta": "@sys.person",
        "userDefined": false
      }
    ],
    "isTemplate": false,
    "count": 0,
    "updated": 0
  },
  {
    "id": "c7f0aab3-fd7b-415f-8ab8-d7693d830c24",
    "data": [
      {
        "text": "Call me ",
        "userDefined": false
      },
      {
        "text": "Jack",
        "alias": "firstname",
        "meta": "@sys.person",
        "userDefined": false
      }
    ],
    "isTemplate": false,
    "count": 0,
    "updated": 0
  },
  {
    "id": "0b625639-7340-4ac7-9add-5e4f02f31bea",
    "data": [
      {
        "text": "Jake",
        "alias": "firstname",
        "meta": "@sys.person",
        "userDefined": false
      },
      {
        "text": " is my name",
        "userDefined": false
      }
    ],
    "isTemplate": false,
    "count": 0,
    "updated": 0
  },
  {
    "id": "3f5ed5dd-e63d-41b3-88ab-d1e53f7ca180",
    "data": [
      {
        "text": "Anna",
        "alias": "firstname",
        "meta": "@sys.person",
        "userDefined": false
      },
      {
        "text": " is my first name",
        "userDefined": false
      }
    ],
    "isTemplate": false,
    "count": 0,
    "updated": 0
  },
  {
    "id": "f1a460ee-0fc4-43df-b4fd-50fcc34f1417",
    "data": [
      {
        "text": "My first name is ",
        "userDefined": false
      },
      {
        "text": "Priya",
        "alias": "firstname",
        "meta": "@sys.person",
        "userDefined": false
      }
    ],
    "isTemplate": false,
    "count": 0,
    "updated": 0
  },
  {
    "id": "3e208673-bd90-48b0-85a1-0021d5587acd",
    "data": [
      {
        "text": "My name is ",
        "userDefined": false
      },
      {
        "text": "Amy",
        "alias": "firstname",
        "meta": "@sys.person",
        "userDefined": false
      }
    ],
    "isTemplate": false,
    "count": 0,
    "updated": 0
  }
]