[
  {
    "id": "22dd652a-183e-463d-9a78-b0d04a6fbb65",
    "data": [
      {
        "text": "I\u0027m not",
        "userDefined": false
      }
    ],
    "isTemplate": false,
    "count": 0,
    "updated": 0
  },
  {
    "id": "bafd6b18-6e89-415b-92c3-30b3308fb027",
    "data": [
      {
        "text": "not really a name",
        "userDefined": false
      }
    ],
    "isTemplate": false,
    "count": 0,
    "updated": 0
  },
  {
    "id": "662a102c-5f0d-44d0-befb-b37617d646c8",
    "data": [
      {
        "text": "definitely not my name",
        "userDefined": false
      }
    ],
    "isTemplate": false,
    "count": 0,
    "updated": 0
  },
  {
    "id": "4f7c56f0-6046-4e0f-acf4-44cb77a15e66",
    "data": [
      {
        "text": "never use that as my name",
        "userDefined": false
      }
    ],
    "isTemplate": false,
    "count": 0,
    "updated": 0
  },
  {
    "id": "a7bda428-c633-4942-a5e3-849f54327bf5",
    "data": [
      {
        "text": "no thanks",
        "userDefined": false
      }
    ],
    "isTemplate": false,
    "count": 0,
    "updated": 0
  },
  {
    "id": "67230b45-485e-412f-b172-476f7b7f2c0e",
    "data": [
      {
        "text": "don\u0027t use that as my name",
        "userDefined": false
      }
    ],
    "isTemplate": false,
    "count": 0,
    "updated": 0
  },
  {
    "id": "83d8cc56-e966-40c7-a547-dc12c2076f93",
    "data": [
      {
        "text": "no it isn\u0027t",
        "userDefined": false
      }
    ],
    "isTemplate": false,
    "count": 0,
    "updated": 0
  },
  {
    "id": "5bf38437-9e50-49ac-93ba-abe2705ac703",
    "data": [
      {
        "text": "don\u0027t",
        "userDefined": false
      }
    ],
    "isTemplate": false,
    "count": 0,
    "updated": 0
  },
  {
    "id": "0296966a-3990-410f-a6c5-2425bd288b0e",
    "data": [
      {
        "text": "that is not my name",
        "userDefined": false
      }
    ],
    "isTemplate": false,
    "count": 0,
    "updated": 0
  },
  {
    "id": "f66d2e76-f3db-4d8b-ab2c-19813d4919ba",
    "data": [
      {
        "text": "no my name is wrong",
        "userDefined": false
      }
    ],
    "isTemplate": false,
    "count": 0,
    "updated": 0
  },
  {
    "id": "275ef2d5-f7e9-4f97-b5be-c7f856bb61b4",
    "data": [
      {
        "text": "no it is not my name",
        "userDefined": false
      }
    ],
    "isTemplate": false,
    "count": 0,
    "updated": 0
  },
  {
    "id": "0e20d383-ceac-4fa4-97fd-ba4c4f58522e",
    "data": [
      {
        "text": "that is not close to my ",
        "userDefined": false
      },
      {
        "text": "first",
        "meta": "@sys.ignore",
        "userDefined": false
      },
      {
        "text": " name",
        "userDefined": false
      }
    ],
    "isTemplate": false,
    "count": 0,
    "updated": 0
  },
  {
    "id": "7fb0482d-1b9d-4771-bd35-282431110a8c",
    "data": [
      {
        "text": "not my first name",
        "userDefined": false
      }
    ],
    "isTemplate": false,
    "count": 0,
    "updated": 0
  },
  {
    "id": "17fa856d-7c80-4c14-b462-e32ddab57b0c",
    "data": [
      {
        "text": "no that is not my name",
        "userDefined": false
      }
    ],
    "isTemplate": false,
    "count": 0,
    "updated": 0
  },
  {
    "id": "c7ff6714-bb15-440d-876e-b345369e1f61",
    "data": [
      {
        "text": "thanks but no",
        "userDefined": false
      }
    ],
    "isTemplate": false,
    "count": 0,
    "updated": 0
  },
  {
    "id": "bc444562-119f-466a-93ba-37ef21c52047",
    "data": [
      {
        "text": "no way",
        "userDefined": false
      }
    ],
    "isTemplate": false,
    "count": 0,
    "updated": 0
  },
  {
    "id": "db54c2ef-7fd8-4aba-ab2f-b3460c5519af",
    "data": [
      {
        "text": "not right",
        "userDefined": false
      }
    ],
    "isTemplate": false,
    "count": 0,
    "updated": 0
  },
  {
    "id": "fe3792a3-e0c2-473d-a6a0-315e5191bf32",
    "data": [
      {
        "text": "not correct",
        "userDefined": false
      }
    ],
    "isTemplate": false,
    "count": 0,
    "updated": 0
  },
  {
    "id": "0ef08abb-76a8-4c8e-be5d-95d4b67030cf",
    "data": [
      {
        "text": "nope",
        "userDefined": false
      }
    ],
    "isTemplate": false,
    "count": 0,
    "updated": 0
  },
  {
    "id": "202c9e89-ac87-45ce-b08e-1a19d472ae9d",
    "data": [
      {
        "text": "no",
        "userDefined": false
      }
    ],
    "isTemplate": false,
    "count": 0,
    "updated": 0
  }
]