[
  {
    "id": "17b2616a-54a3-4835-8f32-be5a98a5ce07",
    "data": [
      {
        "text": "Hal",
        "alias": "firstname",
        "meta": "@sys.any",
        "userDefined": false
      },
      {
        "text": " ",
        "userDefined": false
      },
      {
        "text": "first",
        "meta": "@sys.ignore",
        "userDefined": false
      },
      {
        "text": " name",
        "userDefined": false
      }
    ],
    "isTemplate": false,
    "count": 0,
    "updated": 0
  },
  {
    "id": "3be481df-b851-406f-aa61-3a24fc40ac92",
    "data": [
      {
        "text": "first",
        "meta": "@sys.ignore",
        "userDefined": false
      },
      {
        "text": " name ",
        "userDefined": false
      },
      {
        "text": "Mike",
        "alias": "firstname",
        "meta": "@sys.any",
        "userDefined": false
      }
    ],
    "isTemplate": false,
    "count": 0,
    "updated": 0
  },
  {
    "id": "d362c120-f49b-4a28-804b-72aef7ffb0c1",
    "data": [
      {
        "text": "it is ",
        "userDefined": false
      },
      {
        "text": "Jessica",
        "alias": "firstname",
        "meta": "@sys.any",
        "userDefined": false
      }
    ],
    "isTemplate": false,
    "count": 0,
    "updated": 0
  },
  {
    "id": "6d16641a-229e-4b62-be60-002d58c32bcd",
    "data": [
      {
        "text": "It\u0027s ",
        "userDefined": false
      },
      {
        "text": "Tiffany",
        "alias": "firstname",
        "meta": "@sys.any",
        "userDefined": false
      }
    ],
    "isTemplate": false,
    "count": 0,
    "updated": 0
  },
  {
    "id": "c83671d6-743a-49d6-bd8e-2f2f44b84d16",
    "data": [
      {
        "text": "I am called ",
        "userDefined": false
      },
      {
        "text": "Donna",
        "alias": "firstname",
        "meta": "@sys.any",
        "userDefined": false
      }
    ],
    "isTemplate": false,
    "count": 0,
    "updated": 0
  },
  {
    "id": "eecba72a-fa29-4b07-865c-9ed6c99ff10d",
    "data": [
      {
        "text": "my nickname is ",
        "userDefined": false
      },
      {
        "text": "Bill",
        "alias": "firstname",
        "meta": "@sys.any",
        "userDefined": false
      }
    ],
    "isTemplate": false,
    "count": 0,
    "updated": 0
  },
  {
    "id": "f5419554-9082-4c1c-aa4d-05d372142545",
    "data": [
      {
        "text": "Nick",
        "alias": "firstname",
        "meta": "@sys.any",
        "userDefined": false
      },
      {
        "text": " is my nickname",
        "userDefined": false
      }
    ],
    "isTemplate": false,
    "count": 0,
    "updated": 0
  },
  {
    "id": "d271179d-005e-4d7e-b26b-0ac2747e32f1",
    "data": [
      {
        "text": "I prefer to go by ",
        "userDefined": false
      },
      {
        "text": "Roy",
        "alias": "firstname",
        "meta": "@sys.any",
        "userDefined": false
      }
    ],
    "isTemplate": false,
    "count": 0,
    "updated": 0
  },
  {
    "id": "c0dce85a-cc85-49f4-b20b-a0eba7ba0ab3",
    "data": [
      {
        "text": "Jeremy",
        "alias": "firstname",
        "meta": "@sys.any",
        "userDefined": false
      },
      {
        "text": " is my legal first name",
        "userDefined": false
      }
    ],
    "isTemplate": false,
    "count": 0,
    "updated": 0
  },
  {
    "id": "198bbdf0-7f3c-4f6d-9d5d-69a8642223dc",
    "data": [
      {
        "text": "I go by ",
        "userDefined": false
      },
      {
        "text": "Adam",
        "alias": "firstname",
        "meta": "@sys.any",
        "userDefined": false
      }
    ],
    "isTemplate": false,
    "count": 0,
    "updated": 0
  },
  {
    "id": "52c38e18-d947-41aa-a8e2-6a3233f29913",
    "data": [
      {
        "text": "I am called ",
        "userDefined": false
      },
      {
        "text": "Ruth",
        "alias": "firstname",
        "meta": "@sys.any",
        "userDefined": false
      }
    ],
    "isTemplate": false,
    "count": 0,
    "updated": 0
  },
  {
    "id": "a258c0e5-cfbd-4d91-8bef-28f9f67373c0",
    "data": [
      {
        "text": "David",
        "alias": "firstname",
        "meta": "@sys.any",
        "userDefined": false
      }
    ],
    "isTemplate": false,
    "count": 0,
    "updated": 0
  },
  {
    "id": "75f9b643-60a6-42d7-9e74-cfe6ecac8d54",
    "data": [
      {
        "text": "Sandra",
        "alias": "firstname",
        "meta": "@sys.any",
        "userDefined": false
      }
    ],
    "isTemplate": false,
    "count": 0,
    "updated": 0
  },
  {
    "id": "7f996478-35ac-4858-9356-f686f115ef80",
    "data": [
      {
        "text": "I\u0027m ",
        "userDefined": false
      },
      {
        "text": "Sam",
        "alias": "firstname",
        "meta": "@sys.any",
        "userDefined": false
      }
    ],
    "isTemplate": false,
    "count": 0,
    "updated": 0
  },
  {
    "id": "6723d780-0157-425e-b69a-9b459348a98b",
    "data": [
      {
        "text": "I am ",
        "userDefined": false
      },
      {
        "text": "Paul",
        "alias": "firstname",
        "meta": "@sys.any",
        "userDefined": false
      }
    ],
    "isTemplate": false,
    "count": 0,
    "updated": 0
  },
  {
    "id": "929655ee-d6b7-4e1d-a055-437e49cfa7e8",
    "data": [
      {
        "text": "People call me ",
        "userDefined": false
      },
      {
        "text": "Taylor",
        "alias": "firstname",
        "meta": "@sys.any",
        "userDefined": false
      }
    ],
    "isTemplate": false,
    "count": 0,
    "updated": 0
  },
  {
    "id": "5957ef78-37d1-435e-ab43-9c055d06a235",
    "data": [
      {
        "text": "Call me ",
        "userDefined": false
      },
      {
        "text": "Jack",
        "alias": "firstname",
        "meta": "@sys.any",
        "userDefined": false
      }
    ],
    "isTemplate": false,
    "count": 0,
    "updated": 0
  },
  {
    "id": "9e080016-ed31-4796-a815-e78fbe5b034b",
    "data": [
      {
        "text": "Jake",
        "alias": "firstname",
        "meta": "@sys.any",
        "userDefined": false
      },
      {
        "text": " is my name",
        "userDefined": false
      }
    ],
    "isTemplate": false,
    "count": 0,
    "updated": 0
  },
  {
    "id": "3e7f2d18-2e89-44fc-93a1-0e1785a0b4f7",
    "data": [
      {
        "text": "Anna",
        "alias": "firstname",
        "meta": "@sys.any",
        "userDefined": false
      },
      {
        "text": " is my first name",
        "userDefined": false
      }
    ],
    "isTemplate": false,
    "count": 0,
    "updated": 0
  },
  {
    "id": "ec68231c-19b6-4b2f-bb61-c1747a79ac3b",
    "data": [
      {
        "text": "My first name is ",
        "userDefined": false
      },
      {
        "text": "Priya",
        "alias": "firstname",
        "meta": "@sys.any",
        "userDefined": false
      }
    ],
    "isTemplate": false,
    "count": 0,
    "updated": 0
  },
  {
    "id": "5bc202da-564f-4e11-b918-78dd7e50fcfc",
    "data": [
      {
        "text": "My name is ",
        "userDefined": false
      },
      {
        "text": "Amy",
        "alias": "firstname",
        "meta": "@sys.any",
        "userDefined": false
      }
    ],
    "isTemplate": false,
    "count": 0,
    "updated": 0
  }
]