[
  {
    "id": "346dd7ba-2de9-494f-9592-ef02d6fef51b",
    "data": [
      {
        "text": "Last name ",
        "userDefined": false
      },
      {
        "text": "Ortiz",
        "alias": "lastname",
        "meta": "@sys.person",
        "userDefined": false
      }
    ],
    "isTemplate": false,
    "count": 0,
    "updated": 0
  },
  {
    "id": "17b96ccf-6297-4829-9b18-407b1885e98a",
    "data": [
      {
        "text": "First",
        "meta": "@sys.ignore",
        "userDefined": false
      },
      {
        "text": " name ",
        "userDefined": false
      },
      {
        "text": "Clive",
        "alias": "firstname",
        "meta": "@sys.person",
        "userDefined": false
      }
    ],
    "isTemplate": false,
    "count": 0,
    "updated": 0
  },
  {
    "id": "c2c26bf1-a8e2-469e-bad0-92d5aa3fde27",
    "data": [
      {
        "text": "Debbie",
        "alias": "firstname",
        "meta": "@sys.person",
        "userDefined": false
      },
      {
        "text": " is my first name",
        "userDefined": false
      }
    ],
    "isTemplate": false,
    "count": 0,
    "updated": 0
  },
  {
    "id": "705b1928-84a7-4ef9-b957-184b8300fd47",
    "data": [
      {
        "text": "Jeremy",
        "alias": "firstname",
        "meta": "@sys.person",
        "userDefined": false
      },
      {
        "text": " is my legal first name",
        "userDefined": false
      }
    ],
    "isTemplate": false,
    "count": 0,
    "updated": 0
  },
  {
    "id": "80f9c5e1-0a8e-4fb0-8713-978b492de4a2",
    "data": [
      {
        "text": "My legal first name is ",
        "userDefined": false
      },
      {
        "text": "Judy",
        "alias": "firstname",
        "meta": "@sys.person",
        "userDefined": false
      }
    ],
    "isTemplate": false,
    "count": 0,
    "updated": 0
  },
  {
    "id": "e012eba8-bcd1-408c-94fc-cc01088c6c2d",
    "data": [
      {
        "text": "I prefer to go by ",
        "userDefined": false
      },
      {
        "text": "Roy",
        "alias": "firstname",
        "meta": "@sys.person",
        "userDefined": false
      }
    ],
    "isTemplate": false,
    "count": 0,
    "updated": 0
  },
  {
    "id": "62f384ef-db1e-4a9a-a642-d5371164db87",
    "data": [
      {
        "text": "Bill",
        "alias": "firstname",
        "meta": "@sys.person",
        "userDefined": false
      },
      {
        "text": " is my nickname",
        "userDefined": false
      }
    ],
    "isTemplate": false,
    "count": 0,
    "updated": 0
  },
  {
    "id": "59aec024-e049-4613-ba78-601a26f5e1b4",
    "data": [
      {
        "text": "Tracey",
        "alias": "firstname",
        "meta": "@sys.person",
        "userDefined": false
      },
      {
        "text": " is my name",
        "userDefined": false
      }
    ],
    "isTemplate": false,
    "count": 0,
    "updated": 0
  },
  {
    "id": "d54e971a-6da0-4751-b8c1-1b6b5d4cf146",
    "data": [
      {
        "text": "My nickname is ",
        "userDefined": false
      },
      {
        "text": "Barry",
        "alias": "firstname",
        "meta": "@sys.person",
        "userDefined": false
      }
    ],
    "isTemplate": false,
    "count": 0,
    "updated": 0
  },
  {
    "id": "b8ef6fc7-a3a4-4ee3-995a-aace3280c80c",
    "data": [
      {
        "text": "I am called ",
        "userDefined": false
      },
      {
        "text": "Donna",
        "alias": "firstname",
        "meta": "@sys.person",
        "userDefined": false
      }
    ],
    "isTemplate": false,
    "count": 0,
    "updated": 0
  },
  {
    "id": "6e86d07c-2be0-4f5d-a354-2c13ee371a85",
    "data": [
      {
        "text": "Gail",
        "alias": "firstname",
        "meta": "@sys.person",
        "userDefined": false
      },
      {
        "text": " ",
        "userDefined": false
      },
      {
        "text": "first",
        "meta": "@sys.ignore",
        "userDefined": false
      },
      {
        "text": " name",
        "userDefined": false
      }
    ],
    "isTemplate": false,
    "count": 0,
    "updated": 0
  },
  {
    "id": "9f078cd4-303f-4af4-a298-e410aa3b229f",
    "data": [
      {
        "text": "Petrov",
        "alias": "lastname",
        "meta": "@sys.person",
        "userDefined": false
      },
      {
        "text": " last name",
        "userDefined": false
      }
    ],
    "isTemplate": false,
    "count": 0,
    "updated": 0
  },
  {
    "id": "45eb0a7c-2451-4fe1-9385-f013e6de632e",
    "data": [
      {
        "text": "Ivanov",
        "alias": "lastname",
        "meta": "@sys.person",
        "userDefined": false
      },
      {
        "text": " is my family name",
        "userDefined": false
      }
    ],
    "isTemplate": false,
    "count": 0,
    "updated": 0
  },
  {
    "id": "1314c763-4658-42e7-a4df-a7f132775c27",
    "data": [
      {
        "text": "My family name is ",
        "userDefined": false
      },
      {
        "text": "Serrano",
        "alias": "lastname",
        "meta": "@sys.person",
        "userDefined": false
      }
    ],
    "isTemplate": false,
    "count": 0,
    "updated": 0
  },
  {
    "id": "09cc89f6-cfed-43c3-8bb3-20fd02e7eb12",
    "data": [
      {
        "text": "I go by ",
        "userDefined": false
      },
      {
        "text": "Gerald",
        "alias": "firstname",
        "meta": "@sys.person",
        "userDefined": false
      }
    ],
    "isTemplate": false,
    "count": 0,
    "updated": 0
  },
  {
    "id": "dbd22861-0b73-4ce2-ae21-73bbe9169a33",
    "data": [
      {
        "text": "My name is ",
        "userDefined": false
      },
      {
        "text": "Nigel",
        "alias": "firstname",
        "meta": "@sys.person",
        "userDefined": false
      }
    ],
    "isTemplate": false,
    "count": 0,
    "updated": 0
  },
  {
    "id": "89ab224c-7254-4541-97b9-ad0475b387a2",
    "data": [
      {
        "text": "My first name is ",
        "userDefined": false
      },
      {
        "text": "Susan",
        "alias": "firstname",
        "meta": "@sys.person",
        "userDefined": false
      }
    ],
    "isTemplate": false,
    "count": 0,
    "updated": 0
  },
  {
    "id": "bb00fe68-3c2e-4d7d-bb4a-6aa6b0f795e8",
    "data": [
      {
        "text": "Mr. ",
        "userDefined": false
      },
      {
        "text": "Ronald",
        "alias": "firstname",
        "meta": "@sys.person",
        "userDefined": true
      },
      {
        "text": " ",
        "userDefined": false
      },
      {
        "text": "Alonso",
        "alias": "lastname",
        "meta": "@sys.person",
        "userDefined": false
      }
    ],
    "isTemplate": false,
    "count": 0,
    "updated": 0
  },
  {
    "id": "38937c19-5ca5-4241-814c-645db7f95bbd",
    "data": [
      {
        "text": "Mrs. ",
        "userDefined": false
      },
      {
        "text": "Linda",
        "alias": "firstname",
        "meta": "@sys.person",
        "userDefined": false
      },
      {
        "text": " ",
        "userDefined": false
      },
      {
        "text": "Vidal",
        "alias": "lastname",
        "meta": "@sys.person",
        "userDefined": false
      }
    ],
    "isTemplate": false,
    "count": 0,
    "updated": 0
  },
  {
    "id": "f5f95b36-d22b-4c36-97a8-48d948d85f31",
    "data": [
      {
        "text": "Ms. ",
        "userDefined": false
      },
      {
        "text": "Joy",
        "alias": "firstname",
        "meta": "@sys.person",
        "userDefined": false
      },
      {
        "text": " ",
        "userDefined": false
      },
      {
        "text": "Barnaby",
        "alias": "lastname",
        "meta": "@sys.person",
        "userDefined": false
      }
    ],
    "isTemplate": false,
    "count": 0,
    "updated": 0
  },
  {
    "id": "f288f2db-b73f-4f45-9101-b882e4568e67",
    "data": [
      {
        "text": "Mister ",
        "userDefined": false
      },
      {
        "text": "Stuart",
        "alias": "firstname",
        "meta": "@sys.person",
        "userDefined": false
      },
      {
        "text": " ",
        "userDefined": false
      },
      {
        "text": "Blandon",
        "alias": "lastname",
        "meta": "@sys.person",
        "userDefined": false
      }
    ],
    "isTemplate": false,
    "count": 0,
    "updated": 0
  },
  {
    "id": "f8549a3d-5f49-4c2e-84f0-271f24820e44",
    "data": [
      {
        "text": "Miss ",
        "userDefined": false
      },
      {
        "text": "Peggy",
        "alias": "firstname",
        "meta": "@sys.person",
        "userDefined": false
      },
      {
        "text": " ",
        "userDefined": false
      },
      {
        "text": "Aarons",
        "alias": "lastname",
        "meta": "@sys.person",
        "userDefined": false
      }
    ],
    "isTemplate": false,
    "count": 0,
    "updated": 0
  },
  {
    "id": "c9cd034f-d77d-476f-9baa-cc4008c5e538",
    "data": [
      {
        "text": "Miss. ",
        "userDefined": false
      },
      {
        "text": "Zeiger",
        "alias": "lastname",
        "meta": "@sys.person",
        "userDefined": false
      }
    ],
    "isTemplate": false,
    "count": 0,
    "updated": 0
  },
  {
    "id": "8412f38e-36ea-4e42-b760-8ef611b63b9d",
    "data": [
      {
        "text": "Ms. ",
        "userDefined": false
      },
      {
        "text": "Croft",
        "alias": "lastname",
        "meta": "@sys.person",
        "userDefined": false
      }
    ],
    "isTemplate": false,
    "count": 0,
    "updated": 0
  },
  {
    "id": "0babf1e5-82a4-4bd3-a69d-ee601a177f13",
    "data": [
      {
        "text": "Mrs. ",
        "userDefined": false
      },
      {
        "text": "Geller",
        "alias": "lastname",
        "meta": "@sys.person",
        "userDefined": false
      }
    ],
    "isTemplate": false,
    "count": 0,
    "updated": 0
  },
  {
    "id": "7b3e78f6-ea91-4bd6-9535-dda82118c7ba",
    "data": [
      {
        "text": "Mr. ",
        "userDefined": false
      },
      {
        "text": "Handel",
        "alias": "lastname",
        "meta": "@sys.person",
        "userDefined": false
      }
    ],
    "isTemplate": false,
    "count": 0,
    "updated": 0
  },
  {
    "id": "e2cfe2f9-df07-4108-aa60-2f1e17c3f02b",
    "data": [
      {
        "text": "Sr. ",
        "userDefined": false
      },
      {
        "text": "Marín",
        "alias": "lastname",
        "meta": "@sys.person",
        "userDefined": true
      }
    ],
    "isTemplate": false,
    "count": 0,
    "updated": 0
  },
  {
    "id": "3c375083-06cb-47fc-8b70-da07a70be46c",
    "data": [
      {
        "text": "Sra. ",
        "userDefined": false
      },
      {
        "text": "García",
        "alias": "lastname",
        "meta": "@sys.person",
        "userDefined": false
      }
    ],
    "isTemplate": false,
    "count": 0,
    "updated": 0
  },
  {
    "id": "b1f9ffa2-652b-45c4-9811-106aab4502b3",
    "data": [
      {
        "text": "Srta. ",
        "userDefined": false
      },
      {
        "text": "Fernández",
        "alias": "lastname",
        "meta": "@sys.person",
        "userDefined": true
      }
    ],
    "isTemplate": false,
    "count": 0,
    "updated": 0
  },
  {
    "id": "6b3bf979-b042-4231-8506-4f94a22b8b7b",
    "data": [
      {
        "text": "Suarez",
        "alias": "lastname",
        "meta": "@sys.person",
        "userDefined": false
      },
      {
        "text": " is my last name",
        "userDefined": false
      }
    ],
    "isTemplate": false,
    "count": 0,
    "updated": 0
  },
  {
    "id": "96b0e93c-9cb6-4744-bb9a-68590e82d6d5",
    "data": [
      {
        "text": "Cano",
        "alias": "lastname",
        "meta": "@sys.person",
        "userDefined": false
      },
      {
        "text": " is my surname",
        "userDefined": false
      }
    ],
    "isTemplate": false,
    "count": 0,
    "updated": 0
  },
  {
    "id": "9de1d641-d3ca-4085-a262-91c0293942b0",
    "data": [
      {
        "text": "My last name is ",
        "userDefined": false
      },
      {
        "text": "Moreno",
        "alias": "lastname",
        "meta": "@sys.person",
        "userDefined": false
      }
    ],
    "isTemplate": false,
    "count": 0,
    "updated": 0
  },
  {
    "id": "1e76b840-96f3-4f44-bbb7-9ebbe348d968",
    "data": [
      {
        "text": "My surname is ",
        "userDefined": false
      },
      {
        "text": "Gomez",
        "alias": "lastname",
        "meta": "@sys.person",
        "userDefined": false
      }
    ],
    "isTemplate": false,
    "count": 0,
    "updated": 0
  },
  {
    "id": "10998cc1-d442-45cf-a7ad-bc7a1040b61f",
    "data": [
      {
        "text": "Gwan",
        "alias": "lastname",
        "meta": "@sys.person",
        "userDefined": false
      },
      {
        "text": " ",
        "userDefined": false
      },
      {
        "text": "Jiwon",
        "alias": "firstname",
        "meta": "@sys.person",
        "userDefined": false
      }
    ],
    "isTemplate": false,
    "count": 0,
    "updated": 0
  },
  {
    "id": "5d113f51-5b8a-4df5-8e33-3b323dcbe2bd",
    "data": [
      {
        "text": "The name is ",
        "userDefined": false
      },
      {
        "text": "Kim",
        "alias": "lastname",
        "meta": "@sys.person",
        "userDefined": false
      },
      {
        "text": " ",
        "userDefined": false
      },
      {
        "text": "Soobin",
        "alias": "firstname",
        "meta": "@sys.person",
        "userDefined": true
      }
    ],
    "isTemplate": false,
    "count": 0,
    "updated": 0
  },
  {
    "id": "98ba2be7-d2ce-4bec-8c3b-a470076c62e9",
    "data": [
      {
        "text": "Call me ",
        "userDefined": false
      },
      {
        "text": "Park",
        "alias": "lastname",
        "meta": "@sys.person",
        "userDefined": true
      },
      {
        "text": " ",
        "userDefined": false
      },
      {
        "text": "Jihye",
        "alias": "firstname",
        "meta": "@sys.person",
        "userDefined": false
      }
    ],
    "isTemplate": false,
    "count": 0,
    "updated": 0
  },
  {
    "id": "242d1d59-0b38-4d08-9171-10adef855f22",
    "data": [
      {
        "text": "My name is ",
        "userDefined": false
      },
      {
        "text": "Lee",
        "alias": "lastname",
        "meta": "@sys.person",
        "userDefined": false
      },
      {
        "text": " ",
        "userDefined": false
      },
      {
        "text": "Jiwoo",
        "alias": "firstname",
        "meta": "@sys.person",
        "userDefined": false
      }
    ],
    "isTemplate": false,
    "count": 0,
    "updated": 0
  },
  {
    "id": "6872406f-5d8f-4c23-a40d-3c87ed4a1755",
    "data": [
      {
        "text": "Norman",
        "alias": "firstname",
        "meta": "@sys.person",
        "userDefined": false
      },
      {
        "text": " ",
        "userDefined": false
      },
      {
        "text": "Kittinger",
        "alias": "lastname",
        "meta": "@sys.person",
        "userDefined": false
      },
      {
        "text": " is my full name",
        "userDefined": false
      }
    ],
    "isTemplate": false,
    "count": 0,
    "updated": 0
  },
  {
    "id": "894d91b8-9d17-4b75-a8ec-462b8a4333e4",
    "data": [
      {
        "text": "Elaine",
        "alias": "firstname",
        "meta": "@sys.person",
        "userDefined": false
      },
      {
        "text": " ",
        "userDefined": false
      },
      {
        "text": "Messing",
        "alias": "lastname",
        "meta": "@sys.person",
        "userDefined": false
      },
      {
        "text": " is the name",
        "userDefined": false
      }
    ],
    "isTemplate": false,
    "count": 0,
    "updated": 0
  },
  {
    "id": "1b2028e0-c21e-4ef4-8908-67267f926407",
    "data": [
      {
        "text": "Gary",
        "alias": "firstname",
        "meta": "@sys.person",
        "userDefined": false
      },
      {
        "text": " ",
        "userDefined": false
      },
      {
        "text": "McNeel",
        "alias": "lastname",
        "meta": "@sys.person",
        "userDefined": false
      },
      {
        "text": " is my name",
        "userDefined": false
      }
    ],
    "isTemplate": false,
    "count": 0,
    "updated": 0
  },
  {
    "id": "dba8b616-3746-43c0-84ec-c3ba702ea3e9",
    "data": [
      {
        "text": "Just call me ",
        "userDefined": false
      },
      {
        "text": "Gareth",
        "alias": "firstname",
        "meta": "@sys.person",
        "userDefined": false
      },
      {
        "text": " ",
        "userDefined": false
      },
      {
        "text": "McClaran",
        "alias": "lastname",
        "meta": "@sys.person",
        "userDefined": false
      }
    ],
    "isTemplate": false,
    "count": 0,
    "updated": 0
  },
  {
    "id": "ec1134b0-6460-4832-b4d2-dcd54a71886a",
    "data": [
      {
        "text": "I go by ",
        "userDefined": false
      },
      {
        "text": "Annette",
        "alias": "firstname",
        "meta": "@sys.person",
        "userDefined": false
      },
      {
        "text": " ",
        "userDefined": false
      },
      {
        "text": "McClusky",
        "alias": "lastname",
        "meta": "@sys.person",
        "userDefined": false
      }
    ],
    "isTemplate": false,
    "count": 0,
    "updated": 0
  },
  {
    "id": "d6bfe5c9-c75a-43b0-9599-192128533d8d",
    "data": [
      {
        "text": "People call me ",
        "userDefined": false
      },
      {
        "text": "Angela",
        "alias": "firstname",
        "meta": "@sys.person",
        "userDefined": true
      },
      {
        "text": " ",
        "userDefined": false
      },
      {
        "text": "Mill",
        "alias": "lastname",
        "meta": "@sys.person",
        "userDefined": false
      }
    ],
    "isTemplate": false,
    "count": 0,
    "updated": 0
  },
  {
    "id": "fc0546da-24e6-43ad-a494-e398ed18b552",
    "data": [
      {
        "text": "I am called ",
        "userDefined": false
      },
      {
        "text": "Sandra",
        "alias": "firstname",
        "meta": "@sys.person",
        "userDefined": true
      },
      {
        "text": " ",
        "userDefined": false
      },
      {
        "text": "Naples",
        "alias": "lastname",
        "meta": "@sys.person",
        "userDefined": false
      }
    ],
    "isTemplate": false,
    "count": 0,
    "updated": 0
  },
  {
    "id": "63d116c4-4747-40de-b0da-f28b3a86d217",
    "data": [
      {
        "text": "Debra",
        "alias": "firstname",
        "meta": "@sys.person",
        "userDefined": false
      },
      {
        "text": " ",
        "userDefined": false
      },
      {
        "text": "Quill",
        "alias": "lastname",
        "meta": "@sys.person",
        "userDefined": false
      }
    ],
    "isTemplate": false,
    "count": 0,
    "updated": 0
  },
  {
    "id": "9bd3e4ec-d427-48f3-9b6e-70f267a1168f",
    "data": [
      {
        "text": "I\u0027m ",
        "userDefined": false
      },
      {
        "text": "Paula",
        "alias": "firstname",
        "meta": "@sys.person",
        "userDefined": false
      },
      {
        "text": " ",
        "userDefined": false
      },
      {
        "text": "Riche",
        "alias": "lastname",
        "meta": "@sys.person",
        "userDefined": false
      }
    ],
    "isTemplate": false,
    "count": 0,
    "updated": 0
  },
  {
    "id": "079c3494-ff99-4759-be74-26700fd82cf7",
    "data": [
      {
        "text": "I am ",
        "userDefined": false
      },
      {
        "text": "Beverley",
        "alias": "firstname",
        "meta": "@sys.person",
        "userDefined": false
      },
      {
        "text": " ",
        "userDefined": false
      },
      {
        "text": "Rosenstein",
        "alias": "lastname",
        "meta": "@sys.person",
        "userDefined": false
      }
    ],
    "isTemplate": false,
    "count": 0,
    "updated": 0
  },
  {
    "id": "81096e64-27b0-4c9c-a1e5-8915223fcbe6",
    "data": [
      {
        "text": "My full name is ",
        "userDefined": false
      },
      {
        "text": "Sally",
        "alias": "firstname",
        "meta": "@sys.person",
        "userDefined": false
      },
      {
        "text": " ",
        "userDefined": false
      },
      {
        "text": "Ryland",
        "alias": "lastname",
        "meta": "@sys.person",
        "userDefined": false
      }
    ],
    "isTemplate": false,
    "count": 0,
    "updated": 0
  },
  {
    "id": "05182672-9090-4687-9fc5-f0a215d62e0c",
    "data": [
      {
        "text": "My name is ",
        "userDefined": false
      },
      {
        "text": "Clarence",
        "alias": "firstname",
        "meta": "@sys.person",
        "userDefined": true
      },
      {
        "text": " ",
        "userDefined": false
      },
      {
        "text": "Shires",
        "alias": "lastname",
        "meta": "@sys.person",
        "userDefined": true
      }
    ],
    "isTemplate": false,
    "count": 0,
    "updated": 0
  }
]