[
  {
    "id": "b4a22a25-f650-4992-853f-26f17545856c",
    "data": [
      {
        "text": "you can reach me by ",
        "userDefined": false
      },
      {
        "text": "delideli10@gmail.com",
        "alias": "email",
        "meta": "@sys.email",
        "userDefined": true
      }
    ],
    "isTemplate": false,
    "count": 0,
    "updated": 0
  },
  {
    "id": "b0e3dd45-f2f8-49d4-b33d-c7d926e3b5e5",
    "data": [
      {
        "text": "you can contact me by ",
        "userDefined": false
      },
      {
        "text": "parchment4@outlook.com",
        "alias": "email",
        "meta": "@sys.email",
        "userDefined": true
      }
    ],
    "isTemplate": false,
    "count": 0,
    "updated": 0
  },
  {
    "id": "ca648527-6952-4252-8163-285fbfdae4e6",
    "data": [
      {
        "text": "flaxseed2@googlemail.com",
        "alias": "email",
        "meta": "@sys.email",
        "userDefined": true
      },
      {
        "text": " is how you can contact me",
        "userDefined": false
      }
    ],
    "isTemplate": false,
    "count": 0,
    "updated": 0
  },
  {
    "id": "453d4ac3-93d1-43ba-8f06-798c85bd0d1e",
    "data": [
      {
        "text": "drum9@yahoo.com",
        "alias": "email",
        "meta": "@sys.email",
        "userDefined": true
      },
      {
        "text": " is how I can be reached",
        "userDefined": false
      }
    ],
    "isTemplate": false,
    "count": 0,
    "updated": 0
  },
  {
    "id": "3921bac7-5b2c-412a-98a2-094f11ded852",
    "data": [
      {
        "text": "bird59@gmail.com",
        "alias": "email",
        "meta": "@sys.email",
        "userDefined": true
      },
      {
        "text": " is what I use",
        "userDefined": false
      }
    ],
    "isTemplate": false,
    "count": 0,
    "updated": 0
  },
  {
    "id": "09166abb-e3cd-4653-bc13-5477e2d0afb0",
    "data": [
      {
        "text": "i use ",
        "userDefined": false
      },
      {
        "text": "wolfwolf@mail.com",
        "alias": "email",
        "meta": "@sys.email",
        "userDefined": true
      }
    ],
    "isTemplate": false,
    "count": 0,
    "updated": 0
  },
  {
    "id": "f99840b4-64d6-482b-938f-b2beba0f98ea",
    "data": [
      {
        "text": "purpleFlower@gmail.com",
        "alias": "email",
        "meta": "@sys.email",
        "userDefined": true
      },
      {
        "text": " is my current email",
        "userDefined": false
      }
    ],
    "isTemplate": false,
    "count": 0,
    "updated": 0
  },
  {
    "id": "084f91c3-dd9e-4a34-b047-0fadffa01bea",
    "data": [
      {
        "text": "use ",
        "userDefined": false
      },
      {
        "text": "popcornLover@gmail.com",
        "alias": "email",
        "meta": "@sys.email",
        "userDefined": true
      }
    ],
    "isTemplate": false,
    "count": 0,
    "updated": 0
  },
  {
    "id": "a34f5a12-b371-4095-b86f-d225fa14bac2",
    "data": [
      {
        "text": "my current email is ",
        "userDefined": false
      },
      {
        "text": "sunshine2@aol.com",
        "alias": "email",
        "meta": "@sys.email",
        "userDefined": true
      }
    ],
    "isTemplate": false,
    "count": 0,
    "updated": 0
  },
  {
    "id": "7b54289b-0abe-4f19-8501-665501dd08b8",
    "data": [
      {
        "text": "here is my current email ",
        "userDefined": false
      },
      {
        "text": "greenBar99@gmail.com",
        "alias": "email",
        "meta": "@sys.email",
        "userDefined": true
      }
    ],
    "isTemplate": false,
    "count": 0,
    "updated": 0
  },
  {
    "id": "ab6e1118-b522-4e7f-a9d7-f6a20b6138ad",
    "data": [
      {
        "text": "here\u0027s my email address ",
        "userDefined": false
      },
      {
        "text": "treePalm@mail.com",
        "alias": "email",
        "meta": "@sys.email",
        "userDefined": true
      }
    ],
    "isTemplate": false,
    "count": 0,
    "updated": 0
  },
  {
    "id": "db38daa0-c8ee-4668-91ed-b66dd39ff134",
    "data": [
      {
        "text": "here\u0027s my address ",
        "userDefined": false
      },
      {
        "text": "otter00@gmail.com",
        "alias": "email",
        "meta": "@sys.email",
        "userDefined": true
      }
    ],
    "isTemplate": false,
    "count": 0,
    "updated": 0
  },
  {
    "id": "8b1c7199-33b5-45bd-afce-a041fdfa0ed2",
    "data": [
      {
        "text": "here\u0027s my email ",
        "userDefined": false
      },
      {
        "text": "rand229@yahoo.com",
        "alias": "email",
        "meta": "@sys.email",
        "userDefined": true
      }
    ],
    "isTemplate": false,
    "count": 0,
    "updated": 0
  },
  {
    "id": "0e706fd7-b786-4872-a7e1-ac37b3f633bc",
    "data": [
      {
        "text": "this is my email address ",
        "userDefined": false
      },
      {
        "text": "stimulus@yahoo.com",
        "alias": "email",
        "meta": "@sys.email",
        "userDefined": true
      }
    ],
    "isTemplate": false,
    "count": 0,
    "updated": 0
  },
  {
    "id": "57b55a8e-a01b-423b-886c-a97471e77cef",
    "data": [
      {
        "text": "this is my email ",
        "userDefined": false
      },
      {
        "text": "edition239@gmail.com",
        "alias": "email",
        "meta": "@sys.email",
        "userDefined": true
      }
    ],
    "isTemplate": false,
    "count": 0,
    "updated": 0
  },
  {
    "id": "477fe74f-70b3-4681-af79-c35c0c355b88",
    "data": [
      {
        "text": "here is my email address ",
        "userDefined": false
      },
      {
        "text": "outsideleaves@yahoo.com",
        "alias": "email",
        "meta": "@sys.email",
        "userDefined": true
      }
    ],
    "isTemplate": false,
    "count": 0,
    "updated": 0
  },
  {
    "id": "91c82a13-8920-41a0-98fa-aa5de7759e74",
    "data": [
      {
        "text": "here is my email ",
        "userDefined": false
      },
      {
        "text": "Jade455949@gmail.com",
        "alias": "email",
        "meta": "@sys.email",
        "userDefined": true
      }
    ],
    "isTemplate": false,
    "count": 0,
    "updated": 0
  },
  {
    "id": "b49a57b6-94e9-49fc-acec-ff071327b320",
    "data": [
      {
        "text": "pepper3@mail.com",
        "alias": "email",
        "meta": "@sys.email",
        "userDefined": true
      },
      {
        "text": " is my email account",
        "userDefined": false
      }
    ],
    "isTemplate": false,
    "count": 0,
    "updated": 0
  },
  {
    "id": "b5c7e170-99db-4d5c-9e42-f4597d9edf1e",
    "data": [
      {
        "text": "email account is ",
        "userDefined": false
      },
      {
        "text": "appleBlue3@gmail.com",
        "alias": "email",
        "meta": "@sys.email",
        "userDefined": true
      }
    ],
    "isTemplate": false,
    "count": 0,
    "updated": 0
  },
  {
    "id": "2d33c522-123c-401b-a6fd-2dcb1d5e6a70",
    "data": [
      {
        "text": "i can be reached by ",
        "userDefined": false
      },
      {
        "text": "vote00@gmail.com",
        "alias": "email",
        "meta": "@sys.email",
        "userDefined": true
      }
    ],
    "isTemplate": false,
    "count": 0,
    "updated": 0
  },
  {
    "id": "cb0d3fb9-a327-4fc3-b44d-1f0d1af5233a",
    "data": [
      {
        "text": "pineapple2@gmail.com",
        "alias": "email",
        "meta": "@sys.email",
        "userDefined": true
      },
      {
        "text": " is my email id",
        "userDefined": false
      }
    ],
    "isTemplate": false,
    "count": 0,
    "updated": 0
  },
  {
    "id": "daf96ba4-1ce1-476d-9e84-93e43acacfe5",
    "data": [
      {
        "text": "my email id is ",
        "userDefined": false
      },
      {
        "text": "button3@gmail.com",
        "alias": "email",
        "meta": "@sys.email",
        "userDefined": true
      }
    ],
    "isTemplate": false,
    "count": 0,
    "updated": 0
  },
  {
    "id": "03153a34-dfb3-4b9a-b440-31f26fa4fd6d",
    "data": [
      {
        "text": "reach me through ",
        "userDefined": false
      },
      {
        "text": "dish22@yahoo.com",
        "alias": "email",
        "meta": "@sys.email",
        "userDefined": true
      }
    ],
    "isTemplate": false,
    "count": 0,
    "updated": 0
  },
  {
    "id": "352e8ced-067f-47ad-850e-c4967d9cd5f1",
    "data": [
      {
        "text": "contact me through ",
        "userDefined": false
      },
      {
        "text": "whirlwind5@gmail.com",
        "alias": "email",
        "meta": "@sys.email",
        "userDefined": true
      }
    ],
    "isTemplate": false,
    "count": 0,
    "updated": 0
  },
  {
    "id": "5932f636-38e4-4464-a489-c95218018423",
    "data": [
      {
        "text": "reach me by ",
        "userDefined": false
      },
      {
        "text": "temp39@mail.com",
        "alias": "email",
        "meta": "@sys.email",
        "userDefined": true
      }
    ],
    "isTemplate": false,
    "count": 0,
    "updated": 0
  },
  {
    "id": "5175ed4a-f1f7-42f4-ac48-2f51873fdf12",
    "data": [
      {
        "text": "contact me by ",
        "userDefined": false
      },
      {
        "text": "nectar77@aol.com",
        "alias": "email",
        "meta": "@sys.email",
        "userDefined": true
      }
    ],
    "isTemplate": false,
    "count": 0,
    "updated": 0
  },
  {
    "id": "001b82b8-8e70-47dd-8b90-1c5aca0b004c",
    "data": [
      {
        "text": "use this address ",
        "userDefined": false
      },
      {
        "text": "garment56@outlook.com",
        "alias": "email",
        "meta": "@sys.email",
        "userDefined": true
      }
    ],
    "isTemplate": false,
    "count": 0,
    "updated": 0
  },
  {
    "id": "fd3b0759-b5d5-4aa0-bb46-c0cf2528b6f7",
    "data": [
      {
        "text": "use this email ",
        "userDefined": false
      },
      {
        "text": "sunset6541@gmail.com",
        "alias": "email",
        "meta": "@sys.email",
        "userDefined": true
      }
    ],
    "isTemplate": false,
    "count": 0,
    "updated": 0
  },
  {
    "id": "e02e64bd-7828-480e-bf2e-2992498e034b",
    "data": [
      {
        "text": "mine is ",
        "userDefined": false
      },
      {
        "text": "boxTech@aol.com",
        "alias": "email",
        "meta": "@sys.email",
        "userDefined": true
      }
    ],
    "isTemplate": false,
    "count": 0,
    "updated": 0
  },
  {
    "id": "3085513f-796c-4738-808a-230b9cdb0074",
    "data": [
      {
        "text": "worldGreen@yahoo.com",
        "alias": "email",
        "meta": "@sys.email",
        "userDefined": true
      },
      {
        "text": " is mine",
        "userDefined": false
      }
    ],
    "isTemplate": false,
    "count": 0,
    "updated": 0
  },
  {
    "id": "cbcfd4de-81e6-4c1c-bda4-81252c1da739",
    "data": [
      {
        "text": "the email is ",
        "userDefined": false
      },
      {
        "text": "greenFrog@mail.com",
        "alias": "email",
        "meta": "@sys.email",
        "userDefined": true
      }
    ],
    "isTemplate": false,
    "count": 0,
    "updated": 0
  },
  {
    "id": "9f27a5a3-355c-4e15-b7b3-261e7a46bbc8",
    "data": [
      {
        "text": "my account is ",
        "userDefined": false
      },
      {
        "text": "blueTree@yahoo.com",
        "alias": "email",
        "meta": "@sys.email",
        "userDefined": true
      }
    ],
    "isTemplate": false,
    "count": 0,
    "updated": 0
  },
  {
    "id": "9871dd69-2833-47e4-99ac-d9d6880982a2",
    "data": [
      {
        "text": "use this address at ",
        "userDefined": false
      },
      {
        "text": "blueName@gmail.com",
        "alias": "email",
        "meta": "@sys.email",
        "userDefined": true
      }
    ],
    "isTemplate": false,
    "count": 0,
    "updated": 0
  },
  {
    "id": "76c73f40-7676-45b2-8709-0cedfe21d6bc",
    "data": [
      {
        "text": "use this email at ",
        "userDefined": false
      },
      {
        "text": "purpleBag@mail.com",
        "alias": "email",
        "meta": "@sys.email",
        "userDefined": true
      }
    ],
    "isTemplate": false,
    "count": 0,
    "updated": 0
  },
  {
    "id": "069170e1-cc18-428d-b7c8-9e6e16ea8ee4",
    "data": [
      {
        "text": "please use this email ",
        "userDefined": false
      },
      {
        "text": "glassBook@aol.com",
        "alias": "email",
        "meta": "@sys.email",
        "userDefined": true
      }
    ],
    "isTemplate": false,
    "count": 0,
    "updated": 0
  },
  {
    "id": "ceabc0d3-1d16-4360-939f-1290e48a1c1b",
    "data": [
      {
        "text": "please use this ",
        "userDefined": false
      },
      {
        "text": "seaOcean@outlook.com",
        "alias": "email",
        "meta": "@sys.email",
        "userDefined": true
      }
    ],
    "isTemplate": false,
    "count": 0,
    "updated": 0
  },
  {
    "id": "6623e567-263c-4034-8949-9f4eb84b1d3d",
    "data": [
      {
        "text": "it is ",
        "userDefined": false
      },
      {
        "text": "noname@gmail.com",
        "alias": "email",
        "meta": "@sys.email",
        "userDefined": true
      }
    ],
    "isTemplate": false,
    "count": 0,
    "updated": 0
  },
  {
    "id": "41d2c3e2-3c59-4d0a-bc54-72d06df360de",
    "data": [
      {
        "text": "its ",
        "userDefined": false
      },
      {
        "text": "myname@googlemail.com",
        "alias": "email",
        "meta": "@sys.email",
        "userDefined": true
      }
    ],
    "isTemplate": false,
    "count": 0,
    "updated": 0
  },
  {
    "id": "5dd6b783-b961-416d-9f98-a8bc8249b0e6",
    "data": [
      {
        "text": "creditClassic@outlook.com",
        "alias": "email",
        "meta": "@sys.email",
        "userDefined": true
      }
    ],
    "isTemplate": false,
    "count": 0,
    "updated": 0
  },
  {
    "id": "bbd6b8db-5353-42c7-b577-3149d67e9efe",
    "data": [
      {
        "text": "pianoMusic@aol.com",
        "alias": "email",
        "meta": "@sys.email",
        "userDefined": true
      }
    ],
    "isTemplate": false,
    "count": 0,
    "updated": 0
  },
  {
    "id": "cb63a6a7-4ba3-45f2-a1fe-87850210249c",
    "data": [
      {
        "text": "carbohydrate@aol.com",
        "alias": "email",
        "meta": "@sys.email",
        "userDefined": true
      },
      {
        "text": " is the email",
        "userDefined": false
      }
    ],
    "isTemplate": false,
    "count": 0,
    "updated": 0
  },
  {
    "id": "678c219f-9338-4863-b291-c3d25b146809",
    "data": [
      {
        "text": "email is ",
        "userDefined": false
      },
      {
        "text": "IrisTable@mail.com",
        "alias": "email",
        "meta": "@sys.email",
        "userDefined": true
      }
    ],
    "isTemplate": false,
    "count": 0,
    "updated": 0
  },
  {
    "id": "3d271957-2496-4331-9c3f-64fbe7ef80cb",
    "data": [
      {
        "text": "ReadingPaper@yahoo.com",
        "alias": "email",
        "meta": "@sys.email",
        "userDefined": true
      },
      {
        "text": " is my email address",
        "userDefined": false
      }
    ],
    "isTemplate": false,
    "count": 0,
    "updated": 0
  },
  {
    "id": "a94b7336-988e-45dd-93be-69b125d1ca04",
    "data": [
      {
        "text": "my email address is ",
        "userDefined": false
      },
      {
        "text": "AntlerPumpkin@outlook.com",
        "alias": "email",
        "meta": "@sys.email",
        "userDefined": true
      }
    ],
    "isTemplate": false,
    "count": 0,
    "updated": 0
  },
  {
    "id": "f5a26be7-c49c-4701-9016-39b082459f1a",
    "data": [
      {
        "text": "paperDebate@email.com",
        "alias": "email",
        "meta": "@sys.email",
        "userDefined": true
      },
      {
        "text": " is my email",
        "userDefined": false
      }
    ],
    "isTemplate": false,
    "count": 0,
    "updated": 0
  },
  {
    "id": "c9f93eb6-9f31-45e6-b75d-2eb3f7d7eb04",
    "data": [
      {
        "text": "ivyNone@gmail.com",
        "alias": "email",
        "meta": "@sys.email",
        "userDefined": true
      }
    ],
    "isTemplate": false,
    "count": 0,
    "updated": 0
  },
  {
    "id": "0ec2dc57-e39c-4f2a-9125-1ba36f08cd4a",
    "data": [
      {
        "text": "my email is ",
        "userDefined": false
      },
      {
        "text": "jane@email.sc.edu",
        "alias": "email",
        "meta": "@sys.email",
        "userDefined": true
      }
    ],
    "isTemplate": false,
    "count": 0,
    "updated": 0
  }
]