[
  {
    "id": "f55a577a-f2b3-4ece-a182-fbb6e98b28d8",
    "data": [
      {
        "text": "wireless network not connecting",
        "userDefined": false
      }
    ],
    "isTemplate": false,
    "count": 1,
    "updated": 0
  },
  {
    "id": "cde16795-0e0e-415d-8bc7-01d7ae18680f",
    "data": [
      {
        "text": "wifi not connecting",
        "userDefined": false
      }
    ],
    "isTemplate": false,
    "count": 0,
    "updated": 0
  },
  {
    "id": "ad5926ab-9d21-404e-9f63-b884f51e5a64",
    "data": [
      {
        "text": "wifi but no internet access",
        "userDefined": false
      }
    ],
    "isTemplate": false,
    "count": 0,
    "updated": 0
  },
  {
    "id": "62228958-46bb-4c60-8c1f-866e51682a36",
    "data": [
      {
        "text": "wifi no internet access",
        "userDefined": false
      }
    ],
    "isTemplate": false,
    "count": 0,
    "updated": 0
  },
  {
    "id": "25330ab6-0e67-441f-b3ee-52c3e00c8a55",
    "data": [
      {
        "text": "wireless connection but no internet",
        "userDefined": false
      }
    ],
    "isTemplate": false,
    "count": 0,
    "updated": 0
  },
  {
    "id": "76344cbf-fcf2-4069-b64e-660ed412199c",
    "data": [
      {
        "text": "wireless connection with no internet",
        "userDefined": false
      }
    ],
    "isTemplate": false,
    "count": 0,
    "updated": 0
  },
  {
    "id": "a9174b6d-4bcb-44de-b931-7033724d0d30",
    "data": [
      {
        "text": "wifi connected no internet",
        "userDefined": false
      }
    ],
    "isTemplate": false,
    "count": 0,
    "updated": 0
  },
  {
    "id": "8a321dbd-136e-4bd3-8300-31fe03988856",
    "data": [
      {
        "text": "internet is gone",
        "userDefined": false
      }
    ],
    "isTemplate": false,
    "count": 0,
    "updated": 0
  },
  {
    "id": "9c569178-7f0e-43c3-91e1-5f6e38129907",
    "data": [
      {
        "text": "internet connection is gone",
        "userDefined": false
      }
    ],
    "isTemplate": false,
    "count": 0,
    "updated": 0
  },
  {
    "id": "3c5a6c50-9d3c-4a83-9cf5-7b50562f5cd7",
    "data": [
      {
        "text": "wireless connection is gone",
        "userDefined": false
      }
    ],
    "isTemplate": false,
    "count": 0,
    "updated": 0
  },
  {
    "id": "dcb96c1a-bc43-4027-950c-911ca1643c23",
    "data": [
      {
        "text": "wifi is gone",
        "userDefined": false
      }
    ],
    "isTemplate": false,
    "count": 0,
    "updated": 0
  },
  {
    "id": "a2a112dd-3e7d-4bec-837b-b65bf15f7e78",
    "data": [
      {
        "text": "i have no wireless internet connection",
        "userDefined": false
      }
    ],
    "isTemplate": false,
    "count": 0,
    "updated": 0
  },
  {
    "id": "505eec15-20bd-4849-9709-daa900aa480c",
    "data": [
      {
        "text": "i have no wireless connection",
        "userDefined": false
      }
    ],
    "isTemplate": false,
    "count": 0,
    "updated": 0
  },
  {
    "id": "b2f54f4a-6573-4977-b99a-dc0977516769",
    "data": [
      {
        "text": "i have no wifi",
        "userDefined": false
      }
    ],
    "isTemplate": false,
    "count": 0,
    "updated": 0
  },
  {
    "id": "77b9a8d8-ee7d-45d6-aa4a-3fdef30a6064",
    "data": [
      {
        "text": "i have no internet",
        "userDefined": false
      }
    ],
    "isTemplate": false,
    "count": 0,
    "updated": 0
  },
  {
    "id": "840debe7-7264-468c-be90-2f3d16db4836",
    "data": [
      {
        "text": "no internet connection detected",
        "userDefined": false
      }
    ],
    "isTemplate": false,
    "count": 0,
    "updated": 0
  },
  {
    "id": "265559ca-a1fb-439e-a2bf-fde78c793b90",
    "data": [
      {
        "text": "no internet access wifi",
        "userDefined": false
      }
    ],
    "isTemplate": false,
    "count": 0,
    "updated": 0
  },
  {
    "id": "b3fd427b-9ce6-42f0-8be9-e7a3f0770188",
    "data": [
      {
        "text": "no internet access",
        "userDefined": false
      }
    ],
    "isTemplate": false,
    "count": 0,
    "updated": 0
  },
  {
    "id": "1516135c-ccf5-48df-80cf-f78a8737e5f4",
    "data": [
      {
        "text": "no internet connection",
        "userDefined": false
      }
    ],
    "isTemplate": false,
    "count": 0,
    "updated": 0
  },
  {
    "id": "250e66d5-c0be-4bbd-b4d7-198d9a064f54",
    "data": [
      {
        "text": "no wireless internet connection",
        "userDefined": false
      }
    ],
    "isTemplate": false,
    "count": 0,
    "updated": 0
  },
  {
    "id": "82257e24-c31a-4d06-bbb4-f2e2b03c3f62",
    "data": [
      {
        "text": "no wireless connection",
        "userDefined": false
      }
    ],
    "isTemplate": false,
    "count": 0,
    "updated": 0
  },
  {
    "id": "e376373a-b0a0-4b7b-b4fc-a90e9541cbc2",
    "data": [
      {
        "text": "no wireless access",
        "userDefined": false
      }
    ],
    "isTemplate": false,
    "count": 0,
    "updated": 0
  },
  {
    "id": "230927d4-86e7-4990-b92a-3fa5d07b851e",
    "data": [
      {
        "text": "no wireless",
        "userDefined": false
      }
    ],
    "isTemplate": false,
    "count": 1,
    "updated": 0
  },
  {
    "id": "10d7f59f-9d16-4c7c-9a81-84092fa93b2d",
    "data": [
      {
        "text": "no wireless network",
        "userDefined": false
      }
    ],
    "isTemplate": false,
    "count": 0,
    "updated": 0
  },
  {
    "id": "b936d99f-b7c4-4497-9990-a91ae1214df8",
    "data": [
      {
        "text": "no wifi",
        "userDefined": false
      }
    ],
    "isTemplate": false,
    "count": 0,
    "updated": 0
  },
  {
    "id": "47e6f2fc-dac0-48f3-9c8e-e323b4acdc37",
    "data": [
      {
        "text": "no wifi signal",
        "userDefined": false
      }
    ],
    "isTemplate": false,
    "count": 0,
    "updated": 0
  },
  {
    "id": "496d7397-db70-44d5-ad79-589361afcce3",
    "data": [
      {
        "text": "no wifi access",
        "userDefined": false
      }
    ],
    "isTemplate": false,
    "count": 0,
    "updated": 0
  },
  {
    "id": "c169c30c-c176-44b1-914a-510952f1a244",
    "data": [
      {
        "text": "Cannot get a signal",
        "userDefined": false
      }
    ],
    "isTemplate": false,
    "count": 0,
    "updated": 0
  },
  {
    "id": "f9845987-5349-4bdd-90d5-d17360144f04",
    "data": [
      {
        "text": "There is not any wireless access",
        "userDefined": false
      }
    ],
    "isTemplate": false,
    "count": 0,
    "updated": 0
  },
  {
    "id": "586e44b4-c251-49f4-ac81-d5659105d03a",
    "data": [
      {
        "text": "never can get wireless access",
        "userDefined": false
      }
    ],
    "isTemplate": false,
    "count": 0,
    "updated": 0
  },
  {
    "id": "c370c1ca-6853-4624-be56-4dcec0d9d1e0",
    "data": [
      {
        "text": "by no means can I get online access",
        "userDefined": false
      }
    ],
    "isTemplate": false,
    "count": 0,
    "updated": 0
  },
  {
    "id": "5d657330-32b0-41cb-9293-9a8f59a50bc6",
    "data": [
      {
        "text": "nix on surfing the net",
        "userDefined": false
      }
    ],
    "isTemplate": false,
    "count": 0,
    "updated": 0
  },
  {
    "id": "435f3e7d-03c1-47e0-bd70-02d09994e801",
    "data": [
      {
        "text": "no Wi-Fi",
        "userDefined": false
      }
    ],
    "isTemplate": false,
    "count": 0,
    "updated": 0
  },
  {
    "id": "8651559c-2cac-4591-9e52-a8e2d682f258",
    "data": [
      {
        "text": "not by any means is there a world network",
        "userDefined": false
      }
    ],
    "isTemplate": false,
    "count": 0,
    "updated": 0
  },
  {
    "id": "e5968657-3308-4fe6-a993-5226745dab40",
    "data": [
      {
        "text": "no world-wide web",
        "userDefined": false
      }
    ],
    "isTemplate": false,
    "count": 0,
    "updated": 0
  },
  {
    "id": "07666ecc-29fb-41eb-888e-16fd42bf8254",
    "data": [
      {
        "text": "no online connection",
        "userDefined": false
      }
    ],
    "isTemplate": false,
    "count": 0,
    "updated": 0
  },
  {
    "id": "0b88992e-b739-46d4-8ced-59c91b18fa8c",
    "data": [
      {
        "text": "no network",
        "userDefined": false
      }
    ],
    "isTemplate": false,
    "count": 0,
    "updated": 0
  },
  {
    "id": "73efa289-dde6-4202-8d3a-440613b84fa4",
    "data": [
      {
        "text": "no network connection",
        "userDefined": false
      }
    ],
    "isTemplate": false,
    "count": 0,
    "updated": 0
  },
  {
    "id": "551ca075-adec-4e9b-9819-733a1a714cab",
    "data": [
      {
        "text": "never is a internet connection",
        "userDefined": false
      }
    ],
    "isTemplate": false,
    "count": 0,
    "updated": 0
  },
  {
    "id": "5d966a72-6a43-4dec-bd6f-6074f05ccdb5",
    "data": [
      {
        "text": "There is not an internet connection",
        "userDefined": false
      }
    ],
    "isTemplate": false,
    "count": 0,
    "updated": 0
  },
  {
    "id": "18f2c5c5-28a3-4628-b19e-b966ceb2200b",
    "data": [
      {
        "text": "no connection",
        "userDefined": false
      }
    ],
    "isTemplate": false,
    "count": 1,
    "updated": 0
  },
  {
    "id": "38671fe7-58e1-4973-b0db-0e92c7bb83f1",
    "data": [
      {
        "text": "no internet",
        "userDefined": false
      }
    ],
    "isTemplate": false,
    "count": 0,
    "updated": 0
  }
]