[
  {
    "id": "0efee5d3-0913-416a-ad7b-677021b6573c",
    "data": [
      {
        "text": "did not resolve",
        "userDefined": false
      }
    ],
    "isTemplate": false,
    "count": 0,
    "updated": 0
  },
  {
    "id": "4dea0649-4fdd-4552-a132-978b55cc67e1",
    "data": [
      {
        "text": "it was not fixed",
        "userDefined": false
      }
    ],
    "isTemplate": false,
    "count": 0,
    "updated": 0
  },
  {
    "id": "cfbe0c16-88d6-4f4e-9ad0-b25b183dbb6a",
    "data": [
      {
        "text": "no internet access",
        "userDefined": false
      }
    ],
    "isTemplate": false,
    "count": 0,
    "updated": 0
  },
  {
    "id": "99f879b2-133d-4181-ae8b-de5f2522353f",
    "data": [
      {
        "text": "no internet connection",
        "userDefined": false
      }
    ],
    "isTemplate": false,
    "count": 0,
    "updated": 0
  },
  {
    "id": "d2ce5aec-8223-4bcd-b0b8-2c6b852b27ed",
    "data": [
      {
        "text": "do not have internet access",
        "userDefined": false
      }
    ],
    "isTemplate": false,
    "count": 0,
    "updated": 0
  },
  {
    "id": "fc4cccca-427e-487a-912c-265ea017b83a",
    "data": [
      {
        "text": "no internet access still",
        "userDefined": false
      }
    ],
    "isTemplate": false,
    "count": 0,
    "updated": 0
  },
  {
    "id": "83b30867-6614-472c-af10-3b70898b0e12",
    "data": [
      {
        "text": "did not fix it",
        "userDefined": false
      }
    ],
    "isTemplate": false,
    "count": 0,
    "updated": 0
  },
  {
    "id": "eab44f7f-cd75-4f03-a951-c9ac4a98a016",
    "data": [
      {
        "text": "didn\u0027t fix it",
        "userDefined": false
      }
    ],
    "isTemplate": false,
    "count": 0,
    "updated": 0
  },
  {
    "id": "62adba62-d1e7-4c41-8ece-aec98a8bd5fe",
    "data": [
      {
        "text": "restarting didn\u0027t work",
        "userDefined": false
      }
    ],
    "isTemplate": false,
    "count": 0,
    "updated": 0
  },
  {
    "id": "9a3eb5b0-0f56-456d-8086-9dc1a0c50f66",
    "data": [
      {
        "text": "solution didn\u0027t work",
        "userDefined": false
      }
    ],
    "isTemplate": false,
    "count": 0,
    "updated": 0
  },
  {
    "id": "bc9f32fa-a94c-4859-aa16-f62fbd92dc1b",
    "data": [
      {
        "text": "solution did not work",
        "userDefined": false
      }
    ],
    "isTemplate": false,
    "count": 0,
    "updated": 0
  },
  {
    "id": "109e14db-8715-45d9-88ab-ee2f59d26c37",
    "data": [
      {
        "text": "internet connection not fixed",
        "userDefined": false
      }
    ],
    "isTemplate": false,
    "count": 0,
    "updated": 0
  },
  {
    "id": "12e116ed-8249-4886-8395-1b410858695d",
    "data": [
      {
        "text": "internet connection is still gone",
        "userDefined": false
      }
    ],
    "isTemplate": false,
    "count": 0,
    "updated": 0
  },
  {
    "id": "76dc8d6c-5fde-4a50-ad08-42e3b331ef74",
    "data": [
      {
        "text": "internet connection is still out",
        "userDefined": false
      }
    ],
    "isTemplate": false,
    "count": 0,
    "updated": 0
  },
  {
    "id": "fab724cd-2e93-4cc1-ba01-74c6203a8621",
    "data": [
      {
        "text": "still have issue",
        "userDefined": false
      }
    ],
    "isTemplate": false,
    "count": 1,
    "updated": 0
  },
  {
    "id": "2d06d55a-41a4-4600-af75-c78a9329aa49",
    "data": [
      {
        "text": "did not help",
        "userDefined": false
      }
    ],
    "isTemplate": false,
    "count": 0,
    "updated": 0
  },
  {
    "id": "d3cfa724-2252-4a63-a6fb-30090d005063",
    "data": [
      {
        "text": "did not fix",
        "userDefined": false
      }
    ],
    "isTemplate": false,
    "count": 0,
    "updated": 0
  },
  {
    "id": "c4622d2d-2752-417f-ad83-66d3ba2c9ec9",
    "data": [
      {
        "text": "didn\u0027t fix",
        "userDefined": false
      }
    ],
    "isTemplate": false,
    "count": 0,
    "updated": 0
  },
  {
    "id": "96d152f7-7cc8-4398-a275-75336117afff",
    "data": [
      {
        "text": "didn\u0027t help",
        "userDefined": false
      }
    ],
    "isTemplate": false,
    "count": 0,
    "updated": 0
  },
  {
    "id": "3fb9f027-1451-4619-9f1e-e5850d574f7f",
    "data": [
      {
        "text": "didn\u0027t work",
        "userDefined": false
      }
    ],
    "isTemplate": false,
    "count": 0,
    "updated": 0
  },
  {
    "id": "6d54a25c-70e8-44ba-afbf-106e47f7e758",
    "data": [
      {
        "text": "did not work",
        "userDefined": false
      }
    ],
    "isTemplate": false,
    "count": 0,
    "updated": 0
  },
  {
    "id": "77951394-5d3d-485d-b46a-e3e1fc2beea5",
    "data": [
      {
        "text": "thanks but no",
        "userDefined": false
      }
    ],
    "isTemplate": false,
    "count": 0,
    "updated": 0
  },
  {
    "id": "d65ad0b1-5f9e-4ea7-9369-4bd2ae82dda8",
    "data": [
      {
        "text": "no way",
        "userDefined": false
      }
    ],
    "isTemplate": false,
    "count": 0,
    "updated": 0
  },
  {
    "id": "bfe528d8-ccae-4184-ae72-eace37428c83",
    "data": [
      {
        "text": "no",
        "userDefined": false
      }
    ],
    "isTemplate": false,
    "count": 2,
    "updated": 0
  },
  {
    "id": "a7d86071-e06d-4ce8-9b7c-3bb9e3c2550f",
    "data": [
      {
        "text": "no no don\u0027t",
        "userDefined": false
      }
    ],
    "isTemplate": false,
    "count": 0,
    "updated": 0
  },
  {
    "id": "85fd1c2a-f4a9-449a-98bd-e070669f1daf",
    "data": [
      {
        "text": "na",
        "userDefined": false
      }
    ],
    "isTemplate": false,
    "count": 0,
    "updated": 0
  },
  {
    "id": "ab4eba56-fce4-4c22-97ca-38a498e8cfed",
    "data": [
      {
        "text": "no it isn\u0027t",
        "userDefined": false
      }
    ],
    "isTemplate": false,
    "count": 1,
    "updated": 0
  },
  {
    "id": "0f7d323b-f44c-4b7b-a004-2e1ecef64d1f",
    "data": [
      {
        "text": "don\u0027t",
        "userDefined": false
      }
    ],
    "isTemplate": false,
    "count": 0,
    "updated": 0
  },
  {
    "id": "bc8a7c1f-a929-4b03-9723-a4b524ee911e",
    "data": [
      {
        "text": "nah I\u0027m good",
        "userDefined": false
      }
    ],
    "isTemplate": false,
    "count": 1,
    "updated": 0
  },
  {
    "id": "fcf4839d-47bc-47e2-9e16-dd92e738522a",
    "data": [
      {
        "text": "no I cannot",
        "userDefined": false
      }
    ],
    "isTemplate": false,
    "count": 1,
    "updated": 0
  },
  {
    "id": "9de57cba-c6de-4997-af93-20af45268c6b",
    "data": [
      {
        "text": "I can\u0027t",
        "userDefined": false
      }
    ],
    "isTemplate": false,
    "count": 0,
    "updated": 0
  },
  {
    "id": "30f407c0-5349-4f68-b76e-53de920d64de",
    "data": [
      {
        "text": "nothing",
        "userDefined": false
      }
    ],
    "isTemplate": false,
    "count": 0,
    "updated": 0
  },
  {
    "id": "94820576-863e-4289-8e3d-a96543c52845",
    "data": [
      {
        "text": "no that\u0027s okay",
        "userDefined": false
      }
    ],
    "isTemplate": false,
    "count": 0,
    "updated": 0
  },
  {
    "id": "b1b9bb9a-f089-4c31-b486-f4807ecae33d",
    "data": [
      {
        "text": "no not really",
        "userDefined": false
      }
    ],
    "isTemplate": false,
    "count": 0,
    "updated": 0
  },
  {
    "id": "2b7bf669-66c4-4968-9576-814897187f36",
    "data": [
      {
        "text": "nope not really",
        "userDefined": false
      }
    ],
    "isTemplate": false,
    "count": 0,
    "updated": 0
  },
  {
    "id": "fd403765-1440-4edc-9128-21fde3e85dfd",
    "data": [
      {
        "text": "nope",
        "userDefined": false
      }
    ],
    "isTemplate": false,
    "count": 1,
    "updated": 0
  },
  {
    "id": "fcda976f-190b-480a-aa34-1ac40d263dcd",
    "data": [
      {
        "text": "thanks but not this time",
        "userDefined": false
      }
    ],
    "isTemplate": false,
    "count": 1,
    "updated": 0
  },
  {
    "id": "cd052153-f6da-4bd5-b822-83d2809cc992",
    "data": [
      {
        "text": "I don\u0027t think so",
        "userDefined": false
      }
    ],
    "isTemplate": false,
    "count": 1,
    "updated": 0
  },
  {
    "id": "236a2af3-08d9-4fdf-8f52-93aa25589725",
    "data": [
      {
        "text": "I disagree",
        "userDefined": false
      }
    ],
    "isTemplate": false,
    "count": 2,
    "updated": 0
  },
  {
    "id": "88e370a5-a5a6-4012-bdf7-3c01b51d9957",
    "data": [
      {
        "text": "no maybe next time",
        "userDefined": false
      }
    ],
    "isTemplate": false,
    "count": 0,
    "updated": 0
  },
  {
    "id": "9d2301f2-2d80-4963-9779-f5d2f1d5ff29",
    "data": [
      {
        "text": "not this time",
        "userDefined": false
      }
    ],
    "isTemplate": false,
    "count": 0,
    "updated": 0
  },
  {
    "id": "c54db8f1-74b0-4240-812b-83f3ea4bdefa",
    "data": [
      {
        "text": "no don\u0027t",
        "userDefined": false
      }
    ],
    "isTemplate": false,
    "count": 0,
    "updated": 0
  },
  {
    "id": "7940d23a-1f03-4413-94a6-541170abe7dc",
    "data": [
      {
        "text": "no we are good",
        "userDefined": false
      }
    ],
    "isTemplate": false,
    "count": 0,
    "updated": 0
  },
  {
    "id": "732c1eda-f82b-4467-947b-b45600ab440b",
    "data": [
      {
        "text": "don\u0027t do it",
        "userDefined": false
      }
    ],
    "isTemplate": false,
    "count": 3,
    "updated": 0
  },
  {
    "id": "a2aaa454-330e-4c6a-905c-7de5b5887a3b",
    "data": [
      {
        "text": "no that\u0027s be all",
        "userDefined": false
      }
    ],
    "isTemplate": false,
    "count": 0,
    "updated": 0
  },
  {
    "id": "b980af59-f8cc-4b85-afa6-3cd72300457f",
    "data": [
      {
        "text": "not right now",
        "userDefined": false
      }
    ],
    "isTemplate": false,
    "count": 0,
    "updated": 0
  },
  {
    "id": "5b36dcc0-ad27-4d69-9d73-045cbe0a94f6",
    "data": [
      {
        "text": "nothing else thanks",
        "userDefined": false
      }
    ],
    "isTemplate": false,
    "count": 0,
    "updated": 0
  },
  {
    "id": "b116d37f-eb8b-4e93-94cf-d743718a260f",
    "data": [
      {
        "text": "no thanks",
        "userDefined": false
      }
    ],
    "isTemplate": false,
    "count": 0,
    "updated": 0
  },
  {
    "id": "025c1917-ae6e-4244-9f23-a91a7990902d",
    "data": [
      {
        "text": "no that\u0027s ok",
        "userDefined": false
      }
    ],
    "isTemplate": false,
    "count": 1,
    "updated": 0
  },
  {
    "id": "be369b02-b663-4daa-839e-6085b7aea4c2",
    "data": [
      {
        "text": "I don\u0027t want that",
        "userDefined": false
      }
    ],
    "isTemplate": false,
    "count": 0,
    "updated": 0
  },
  {
    "id": "34ccd441-032b-4700-94a3-96326dda0b2b",
    "data": [
      {
        "text": "definitely not",
        "userDefined": false
      }
    ],
    "isTemplate": false,
    "count": 3,
    "updated": 0
  },
  {
    "id": "c807f2a4-e951-4ef4-8b81-1ffeec2c8953",
    "data": [
      {
        "text": "nothing else",
        "userDefined": false
      }
    ],
    "isTemplate": false,
    "count": 1,
    "updated": 0
  },
  {
    "id": "2de87b24-e27d-402a-92ad-c8dfe61406df",
    "data": [
      {
        "text": "not",
        "userDefined": false
      }
    ],
    "isTemplate": false,
    "count": 0,
    "updated": 0
  },
  {
    "id": "edb76453-b8d3-481e-a2c9-23f86577d002",
    "data": [
      {
        "text": "not at all",
        "userDefined": false
      }
    ],
    "isTemplate": false,
    "count": 0,
    "updated": 0
  },
  {
    "id": "95ad34f9-a074-4323-be31-04e35dc86d28",
    "data": [
      {
        "text": "no never",
        "userDefined": false
      }
    ],
    "isTemplate": false,
    "count": 0,
    "updated": 0
  },
  {
    "id": "a0719cdc-66be-4614-a675-b73aad58e50e",
    "data": [
      {
        "text": "never",
        "userDefined": false
      }
    ],
    "isTemplate": false,
    "count": 0,
    "updated": 0
  },
  {
    "id": "12334c0e-fbec-4886-a1f3-0459be909931",
    "data": [
      {
        "text": "no way no",
        "userDefined": false
      }
    ],
    "isTemplate": false,
    "count": 0,
    "updated": 0
  },
  {
    "id": "61e9abc6-32a8-47bd-a04a-2b24119bfe98",
    "data": [
      {
        "text": "not really",
        "userDefined": false
      }
    ],
    "isTemplate": false,
    "count": 0,
    "updated": 0
  },
  {
    "id": "fef47852-e8d1-4e6e-835b-cb404a923425",
    "data": [
      {
        "text": "nah",
        "userDefined": false
      }
    ],
    "isTemplate": false,
    "count": 2,
    "updated": 0
  },
  {
    "id": "f905f5d1-53af-4230-af2a-ce0288fdd409",
    "data": [
      {
        "text": "I don\u0027t",
        "userDefined": false
      }
    ],
    "isTemplate": false,
    "count": 0,
    "updated": 0
  },
  {
    "id": "5a8684c5-b8f5-4688-9e12-4ffb03e54e7b",
    "data": [
      {
        "text": "I don\u0027t want",
        "userDefined": false
      }
    ],
    "isTemplate": false,
    "count": 0,
    "updated": 0
  },
  {
    "id": "2a24ff4e-83e3-4dc1-819a-194444d03499",
    "data": [
      {
        "text": "not ",
        "userDefined": false
      },
      {
        "text": "today",
        "meta": "@sys.ignore",
        "userDefined": false
      }
    ],
    "isTemplate": false,
    "count": 0,
    "updated": 0
  },
  {
    "id": "227bd23f-9c93-4851-a754-78b80dd131ab",
    "data": [
      {
        "text": "not interested",
        "userDefined": false
      }
    ],
    "isTemplate": false,
    "count": 0,
    "updated": 0
  },
  {
    "id": "ddd10855-76b5-4592-8fd7-121a49daf62c",
    "data": [
      {
        "text": "no that\u0027s fine thank you",
        "userDefined": false
      }
    ],
    "isTemplate": false,
    "count": 0,
    "updated": 0
  },
  {
    "id": "10a69df1-88f9-43c8-9abd-56ca5eec40f4",
    "data": [
      {
        "text": "I\u0027m not",
        "userDefined": false
      }
    ],
    "isTemplate": false,
    "count": 3,
    "updated": 0
  }
]