[
  {
    "id": "8de72056-3a09-4939-b0ca-7793551e9f3b",
    "data": [
      {
        "text": "i do not have them in the same room",
        "userDefined": false
      }
    ],
    "isTemplate": false,
    "count": 0,
    "updated": 0
  },
  {
    "id": "16de91da-e158-4c4b-8f53-9c7a78a68c9d",
    "data": [
      {
        "text": "i do not keep them in the same room",
        "userDefined": false
      }
    ],
    "isTemplate": false,
    "count": 0,
    "updated": 0
  },
  {
    "id": "486f72e8-bd18-4e5c-9b8f-542b6794283f",
    "data": [
      {
        "text": "i don\u0027t keep them in the same room",
        "userDefined": false
      }
    ],
    "isTemplate": false,
    "count": 0,
    "updated": 0
  },
  {
    "id": "f9cc2158-41a8-4ca0-be3f-79af4971dfbe",
    "data": [
      {
        "text": "i don\u0027t have them in the same room",
        "userDefined": false
      }
    ],
    "isTemplate": false,
    "count": 0,
    "updated": 0
  },
  {
    "id": "2716ef2c-14aa-4044-b2f9-234484a5b4b4",
    "data": [
      {
        "text": "i have them both in different rooms",
        "userDefined": false
      }
    ],
    "isTemplate": false,
    "count": 0,
    "updated": 0
  },
  {
    "id": "d03c3f5b-4d29-4507-84f4-3ba92033a528",
    "data": [
      {
        "text": "one is one room and the other in another room",
        "userDefined": false
      }
    ],
    "isTemplate": false,
    "count": 0,
    "updated": 0
  },
  {
    "id": "cdd2081c-25e5-4aca-bd37-5b8dc87dbb84",
    "data": [
      {
        "text": "each has its own room",
        "userDefined": false
      }
    ],
    "isTemplate": false,
    "count": 0,
    "updated": 0
  },
  {
    "id": "c326f0c5-4552-40c0-8fcd-ba4d0a88267e",
    "data": [
      {
        "text": "each is in its own room",
        "userDefined": false
      }
    ],
    "isTemplate": false,
    "count": 0,
    "updated": 0
  },
  {
    "id": "716331b9-e541-45c7-a897-7f54548a89e9",
    "data": [
      {
        "text": "each is in a separate room",
        "userDefined": false
      }
    ],
    "isTemplate": false,
    "count": 0,
    "updated": 0
  },
  {
    "id": "7ce6bf09-0e35-4fd3-9ef0-86bb4fb61eb1",
    "data": [
      {
        "text": "each is in a different room",
        "userDefined": false
      }
    ],
    "isTemplate": false,
    "count": 0,
    "updated": 0
  },
  {
    "id": "5c7467be-65f8-4253-bc2c-68b0de327ee6",
    "data": [
      {
        "text": "they are at different ends of the house",
        "userDefined": false
      }
    ],
    "isTemplate": false,
    "count": 0,
    "updated": 0
  },
  {
    "id": "cf4d39af-e11d-44d3-af17-d0011e13a895",
    "data": [
      {
        "text": "they are in different rooms",
        "userDefined": false
      }
    ],
    "isTemplate": false,
    "count": 0,
    "updated": 0
  },
  {
    "id": "6086266b-a12b-47c7-9482-f47cb87cb7d6",
    "data": [
      {
        "text": "they are not in the same room",
        "userDefined": false
      }
    ],
    "isTemplate": false,
    "count": 0,
    "updated": 0
  },
  {
    "id": "e1863ecb-a3ec-4549-94a4-6ac87f807d9a",
    "data": [
      {
        "text": "device and router not in the same room",
        "userDefined": false
      }
    ],
    "isTemplate": false,
    "count": 0,
    "updated": 0
  },
  {
    "id": "c2e90990-ce7e-462e-8614-78ac6a33c2b6",
    "data": [
      {
        "text": "router and device are not in same room",
        "userDefined": false
      }
    ],
    "isTemplate": false,
    "count": 0,
    "updated": 0
  },
  {
    "id": "d5882c9f-28f9-4343-bc1a-e9dbc2c7d7d1",
    "data": [
      {
        "text": "not in the same room",
        "userDefined": false
      }
    ],
    "isTemplate": false,
    "count": 0,
    "updated": 0
  },
  {
    "id": "10a822a9-8533-4655-ae43-18c8376be004",
    "data": [
      {
        "text": "they are not",
        "userDefined": false
      }
    ],
    "isTemplate": false,
    "count": 1,
    "updated": 0
  },
  {
    "id": "32709746-1ff9-41c0-b51f-b0a6a8642536",
    "data": [
      {
        "text": "the router cannot reach my phone",
        "userDefined": false
      }
    ],
    "isTemplate": false,
    "count": 0,
    "updated": 0
  },
  {
    "id": "83016278-e18a-4572-980e-75b6caf516c4",
    "data": [
      {
        "text": "my computer is ungetable",
        "userDefined": false
      }
    ],
    "isTemplate": false,
    "count": 0,
    "updated": 0
  },
  {
    "id": "62d8b50c-8bf0-4cc4-9b70-9e87d976b9ad",
    "data": [
      {
        "text": "the home computer is unreachable",
        "userDefined": false
      }
    ],
    "isTemplate": false,
    "count": 0,
    "updated": 0
  },
  {
    "id": "92880bc1-3d31-441c-9d37-ded2bf58c75b",
    "data": [
      {
        "text": "the tablet is away from the router",
        "userDefined": false
      }
    ],
    "isTemplate": false,
    "count": 0,
    "updated": 0
  },
  {
    "id": "4b9cf109-1c20-4f69-953e-d7a2575436f6",
    "data": [
      {
        "text": "the windows computer is isolated from the router",
        "userDefined": false
      }
    ],
    "isTemplate": false,
    "count": 0,
    "updated": 0
  },
  {
    "id": "6a740c64-74a3-4a1b-8e35-c43f120272aa",
    "data": [
      {
        "text": "both the Macbook Air and router are faraway from each other",
        "userDefined": false
      }
    ],
    "isTemplate": false,
    "count": 0,
    "updated": 0
  },
  {
    "id": "67d38c0d-4f9e-4b7b-9fb1-fd8de1c2a7bc",
    "data": [
      {
        "text": "the router and laptop are distant from one another",
        "userDefined": false
      }
    ],
    "isTemplate": false,
    "count": 0,
    "updated": 0
  },
  {
    "id": "43f4003b-502b-4572-b4b5-81a95b52ca00",
    "data": [
      {
        "text": "the desktop computer and router are far from each other",
        "userDefined": false
      }
    ],
    "isTemplate": false,
    "count": 0,
    "updated": 0
  },
  {
    "id": "0e4e0239-6c39-4308-9c80-2cf24aaabe80",
    "data": [
      {
        "text": "the PC is in a remote room of the house and router can\u0027t be move",
        "userDefined": false
      }
    ],
    "isTemplate": false,
    "count": 0,
    "updated": 0
  },
  {
    "id": "9af9732b-2058-4713-95dd-b363c188b73e",
    "data": [
      {
        "text": "the Dell computer and router are in different rooms",
        "userDefined": false
      }
    ],
    "isTemplate": false,
    "count": 0,
    "updated": 0
  },
  {
    "id": "9d51386e-dbab-4210-bcbb-8d0fc277a628",
    "data": [
      {
        "text": "the iMac and router are in separate rooms",
        "userDefined": false
      }
    ],
    "isTemplate": false,
    "count": 0,
    "updated": 0
  },
  {
    "id": "1a642253-2c12-445d-97c1-813dbd358be5",
    "data": [
      {
        "text": "thanks but no",
        "userDefined": false
      }
    ],
    "isTemplate": false,
    "count": 0,
    "updated": 0
  },
  {
    "id": "35d939d5-5f3d-4f3d-b2a5-a668063f0b8c",
    "data": [
      {
        "text": "no way",
        "userDefined": false
      }
    ],
    "isTemplate": false,
    "count": 0,
    "updated": 0
  },
  {
    "id": "3588ca7e-8044-4436-b13a-ad25aeb5e919",
    "data": [
      {
        "text": "no",
        "userDefined": false
      }
    ],
    "isTemplate": false,
    "count": 2,
    "updated": 0
  },
  {
    "id": "1d570bc4-95d0-47c4-8912-9cbe1ea306ea",
    "data": [
      {
        "text": "no no don\u0027t",
        "userDefined": false
      }
    ],
    "isTemplate": false,
    "count": 0,
    "updated": 0
  },
  {
    "id": "62e214f7-16ce-497f-a6fb-7b46301a294c",
    "data": [
      {
        "text": "na",
        "userDefined": false
      }
    ],
    "isTemplate": false,
    "count": 0,
    "updated": 0
  },
  {
    "id": "61ab6e43-5173-4ab9-ab73-d8c56fe8607f",
    "data": [
      {
        "text": "no it isn\u0027t",
        "userDefined": false
      }
    ],
    "isTemplate": false,
    "count": 1,
    "updated": 0
  },
  {
    "id": "e9e727ad-a03e-49bd-bec4-e79b7c961d63",
    "data": [
      {
        "text": "don\u0027t",
        "userDefined": false
      }
    ],
    "isTemplate": false,
    "count": 0,
    "updated": 0
  },
  {
    "id": "51e79cdc-563d-4338-83c5-fcba3e7aac20",
    "data": [
      {
        "text": "nah I\u0027m good",
        "userDefined": false
      }
    ],
    "isTemplate": false,
    "count": 1,
    "updated": 0
  },
  {
    "id": "6225edbe-4946-4eb0-b672-b3996c452239",
    "data": [
      {
        "text": "no I cannot",
        "userDefined": false
      }
    ],
    "isTemplate": false,
    "count": 1,
    "updated": 0
  },
  {
    "id": "3ecfeaa8-6a83-421b-b999-5d40f9149fcd",
    "data": [
      {
        "text": "I can\u0027t",
        "userDefined": false
      }
    ],
    "isTemplate": false,
    "count": 0,
    "updated": 0
  },
  {
    "id": "238cc091-3095-4745-9db8-27344964f395",
    "data": [
      {
        "text": "nothing",
        "userDefined": false
      }
    ],
    "isTemplate": false,
    "count": 0,
    "updated": 0
  },
  {
    "id": "ad0392e6-ddaa-4c43-badd-4895ae98f3fe",
    "data": [
      {
        "text": "no that\u0027s okay",
        "userDefined": false
      }
    ],
    "isTemplate": false,
    "count": 0,
    "updated": 0
  },
  {
    "id": "0faf3bf9-8b1f-4d7c-a1a2-2902052c0a53",
    "data": [
      {
        "text": "no not really",
        "userDefined": false
      }
    ],
    "isTemplate": false,
    "count": 0,
    "updated": 0
  },
  {
    "id": "9b0ffbe2-9db9-4639-b241-362aa1b5499c",
    "data": [
      {
        "text": "nope not really",
        "userDefined": false
      }
    ],
    "isTemplate": false,
    "count": 0,
    "updated": 0
  },
  {
    "id": "25c85e9f-4d49-4a91-a631-588097cacd21",
    "data": [
      {
        "text": "nope",
        "userDefined": false
      }
    ],
    "isTemplate": false,
    "count": 1,
    "updated": 0
  },
  {
    "id": "8e69f6a6-1cce-4926-a0eb-27e38c6a9298",
    "data": [
      {
        "text": "thanks but not this time",
        "userDefined": false
      }
    ],
    "isTemplate": false,
    "count": 1,
    "updated": 0
  },
  {
    "id": "a00ab729-787a-4817-a81e-476440af8e17",
    "data": [
      {
        "text": "I don\u0027t think so",
        "userDefined": false
      }
    ],
    "isTemplate": false,
    "count": 1,
    "updated": 0
  },
  {
    "id": "7e196f0e-15b2-478a-8efc-a21d82500f42",
    "data": [
      {
        "text": "I disagree",
        "userDefined": false
      }
    ],
    "isTemplate": false,
    "count": 2,
    "updated": 0
  },
  {
    "id": "98fdd8c0-fbd4-4308-893c-b6f91d670c38",
    "data": [
      {
        "text": "no maybe next time",
        "userDefined": false
      }
    ],
    "isTemplate": false,
    "count": 0,
    "updated": 0
  },
  {
    "id": "3246947e-a952-4d4b-b98e-0e4f5e179579",
    "data": [
      {
        "text": "not this time",
        "userDefined": false
      }
    ],
    "isTemplate": false,
    "count": 0,
    "updated": 0
  },
  {
    "id": "4f0f01fa-f48f-4bc3-89f3-cdb4b34686ac",
    "data": [
      {
        "text": "no don\u0027t",
        "userDefined": false
      }
    ],
    "isTemplate": false,
    "count": 0,
    "updated": 0
  },
  {
    "id": "8c4e270c-ce2c-4dbf-a221-715e6a3283f3",
    "data": [
      {
        "text": "no we are good",
        "userDefined": false
      }
    ],
    "isTemplate": false,
    "count": 0,
    "updated": 0
  },
  {
    "id": "565eb411-2527-4506-aa11-187e45775ee9",
    "data": [
      {
        "text": "don\u0027t do it",
        "userDefined": false
      }
    ],
    "isTemplate": false,
    "count": 3,
    "updated": 0
  },
  {
    "id": "72724648-fc40-45d4-bf71-a99455f877a6",
    "data": [
      {
        "text": "no that\u0027s be all",
        "userDefined": false
      }
    ],
    "isTemplate": false,
    "count": 0,
    "updated": 0
  },
  {
    "id": "e3605878-35a3-4159-b0a0-9c4d79e11ddb",
    "data": [
      {
        "text": "not right now",
        "userDefined": false
      }
    ],
    "isTemplate": false,
    "count": 0,
    "updated": 0
  },
  {
    "id": "7d0b5dd7-33ac-4089-8d0d-09a8749cfa81",
    "data": [
      {
        "text": "nothing else thanks",
        "userDefined": false
      }
    ],
    "isTemplate": false,
    "count": 0,
    "updated": 0
  },
  {
    "id": "e6c557bf-94fd-4b2d-a649-fee44096632b",
    "data": [
      {
        "text": "no thanks",
        "userDefined": false
      }
    ],
    "isTemplate": false,
    "count": 0,
    "updated": 0
  },
  {
    "id": "3e354159-ffa0-4eab-8bee-97cf2adfb63e",
    "data": [
      {
        "text": "no that\u0027s ok",
        "userDefined": false
      }
    ],
    "isTemplate": false,
    "count": 1,
    "updated": 0
  },
  {
    "id": "97724715-a372-4047-b33f-01b7d4ca5d3b",
    "data": [
      {
        "text": "I don\u0027t want that",
        "userDefined": false
      }
    ],
    "isTemplate": false,
    "count": 0,
    "updated": 0
  },
  {
    "id": "0315dc29-eb12-4dfb-8181-a4b86af5703d",
    "data": [
      {
        "text": "definitely not",
        "userDefined": false
      }
    ],
    "isTemplate": false,
    "count": 3,
    "updated": 0
  },
  {
    "id": "f2a28fe4-de94-45c4-a4dd-727bc8ab8dc5",
    "data": [
      {
        "text": "nothing else",
        "userDefined": false
      }
    ],
    "isTemplate": false,
    "count": 1,
    "updated": 0
  },
  {
    "id": "8dda853a-3374-49d1-839a-aba105a2bed0",
    "data": [
      {
        "text": "not",
        "userDefined": false
      }
    ],
    "isTemplate": false,
    "count": 0,
    "updated": 0
  },
  {
    "id": "1dd10d26-b7c5-4f53-a6c4-c5e2aa43df48",
    "data": [
      {
        "text": "not at all",
        "userDefined": false
      }
    ],
    "isTemplate": false,
    "count": 0,
    "updated": 0
  },
  {
    "id": "b0c4ca88-1f0b-4654-a3a1-1fb3257d0f53",
    "data": [
      {
        "text": "no never",
        "userDefined": false
      }
    ],
    "isTemplate": false,
    "count": 0,
    "updated": 0
  },
  {
    "id": "5c7ce192-6fb3-4fe4-a1ab-629c27450b21",
    "data": [
      {
        "text": "never",
        "userDefined": false
      }
    ],
    "isTemplate": false,
    "count": 0,
    "updated": 0
  },
  {
    "id": "eb6df8ef-b4db-4186-9b35-6af03b44161a",
    "data": [
      {
        "text": "no way no",
        "userDefined": false
      }
    ],
    "isTemplate": false,
    "count": 0,
    "updated": 0
  },
  {
    "id": "d81563c9-aa73-4270-ae6c-0fb23e0bb4b4",
    "data": [
      {
        "text": "not really",
        "userDefined": false
      }
    ],
    "isTemplate": false,
    "count": 0,
    "updated": 0
  },
  {
    "id": "9a2b905a-ba47-4977-96f5-930bad6c60b4",
    "data": [
      {
        "text": "nah",
        "userDefined": false
      }
    ],
    "isTemplate": false,
    "count": 2,
    "updated": 0
  },
  {
    "id": "f35d5e8f-5fee-4b8b-a304-f52cb90e2715",
    "data": [
      {
        "text": "I don\u0027t",
        "userDefined": false
      }
    ],
    "isTemplate": false,
    "count": 0,
    "updated": 0
  },
  {
    "id": "b8dc287b-2d22-423c-930a-ff08d0a9760c",
    "data": [
      {
        "text": "I don\u0027t want",
        "userDefined": false
      }
    ],
    "isTemplate": false,
    "count": 0,
    "updated": 0
  },
  {
    "id": "c64bfed2-b05c-4cff-8e18-f0164426918d",
    "data": [
      {
        "text": "not ",
        "userDefined": false
      },
      {
        "text": "today",
        "meta": "@sys.ignore",
        "userDefined": false
      }
    ],
    "isTemplate": false,
    "count": 0,
    "updated": 0
  },
  {
    "id": "903f880c-58e4-4456-ab19-4f2e1fca7b25",
    "data": [
      {
        "text": "not interested",
        "userDefined": false
      }
    ],
    "isTemplate": false,
    "count": 0,
    "updated": 0
  },
  {
    "id": "2888e8ea-771b-4f40-88c0-eecf4d058645",
    "data": [
      {
        "text": "no that\u0027s fine thank you",
        "userDefined": false
      }
    ],
    "isTemplate": false,
    "count": 0,
    "updated": 0
  },
  {
    "id": "a0dda97f-c129-45b6-8e90-07ed12a8cc36",
    "data": [
      {
        "text": "I\u0027m not",
        "userDefined": false
      }
    ],
    "isTemplate": false,
    "count": 3,
    "updated": 0
  }
]