[
  {
    "id": "48a802b0-9c86-49fa-89e8-8ce30867208a",
    "data": [
      {
        "text": "none",
        "userDefined": false
      }
    ],
    "isTemplate": false,
    "count": 0,
    "updated": 0
  },
  {
    "id": "7107f433-203e-4102-948a-c94d8905bcc5",
    "data": [
      {
        "text": "wireless network not connecting",
        "userDefined": false
      }
    ],
    "isTemplate": false,
    "count": 1,
    "updated": 0
  },
  {
    "id": "3f99971d-dd12-4e9f-8dda-6999d926ec8d",
    "data": [
      {
        "text": "wifi not connecting",
        "userDefined": false
      }
    ],
    "isTemplate": false,
    "count": 0,
    "updated": 0
  },
  {
    "id": "601d0b46-6ae8-4367-927c-dbceb9646e7a",
    "data": [
      {
        "text": "wifi but no internet access",
        "userDefined": false
      }
    ],
    "isTemplate": false,
    "count": 0,
    "updated": 0
  },
  {
    "id": "80aabb86-9128-4f3d-956e-aca20b94fd5b",
    "data": [
      {
        "text": "wifi no internet access",
        "userDefined": false
      }
    ],
    "isTemplate": false,
    "count": 0,
    "updated": 0
  },
  {
    "id": "58250198-0206-48ce-a62b-ea732f1ca8ad",
    "data": [
      {
        "text": "wireless connection but no internet",
        "userDefined": false
      }
    ],
    "isTemplate": false,
    "count": 0,
    "updated": 0
  },
  {
    "id": "1f0b88c4-325b-4e22-b930-25ee572b79a2",
    "data": [
      {
        "text": "wireless connection with no internet",
        "userDefined": false
      }
    ],
    "isTemplate": false,
    "count": 0,
    "updated": 0
  },
  {
    "id": "0455882e-5291-4f77-8c40-cca301ee6897",
    "data": [
      {
        "text": "wifi connected no internet",
        "userDefined": false
      }
    ],
    "isTemplate": false,
    "count": 0,
    "updated": 0
  },
  {
    "id": "335e22d5-37b0-450c-b2c3-4003451d02c8",
    "data": [
      {
        "text": "internet is gone",
        "userDefined": false
      }
    ],
    "isTemplate": false,
    "count": 0,
    "updated": 0
  },
  {
    "id": "a9083c70-7466-4f7e-bb61-a41e0c0e24bc",
    "data": [
      {
        "text": "internet connection is gone",
        "userDefined": false
      }
    ],
    "isTemplate": false,
    "count": 0,
    "updated": 0
  },
  {
    "id": "9f5680f0-f7b9-409c-9453-d13429a7ec6f",
    "data": [
      {
        "text": "wireless connection is gone",
        "userDefined": false
      }
    ],
    "isTemplate": false,
    "count": 0,
    "updated": 0
  },
  {
    "id": "1376ac30-7c56-407f-9066-08e260878335",
    "data": [
      {
        "text": "wifi is gone",
        "userDefined": false
      }
    ],
    "isTemplate": false,
    "count": 0,
    "updated": 0
  },
  {
    "id": "8de1958b-c49b-4064-9d2b-99282b89975c",
    "data": [
      {
        "text": "i have no wireless internet connection",
        "userDefined": false
      }
    ],
    "isTemplate": false,
    "count": 0,
    "updated": 0
  },
  {
    "id": "2a1c8192-aba4-4ac1-b543-f52b3a02f9b4",
    "data": [
      {
        "text": "i have no wireless connection",
        "userDefined": false
      }
    ],
    "isTemplate": false,
    "count": 0,
    "updated": 0
  },
  {
    "id": "27bd0ad4-c331-46d7-b8d9-2deab285248f",
    "data": [
      {
        "text": "i have no wifi",
        "userDefined": false
      }
    ],
    "isTemplate": false,
    "count": 0,
    "updated": 0
  },
  {
    "id": "d553c441-02aa-464f-9699-78cbf4fd2b5e",
    "data": [
      {
        "text": "i have no internet",
        "userDefined": false
      }
    ],
    "isTemplate": false,
    "count": 0,
    "updated": 0
  },
  {
    "id": "446a66a9-c7a5-467d-bc1a-61c87144b87e",
    "data": [
      {
        "text": "no internet connection detected",
        "userDefined": false
      }
    ],
    "isTemplate": false,
    "count": 0,
    "updated": 0
  },
  {
    "id": "4aff1130-b506-41ec-9f42-664dc08fe762",
    "data": [
      {
        "text": "no internet access wifi",
        "userDefined": false
      }
    ],
    "isTemplate": false,
    "count": 0,
    "updated": 0
  },
  {
    "id": "f3390e4f-a8ca-4ea0-b829-3bdec757a7b9",
    "data": [
      {
        "text": "no internet access",
        "userDefined": false
      }
    ],
    "isTemplate": false,
    "count": 0,
    "updated": 0
  },
  {
    "id": "1516135c-ccf5-48df-80cf-f78a8737e5f4",
    "data": [
      {
        "text": "no internet connection",
        "userDefined": false
      }
    ],
    "isTemplate": false,
    "count": 0,
    "updated": 0
  },
  {
    "id": "9060db7a-dda9-44ac-bc27-07b77881cf21",
    "data": [
      {
        "text": "no wireless internet connection",
        "userDefined": false
      }
    ],
    "isTemplate": false,
    "count": 0,
    "updated": 0
  },
  {
    "id": "246528ba-6470-4890-97ba-d797bb32543f",
    "data": [
      {
        "text": "no wireless connection",
        "userDefined": false
      }
    ],
    "isTemplate": false,
    "count": 0,
    "updated": 0
  },
  {
    "id": "033965ae-0dc5-4a1d-bca9-82f8dec13721",
    "data": [
      {
        "text": "no wireless access",
        "userDefined": false
      }
    ],
    "isTemplate": false,
    "count": 0,
    "updated": 0
  },
  {
    "id": "4a859dbe-4a59-45b3-b9e9-0336ef8d115b",
    "data": [
      {
        "text": "no wireless",
        "userDefined": false
      }
    ],
    "isTemplate": false,
    "count": 1,
    "updated": 0
  },
  {
    "id": "f0944b6f-5975-4d39-b563-ff34532f778f",
    "data": [
      {
        "text": "no wireless network",
        "userDefined": false
      }
    ],
    "isTemplate": false,
    "count": 0,
    "updated": 0
  },
  {
    "id": "8d24e36b-9513-4ffa-a3c9-46f0890a4f13",
    "data": [
      {
        "text": "no wifi",
        "userDefined": false
      }
    ],
    "isTemplate": false,
    "count": 0,
    "updated": 0
  },
  {
    "id": "36f6fc7c-a402-437e-aeb8-8008af6eaab5",
    "data": [
      {
        "text": "no wifi signal",
        "userDefined": false
      }
    ],
    "isTemplate": false,
    "count": 0,
    "updated": 0
  },
  {
    "id": "43c1ad4c-24c3-416f-8f63-df1f83217dbf",
    "data": [
      {
        "text": "no wifi access",
        "userDefined": false
      }
    ],
    "isTemplate": false,
    "count": 0,
    "updated": 0
  },
  {
    "id": "c169c30c-c176-44b1-914a-510952f1a244",
    "data": [
      {
        "text": "Cannot get a signal",
        "userDefined": false
      }
    ],
    "isTemplate": false,
    "count": 0,
    "updated": 0
  },
  {
    "id": "f9845987-5349-4bdd-90d5-d17360144f04",
    "data": [
      {
        "text": "There is not any wireless access",
        "userDefined": false
      }
    ],
    "isTemplate": false,
    "count": 0,
    "updated": 0
  },
  {
    "id": "586e44b4-c251-49f4-ac81-d5659105d03a",
    "data": [
      {
        "text": "never can get wireless access",
        "userDefined": false
      }
    ],
    "isTemplate": false,
    "count": 0,
    "updated": 0
  },
  {
    "id": "c370c1ca-6853-4624-be56-4dcec0d9d1e0",
    "data": [
      {
        "text": "by no means can I get online access",
        "userDefined": false
      }
    ],
    "isTemplate": false,
    "count": 0,
    "updated": 0
  },
  {
    "id": "5d657330-32b0-41cb-9293-9a8f59a50bc6",
    "data": [
      {
        "text": "nix on surfing the net",
        "userDefined": false
      }
    ],
    "isTemplate": false,
    "count": 0,
    "updated": 0
  },
  {
    "id": "435f3e7d-03c1-47e0-bd70-02d09994e801",
    "data": [
      {
        "text": "no Wi-Fi",
        "userDefined": false
      }
    ],
    "isTemplate": false,
    "count": 0,
    "updated": 0
  },
  {
    "id": "8651559c-2cac-4591-9e52-a8e2d682f258",
    "data": [
      {
        "text": "not by any means is there a world network",
        "userDefined": false
      }
    ],
    "isTemplate": false,
    "count": 0,
    "updated": 0
  },
  {
    "id": "e5968657-3308-4fe6-a993-5226745dab40",
    "data": [
      {
        "text": "no world-wide web",
        "userDefined": false
      }
    ],
    "isTemplate": false,
    "count": 0,
    "updated": 0
  },
  {
    "id": "07666ecc-29fb-41eb-888e-16fd42bf8254",
    "data": [
      {
        "text": "no online connection",
        "userDefined": false
      }
    ],
    "isTemplate": false,
    "count": 0,
    "updated": 0
  },
  {
    "id": "0b88992e-b739-46d4-8ced-59c91b18fa8c",
    "data": [
      {
        "text": "no network",
        "userDefined": false
      }
    ],
    "isTemplate": false,
    "count": 0,
    "updated": 0
  },
  {
    "id": "73efa289-dde6-4202-8d3a-440613b84fa4",
    "data": [
      {
        "text": "no network connection",
        "userDefined": false
      }
    ],
    "isTemplate": false,
    "count": 0,
    "updated": 0
  },
  {
    "id": "551ca075-adec-4e9b-9819-733a1a714cab",
    "data": [
      {
        "text": "never is a internet connection",
        "userDefined": false
      }
    ],
    "isTemplate": false,
    "count": 0,
    "updated": 0
  },
  {
    "id": "5d966a72-6a43-4dec-bd6f-6074f05ccdb5",
    "data": [
      {
        "text": "There is not an internet connection",
        "userDefined": false
      }
    ],
    "isTemplate": false,
    "count": 0,
    "updated": 0
  },
  {
    "id": "18f2c5c5-28a3-4628-b19e-b966ceb2200b",
    "data": [
      {
        "text": "no connection",
        "userDefined": false
      }
    ],
    "isTemplate": false,
    "count": 1,
    "updated": 0
  },
  {
    "id": "38671fe7-58e1-4973-b0db-0e92c7bb83f1",
    "data": [
      {
        "text": "no internet",
        "userDefined": false
      }
    ],
    "isTemplate": false,
    "count": 0,
    "updated": 0
  }
]