[
  {
    "id": "219f9fad-8c86-4d11-be49-0acd8a870538",
    "data": [
      {
        "text": "speed is diminishing on my wireless network",
        "userDefined": false
      }
    ],
    "isTemplate": false,
    "count": 0,
    "updated": 0
  },
  {
    "id": "f2bec361-f9b7-4003-a912-0bb8da455263",
    "data": [
      {
        "text": "decrease in speed of my Wi-Fi",
        "userDefined": false
      }
    ],
    "isTemplate": false,
    "count": 0,
    "updated": 0
  },
  {
    "id": "fdd01d9c-39f9-4b69-8e97-67d22bd0213e",
    "data": [
      {
        "text": "the internet access speed has reduced",
        "userDefined": false
      }
    ],
    "isTemplate": false,
    "count": 0,
    "updated": 0
  },
  {
    "id": "7402ad91-3bec-439e-a1fc-6919c5ceff3d",
    "data": [
      {
        "text": "low speed online connection",
        "userDefined": false
      }
    ],
    "isTemplate": false,
    "count": 0,
    "updated": 0
  },
  {
    "id": "6f7cad92-7075-479e-8a93-fda4825836e7",
    "data": [
      {
        "text": "the net speed is creeping",
        "userDefined": false
      }
    ],
    "isTemplate": false,
    "count": 0,
    "updated": 0
  },
  {
    "id": "aaf64eb7-20f3-42f5-92ab-8cb66bc546d6",
    "data": [
      {
        "text": "my network is delaying",
        "userDefined": false
      }
    ],
    "isTemplate": false,
    "count": 0,
    "updated": 0
  },
  {
    "id": "f4cf1e9a-6403-494c-ae39-633982486f0b",
    "data": [
      {
        "text": "The speed of my internet is crawling",
        "userDefined": false
      }
    ],
    "isTemplate": false,
    "count": 0,
    "updated": 0
  },
  {
    "id": "7dd89834-e209-4753-9634-d836f84150fd",
    "data": [
      {
        "text": "dropping internet connection",
        "userDefined": false
      }
    ],
    "isTemplate": false,
    "count": 0,
    "updated": 0
  },
  {
    "id": "b8d54604-1131-4d90-840a-1c003a3b4890",
    "data": [
      {
        "text": "decreased internet speed",
        "userDefined": false
      }
    ],
    "isTemplate": false,
    "count": 0,
    "updated": 0
  },
  {
    "id": "13f29033-fc23-484f-9082-df304dcf78e3",
    "data": [
      {
        "text": "laggy internet",
        "userDefined": false
      }
    ],
    "isTemplate": false,
    "count": 0,
    "updated": 0
  },
  {
    "id": "305a0aed-febd-4c48-a816-631ce11a6a1b",
    "data": [
      {
        "text": "slow connection",
        "userDefined": false
      }
    ],
    "isTemplate": false,
    "count": 0,
    "updated": 0
  },
  {
    "id": "b598fb5b-fc27-463a-9e02-673055e3b979",
    "data": [
      {
        "text": "slow internet",
        "userDefined": false
      }
    ],
    "isTemplate": false,
    "count": 0,
    "updated": 0
  },
  {
    "id": "72bbfc43-d03d-4e5e-bd04-5d873562c25d",
    "data": [
      {
        "text": "slow internet connection",
        "userDefined": false
      }
    ],
    "isTemplate": false,
    "count": 0,
    "updated": 0
  },
  {
    "id": "512fd1a9-f57b-4370-b971-3def33d4c616",
    "data": [
      {
        "text": "lagging internet connection",
        "userDefined": false
      }
    ],
    "isTemplate": false,
    "count": 0,
    "updated": 0
  },
  {
    "id": "6f18dbd4-5f46-4e7c-b4e6-7718eb32b4ac",
    "data": [
      {
        "text": "sluggish Wi-Fi",
        "userDefined": false
      }
    ],
    "isTemplate": false,
    "count": 0,
    "updated": 0
  },
  {
    "id": "a1c35d0f-296d-436e-b511-64f4ebb7b3f1",
    "data": [
      {
        "text": "slow wireless",
        "userDefined": false
      }
    ],
    "isTemplate": false,
    "count": 0,
    "updated": 0
  },
  {
    "id": "ff52d569-0911-4904-9ddc-e922223b617f",
    "data": [
      {
        "text": "slow wireless access",
        "userDefined": false
      }
    ],
    "isTemplate": false,
    "count": 0,
    "updated": 0
  }
]