[
  {
    "id": "a2fc1a67-886d-4958-9f54-b09c30563e8d",
    "data": [
      {
        "text": "desktop is nearby the router",
        "userDefined": false
      }
    ],
    "isTemplate": false,
    "count": 0,
    "updated": 0
  },
  {
    "id": "2a63dca6-6af1-48d8-8f26-506704d2cbb2",
    "data": [
      {
        "text": "laptop is close to router",
        "userDefined": false
      }
    ],
    "isTemplate": false,
    "count": 0,
    "updated": 0
  },
  {
    "id": "6f8f4d7d-7699-45d9-aff3-854b1c7a5e68",
    "data": [
      {
        "text": "PC is near the router",
        "userDefined": false
      }
    ],
    "isTemplate": false,
    "count": 0,
    "updated": 0
  },
  {
    "id": "00cf2f5e-10e2-44bc-aacf-77c23bd7873d",
    "data": [
      {
        "text": "yes the desktop computer is on the other side of the room",
        "userDefined": false
      }
    ],
    "isTemplate": false,
    "count": 0,
    "updated": 0
  },
  {
    "id": "ad7a9781-e519-461d-af3a-a0469f5b6f90",
    "data": [
      {
        "text": "yeah the PC is over the router",
        "userDefined": false
      }
    ],
    "isTemplate": false,
    "count": 0,
    "updated": 0
  },
  {
    "id": "77e6fe27-6a33-4448-939d-a4042034c770",
    "data": [
      {
        "text": "absolutely the windows computer is within reach of router",
        "userDefined": false
      }
    ],
    "isTemplate": false,
    "count": 0,
    "updated": 0
  },
  {
    "id": "692190f6-a91b-4973-97b7-0b65400e19a0",
    "data": [
      {
        "text": "totally, the dell is close by the router",
        "userDefined": false
      }
    ],
    "isTemplate": false,
    "count": 0,
    "updated": 0
  },
  {
    "id": "6a01cce4-20ff-4374-9fbd-baf025f6a4fe",
    "data": [
      {
        "text": "of course router and macbook pro are inches from each other",
        "userDefined": false
      }
    ],
    "isTemplate": false,
    "count": 0,
    "updated": 0
  },
  {
    "id": "ae81e1c7-3556-4f2d-93f1-31062ecf227f",
    "data": [
      {
        "text": "yep the mac mini just a foot from the router",
        "userDefined": false
      }
    ],
    "isTemplate": false,
    "count": 0,
    "updated": 0
  },
  {
    "id": "e9361360-cdfa-4a3b-9d74-ca9aa4854143",
    "data": [
      {
        "text": "yes the router and phone are not far from each other",
        "userDefined": false
      }
    ],
    "isTemplate": false,
    "count": 0,
    "updated": 0
  },
  {
    "id": "484c7434-8f94-465b-947e-65c3f21de083",
    "data": [
      {
        "text": "the router and notebook are in one room",
        "userDefined": false
      }
    ],
    "isTemplate": false,
    "count": 0,
    "updated": 0
  },
  {
    "id": "3489234b-284b-4583-ba54-5ec803abfc98",
    "data": [
      {
        "text": "yea both laptop and router are near ",
        "userDefined": false
      },
      {
        "text": "one",
        "meta": "@sys.ignore",
        "userDefined": false
      },
      {
        "text": " another",
        "userDefined": false
      }
    ],
    "isTemplate": false,
    "count": 0,
    "updated": 0
  },
  {
    "id": "88b036c6-9cc0-46a2-b734-7de267aad5fd",
    "data": [
      {
        "text": "yes the computer and router are close to each other",
        "userDefined": false
      }
    ],
    "isTemplate": false,
    "count": 0,
    "updated": 0
  },
  {
    "id": "381fae22-1e34-4d52-ade3-0e8c9abb7ff2",
    "data": [
      {
        "text": "yes both devices are in the same room",
        "userDefined": false
      }
    ],
    "isTemplate": false,
    "count": 0,
    "updated": 0
  },
  {
    "id": "fbe6e476-2e6a-4fc6-a7b4-6db861e8acbb",
    "data": [
      {
        "text": "yes",
        "userDefined": false
      }
    ],
    "isTemplate": false,
    "count": 1,
    "updated": 0
  },
  {
    "id": "f9a9f12f-1262-4b33-b2de-40e8dc051805",
    "data": [
      {
        "text": "okay I will",
        "userDefined": false
      }
    ],
    "isTemplate": false,
    "count": 2,
    "updated": 0
  },
  {
    "id": "26fd2727-aad5-4593-b993-dffea494b836",
    "data": [
      {
        "text": "why not",
        "userDefined": false
      }
    ],
    "isTemplate": false,
    "count": 0,
    "updated": 0
  },
  {
    "id": "697c7ef1-4bdf-4473-ae7f-ae1191a1933f",
    "data": [
      {
        "text": "yes that\u0027s alright",
        "userDefined": false
      }
    ],
    "isTemplate": false,
    "count": 0,
    "updated": 0
  },
  {
    "id": "225807a3-ee39-4390-bbcc-0284ba1e559c",
    "data": [
      {
        "text": "yes I do",
        "userDefined": false
      }
    ],
    "isTemplate": false,
    "count": 0,
    "updated": 0
  },
  {
    "id": "3d3ac105-8742-4ee7-b6bf-362023c05e67",
    "data": [
      {
        "text": "exactly",
        "userDefined": false
      }
    ],
    "isTemplate": false,
    "count": 1,
    "updated": 0
  },
  {
    "id": "70bce697-c94d-429d-89f7-dcb165068295",
    "data": [
      {
        "text": "of course",
        "userDefined": false
      }
    ],
    "isTemplate": false,
    "count": 0,
    "updated": 0
  },
  {
    "id": "3c97a5ab-53b6-4f4c-a004-0384cfa437d7",
    "data": [
      {
        "text": "yep that\u0027s ok",
        "userDefined": false
      }
    ],
    "isTemplate": false,
    "count": 0,
    "updated": 0
  },
  {
    "id": "777d5e41-d23b-4c85-a25c-9eb5880c85ec",
    "data": [
      {
        "text": "okay",
        "userDefined": false
      }
    ],
    "isTemplate": false,
    "count": 1,
    "updated": 0
  },
  {
    "id": "3fd823a8-5022-44e9-8398-e77749d23300",
    "data": [
      {
        "text": "ok",
        "userDefined": false
      }
    ],
    "isTemplate": false,
    "count": 1,
    "updated": 0
  },
  {
    "id": "00bd47f5-5c0f-4359-bcba-7439adedc18a",
    "data": [
      {
        "text": "for sure",
        "userDefined": false
      }
    ],
    "isTemplate": false,
    "count": 0,
    "updated": 0
  },
  {
    "id": "feec42d0-eb2f-46bf-9c1a-b6443f6726b0",
    "data": [
      {
        "text": "sg",
        "userDefined": false
      }
    ],
    "isTemplate": false,
    "count": 0,
    "updated": 0
  },
  {
    "id": "aa6e70dc-41a2-4823-b264-a4560f97efbf",
    "data": [
      {
        "text": "yes that\u0027t ok",
        "userDefined": false
      }
    ],
    "isTemplate": false,
    "count": 0,
    "updated": 0
  },
  {
    "id": "b9d584a4-1f8e-43cf-80b9-c7b23d7a550d",
    "data": [
      {
        "text": "I agree",
        "userDefined": false
      }
    ],
    "isTemplate": false,
    "count": 2,
    "updated": 0
  },
  {
    "id": "bdfe0141-28f7-4829-9f33-de7267c0f22f",
    "data": [
      {
        "text": "yes you can do it",
        "userDefined": false
      }
    ],
    "isTemplate": false,
    "count": 0,
    "updated": 0
  },
  {
    "id": "c6f1fcb5-94bf-45ef-b7b3-ac121caab30e",
    "data": [
      {
        "text": "I don\u0027t mind",
        "userDefined": false
      }
    ],
    "isTemplate": false,
    "count": 3,
    "updated": 0
  },
  {
    "id": "7aef571f-a27e-4e09-b561-acc4c932c113",
    "data": [
      {
        "text": "that one works",
        "userDefined": false
      }
    ],
    "isTemplate": false,
    "count": 0,
    "updated": 0
  },
  {
    "id": "71261141-cff5-4e98-9c92-8a882fe2c37e",
    "data": [
      {
        "text": "that works",
        "userDefined": false
      }
    ],
    "isTemplate": false,
    "count": 0,
    "updated": 0
  },
  {
    "id": "f24bcf77-0ab4-4f87-bee6-c79a189ed738",
    "data": [
      {
        "text": "sure why not",
        "userDefined": false
      }
    ],
    "isTemplate": false,
    "count": 0,
    "updated": 0
  },
  {
    "id": "d57f2082-58a1-4b2c-9d6f-cf5febccad47",
    "data": [
      {
        "text": "perfect",
        "userDefined": false
      }
    ],
    "isTemplate": false,
    "count": 0,
    "updated": 0
  },
  {
    "id": "f552f9ce-559f-41f1-b8b3-d1ca8a7c999a",
    "data": [
      {
        "text": "yep that\u0027s right",
        "userDefined": false
      }
    ],
    "isTemplate": false,
    "count": 1,
    "updated": 0
  },
  {
    "id": "82ead7ae-d203-4808-9ad1-f0483b0e3118",
    "data": [
      {
        "text": "I think so",
        "userDefined": false
      }
    ],
    "isTemplate": false,
    "count": 0,
    "updated": 0
  },
  {
    "id": "6595411e-fa53-4ca0-a749-062754b2a959",
    "data": [
      {
        "text": "yes I agree",
        "userDefined": false
      }
    ],
    "isTemplate": false,
    "count": 1,
    "updated": 0
  },
  {
    "id": "9f468b7c-3b63-402a-8b5b-8858dc3a368f",
    "data": [
      {
        "text": "sure",
        "userDefined": false
      }
    ],
    "isTemplate": false,
    "count": 2,
    "updated": 0
  },
  {
    "id": "813e50d8-ddb4-4b93-a225-dfafe7072fa4",
    "data": [
      {
        "text": "sounds correct",
        "userDefined": false
      }
    ],
    "isTemplate": false,
    "count": 1,
    "updated": 0
  },
  {
    "id": "8cb2ac88-7833-4e8e-8ea1-b20aebecdeaa",
    "data": [
      {
        "text": "sounds good",
        "userDefined": false
      }
    ],
    "isTemplate": false,
    "count": 0,
    "updated": 0
  },
  {
    "id": "3dbf1bca-2ce2-4db1-98c2-7069b672c3b2",
    "data": [
      {
        "text": "that\u0027s correct",
        "userDefined": false
      }
    ],
    "isTemplate": false,
    "count": 0,
    "updated": 0
  },
  {
    "id": "5144291d-27dc-4c25-9ee4-ebfa3f31966a",
    "data": [
      {
        "text": "go ahead",
        "userDefined": false
      }
    ],
    "isTemplate": false,
    "count": 1,
    "updated": 0
  },
  {
    "id": "b15af5cd-4c84-4d2b-808b-2f3d6f492a52",
    "data": [
      {
        "text": "do it",
        "userDefined": false
      }
    ],
    "isTemplate": false,
    "count": 1,
    "updated": 0
  },
  {
    "id": "c59ee1cf-8c92-4e2c-8245-f0fd361cf9ea",
    "data": [
      {
        "text": "it\u0027s fine",
        "userDefined": false
      }
    ],
    "isTemplate": false,
    "count": 0,
    "updated": 0
  },
  {
    "id": "5274cea1-5b4b-4fb4-a86d-5b221e8e41cb",
    "data": [
      {
        "text": "yeah",
        "userDefined": false
      }
    ],
    "isTemplate": false,
    "count": 0,
    "updated": 0
  },
  {
    "id": "a0fb49bd-2de2-48f2-a71b-0b609788a4fd",
    "data": [
      {
        "text": "yes please",
        "userDefined": false
      }
    ],
    "isTemplate": false,
    "count": 0,
    "updated": 0
  },
  {
    "id": "f0ba7e8c-6d60-4420-aff2-8b580fce5394",
    "data": [
      {
        "text": "it\u0027s okay",
        "userDefined": false
      }
    ],
    "isTemplate": false,
    "count": 0,
    "updated": 0
  },
  {
    "id": "6a00a25e-6e29-40fc-8160-afdef81c840d",
    "data": [
      {
        "text": "alright why not",
        "userDefined": false
      }
    ],
    "isTemplate": false,
    "count": 0,
    "updated": 0
  },
  {
    "id": "06ef566c-86c4-4eaa-a8c9-80d0f5305ce1",
    "data": [
      {
        "text": "alright",
        "userDefined": false
      }
    ],
    "isTemplate": false,
    "count": 0,
    "updated": 0
  },
  {
    "id": "b28a81d1-2413-43a7-8baa-a742d47b9c92",
    "data": [
      {
        "text": "right",
        "userDefined": false
      }
    ],
    "isTemplate": false,
    "count": 0,
    "updated": 0
  },
  {
    "id": "4475cc63-535e-4f9a-810e-2215af35f1ac",
    "data": [
      {
        "text": "it looks perfect",
        "userDefined": false
      }
    ],
    "isTemplate": false,
    "count": 0,
    "updated": 0
  },
  {
    "id": "b8f7941f-9a27-472e-875f-59c94cfdcd8b",
    "data": [
      {
        "text": "yes I can",
        "userDefined": false
      }
    ],
    "isTemplate": false,
    "count": 0,
    "updated": 0
  },
  {
    "id": "5828951b-c1e2-4942-8b73-35fb93daa3b3",
    "data": [
      {
        "text": "yup",
        "userDefined": false
      }
    ],
    "isTemplate": false,
    "count": 0,
    "updated": 0
  },
  {
    "id": "febb7a07-9050-4df0-8567-2624676c7245",
    "data": [
      {
        "text": "yep",
        "userDefined": false
      }
    ],
    "isTemplate": false,
    "count": 0,
    "updated": 0
  },
  {
    "id": "a76e8c83-5f89-4040-b8e1-5149b9ca8865",
    "data": [
      {
        "text": "confirm",
        "userDefined": false
      }
    ],
    "isTemplate": false,
    "count": 1,
    "updated": 0
  },
  {
    "id": "716a970d-6f30-4c4d-9caf-68963ce55147",
    "data": [
      {
        "text": "absolutely",
        "userDefined": false
      }
    ],
    "isTemplate": false,
    "count": 1,
    "updated": 0
  }
]