[
  {
    "id": "8b969b80-a04c-4f82-bc7b-84bd13b4463a",
    "data": [
      {
        "text": "the wireless speed is slow on my computer",
        "userDefined": false
      }
    ],
    "isTemplate": false,
    "count": 0,
    "updated": 0
  },
  {
    "id": "81a1f1e1-7ef0-4bb0-9ca7-d114c6227662",
    "data": [
      {
        "text": "the wireless speed is slow on the computer",
        "userDefined": false
      }
    ],
    "isTemplate": false,
    "count": 0,
    "updated": 0
  },
  {
    "id": "2f1d35cc-90ad-4b8a-85f7-38d43073ce56",
    "data": [
      {
        "text": "slow wireless speed on computer",
        "userDefined": false
      }
    ],
    "isTemplate": false,
    "count": 0,
    "updated": 0
  },
  {
    "id": "77bf68a8-10b1-4836-a5af-cefdc357dcb1",
    "data": [
      {
        "text": "the wireless speed is slow on pc",
        "userDefined": false
      }
    ],
    "isTemplate": false,
    "count": 0,
    "updated": 0
  },
  {
    "id": "caa6ce72-2f62-431b-8e00-83673854cac2",
    "data": [
      {
        "text": "the wireless speed is slow on laptop",
        "userDefined": false
      }
    ],
    "isTemplate": false,
    "count": 0,
    "updated": 0
  },
  {
    "id": "b6e6e876-0daf-491e-90c8-f452318ceddb",
    "data": [
      {
        "text": "the wireless speed is slow",
        "userDefined": false
      }
    ],
    "isTemplate": false,
    "count": 0,
    "updated": 0
  },
  {
    "id": "5a9fb919-e5f9-4388-a5ca-50400ca61810",
    "data": [
      {
        "text": "slow wireless speed on pc",
        "userDefined": false
      }
    ],
    "isTemplate": false,
    "count": 0,
    "updated": 0
  },
  {
    "id": "4e1c8913-f904-4777-8796-324c8bead4d8",
    "data": [
      {
        "text": "slow wireless speed on laptop",
        "userDefined": false
      }
    ],
    "isTemplate": false,
    "count": 0,
    "updated": 0
  },
  {
    "id": "f074117f-f976-49dc-91df-73bc2cb508fe",
    "data": [
      {
        "text": "slow wireless download speed",
        "userDefined": false
      }
    ],
    "isTemplate": false,
    "count": 0,
    "updated": 0
  },
  {
    "id": "a71820f1-bea4-4ddc-8d94-ecd92cd1d4bc",
    "data": [
      {
        "text": "slow wireless connection",
        "userDefined": false
      }
    ],
    "isTemplate": false,
    "count": 0,
    "updated": 0
  },
  {
    "id": "dc0b1747-e312-42a9-87ae-4f2581b087ef",
    "data": [
      {
        "text": "slow wireless speed",
        "userDefined": false
      }
    ],
    "isTemplate": false,
    "count": 0,
    "updated": 0
  },
  {
    "id": "643f7965-0479-4843-aa92-511561e144de",
    "data": [
      {
        "text": "slow wifi connection",
        "userDefined": false
      }
    ],
    "isTemplate": false,
    "count": 0,
    "updated": 0
  },
  {
    "id": "2216a775-cdec-43a0-a8f8-72bea9a8095c",
    "data": [
      {
        "text": "slow wireless access fix",
        "userDefined": false
      }
    ],
    "isTemplate": false,
    "count": 0,
    "updated": 0
  },
  {
    "id": "5effccb0-b97b-424a-97f2-4a07d33f8328",
    "data": [
      {
        "text": "slow wireless network fix",
        "userDefined": false
      }
    ],
    "isTemplate": false,
    "count": 0,
    "updated": 0
  },
  {
    "id": "c6ce3f2b-6fe7-44a8-bc53-cc8a3ab77eaf",
    "data": [
      {
        "text": "slow wireless network solution",
        "userDefined": false
      }
    ],
    "isTemplate": false,
    "count": 0,
    "updated": 0
  },
  {
    "id": "c5a245a5-c82e-44f2-9ae5-74f1c49effed",
    "data": [
      {
        "text": "slow wireless access solution",
        "userDefined": false
      }
    ],
    "isTemplate": false,
    "count": 0,
    "updated": 0
  },
  {
    "id": "1aa1831b-b1d1-44cf-b995-7834b35b43aa",
    "data": [
      {
        "text": "slow wifi solution",
        "userDefined": false
      }
    ],
    "isTemplate": false,
    "count": 0,
    "updated": 0
  },
  {
    "id": "ce398987-65fe-4b2b-b925-8ae80e137475",
    "data": [
      {
        "text": "slow internet connection solution",
        "userDefined": false
      }
    ],
    "isTemplate": false,
    "count": 0,
    "updated": 0
  },
  {
    "id": "45caecdb-449d-4870-8603-407831d578ee",
    "data": [
      {
        "text": "slow internet connection fix",
        "userDefined": false
      }
    ],
    "isTemplate": false,
    "count": 0,
    "updated": 0
  },
  {
    "id": "a6b6417e-70d5-47fc-bb23-b35b70b52b01",
    "data": [
      {
        "text": "slow wifi fix",
        "userDefined": false
      }
    ],
    "isTemplate": false,
    "count": 0,
    "updated": 0
  },
  {
    "id": "9889f3a9-e64b-4436-8ad7-fdae89e77065",
    "data": [
      {
        "text": "slow wifi on computer",
        "userDefined": false
      }
    ],
    "isTemplate": false,
    "count": 0,
    "updated": 0
  },
  {
    "id": "ed3b503a-15b5-4318-a788-30c3a24dd20d",
    "data": [
      {
        "text": "slow wifi on pc",
        "userDefined": false
      }
    ],
    "isTemplate": false,
    "count": 0,
    "updated": 0
  },
  {
    "id": "312ffae8-7a84-4111-94c5-8004b4f838fd",
    "data": [
      {
        "text": "slow wifi on laptop",
        "userDefined": false
      }
    ],
    "isTemplate": false,
    "count": 0,
    "updated": 0
  },
  {
    "id": "6dd35ce4-def8-4ff0-8101-783451d438b5",
    "data": [
      {
        "text": "slow wifi at home",
        "userDefined": false
      }
    ],
    "isTemplate": false,
    "count": 0,
    "updated": 0
  },
  {
    "id": "ffb197c4-420f-432b-831a-be6c891d0ee6",
    "data": [
      {
        "text": "slow wifi speed",
        "userDefined": false
      }
    ],
    "isTemplate": false,
    "count": 1,
    "updated": 0
  },
  {
    "id": "a1368543-3cec-486a-9508-14a4e0ded2d2",
    "data": [
      {
        "text": "slow internet ",
        "userDefined": false
      },
      {
        "text": "today",
        "meta": "@sys.ignore",
        "userDefined": false
      }
    ],
    "isTemplate": false,
    "count": 1,
    "updated": 0
  },
  {
    "id": "6d5a164b-9feb-401e-9cc9-359af04c737e",
    "data": [
      {
        "text": "slow internet speed",
        "userDefined": false
      }
    ],
    "isTemplate": false,
    "count": 0,
    "updated": 0
  },
  {
    "id": "f114e540-3531-4ad3-91b6-1ffe4357b62c",
    "data": [
      {
        "text": "slow internet access",
        "userDefined": false
      }
    ],
    "isTemplate": false,
    "count": 0,
    "updated": 0
  },
  {
    "id": "72bbfc43-d03d-4e5e-bd04-5d873562c25d",
    "data": [
      {
        "text": "slow internet connection",
        "userDefined": false
      }
    ],
    "isTemplate": false,
    "count": 0,
    "updated": 0
  },
  {
    "id": "f8ebcf39-6d95-41ff-9ab3-d787f771138a",
    "data": [
      {
        "text": "the internet connection is slow",
        "userDefined": false
      }
    ],
    "isTemplate": false,
    "count": 0,
    "updated": 0
  },
  {
    "id": "88406928-a166-4cab-b359-486acdebb320",
    "data": [
      {
        "text": "the internet is slow",
        "userDefined": false
      }
    ],
    "isTemplate": false,
    "count": 0,
    "updated": 0
  },
  {
    "id": "e62469ff-cb9c-418e-90e1-86882a68606d",
    "data": [
      {
        "text": "my internet is slow",
        "userDefined": false
      }
    ],
    "isTemplate": false,
    "count": 1,
    "updated": 0
  },
  {
    "id": "98a72c42-de67-48b9-ab14-00b1d1d35437",
    "data": [
      {
        "text": "my wifi is slow",
        "userDefined": false
      }
    ],
    "isTemplate": false,
    "count": 0,
    "updated": 0
  },
  {
    "id": "60e3e4cc-9487-45ab-85d5-8ac5d1cd79a4",
    "data": [
      {
        "text": "my wireless network is slow",
        "userDefined": false
      }
    ],
    "isTemplate": false,
    "count": 0,
    "updated": 0
  },
  {
    "id": "ceef469a-d244-40af-89ea-41cf456fdfd9",
    "data": [
      {
        "text": "the wireless is slow",
        "userDefined": false
      }
    ],
    "isTemplate": false,
    "count": 0,
    "updated": 0
  },
  {
    "id": "65e88460-28ec-4399-9df2-0175e7ba5c1e",
    "data": [
      {
        "text": "the wireless network is slow",
        "userDefined": false
      }
    ],
    "isTemplate": false,
    "count": 0,
    "updated": 0
  },
  {
    "id": "993afae4-3764-4787-bbf4-41cabd8f3c86",
    "data": [
      {
        "text": "the wifi is slow",
        "userDefined": false
      }
    ],
    "isTemplate": false,
    "count": 0,
    "updated": 0
  },
  {
    "id": "6243586f-1b53-427a-9981-6064cb844b1e",
    "data": [
      {
        "text": "i have slow wireless internet",
        "userDefined": false
      }
    ],
    "isTemplate": false,
    "count": 0,
    "updated": 0
  },
  {
    "id": "2b43b04b-9e7d-4630-97a0-7f70fcef11b1",
    "data": [
      {
        "text": "i have slow wireless access",
        "userDefined": false
      }
    ],
    "isTemplate": false,
    "count": 0,
    "updated": 0
  },
  {
    "id": "c9477c49-9aff-43af-b716-f56cc5f95417",
    "data": [
      {
        "text": "i have slow wireless",
        "userDefined": false
      }
    ],
    "isTemplate": false,
    "count": 0,
    "updated": 0
  },
  {
    "id": "3eba4f7f-c042-47bc-8999-f2c6ae32163a",
    "data": [
      {
        "text": "i have slow internet",
        "userDefined": false
      }
    ],
    "isTemplate": false,
    "count": 0,
    "updated": 0
  },
  {
    "id": "8c3e374b-fde4-490a-b4b8-5a4b6ced1922",
    "data": [
      {
        "text": "i have slow wifi",
        "userDefined": false
      }
    ],
    "isTemplate": false,
    "count": 0,
    "updated": 0
  },
  {
    "id": "beb59191-8ef0-43f3-9b7c-be6bf226a505",
    "data": [
      {
        "text": "internet is slow ",
        "userDefined": false
      },
      {
        "text": "today",
        "meta": "@sys.ignore",
        "userDefined": false
      }
    ],
    "isTemplate": false,
    "count": 0,
    "updated": 0
  },
  {
    "id": "9a5b9401-e3a3-4b3c-bf16-6122c0b47ceb",
    "data": [
      {
        "text": "internet is slower",
        "userDefined": false
      }
    ],
    "isTemplate": false,
    "count": 0,
    "updated": 0
  },
  {
    "id": "e0013ff2-6e9c-4ef9-958e-4395fde99a70",
    "data": [
      {
        "text": "internet is slowing down",
        "userDefined": false
      }
    ],
    "isTemplate": false,
    "count": 0,
    "updated": 0
  },
  {
    "id": "054e38be-8cef-446f-93fa-b5376648bac5",
    "data": [
      {
        "text": "internet is slow on",
        "userDefined": false
      }
    ],
    "isTemplate": false,
    "count": 0,
    "updated": 0
  },
  {
    "id": "2b19a652-72fc-4d52-9746-9a1d19cdcd0c",
    "data": [
      {
        "text": "internet is slow",
        "userDefined": false
      }
    ],
    "isTemplate": false,
    "count": 0,
    "updated": 0
  },
  {
    "id": "219f9fad-8c86-4d11-be49-0acd8a870538",
    "data": [
      {
        "text": "speed is diminishing on my wireless network",
        "userDefined": false
      }
    ],
    "isTemplate": false,
    "count": 0,
    "updated": 0
  },
  {
    "id": "f2bec361-f9b7-4003-a912-0bb8da455263",
    "data": [
      {
        "text": "decrease in speed of my Wi-Fi",
        "userDefined": false
      }
    ],
    "isTemplate": false,
    "count": 0,
    "updated": 0
  },
  {
    "id": "fdd01d9c-39f9-4b69-8e97-67d22bd0213e",
    "data": [
      {
        "text": "the internet access speed has reduced",
        "userDefined": false
      }
    ],
    "isTemplate": false,
    "count": 0,
    "updated": 0
  },
  {
    "id": "7402ad91-3bec-439e-a1fc-6919c5ceff3d",
    "data": [
      {
        "text": "low speed online connection",
        "userDefined": false
      }
    ],
    "isTemplate": false,
    "count": 0,
    "updated": 0
  },
  {
    "id": "6f7cad92-7075-479e-8a93-fda4825836e7",
    "data": [
      {
        "text": "the net speed is creeping",
        "userDefined": false
      }
    ],
    "isTemplate": false,
    "count": 0,
    "updated": 0
  },
  {
    "id": "aaf64eb7-20f3-42f5-92ab-8cb66bc546d6",
    "data": [
      {
        "text": "my network is delaying",
        "userDefined": false
      }
    ],
    "isTemplate": false,
    "count": 0,
    "updated": 0
  },
  {
    "id": "f4cf1e9a-6403-494c-ae39-633982486f0b",
    "data": [
      {
        "text": "The speed of my internet is crawling",
        "userDefined": false
      }
    ],
    "isTemplate": false,
    "count": 0,
    "updated": 0
  },
  {
    "id": "7dd89834-e209-4753-9634-d836f84150fd",
    "data": [
      {
        "text": "dropping internet connection",
        "userDefined": false
      }
    ],
    "isTemplate": false,
    "count": 0,
    "updated": 0
  },
  {
    "id": "b8d54604-1131-4d90-840a-1c003a3b4890",
    "data": [
      {
        "text": "decreased internet speed",
        "userDefined": false
      }
    ],
    "isTemplate": false,
    "count": 0,
    "updated": 0
  },
  {
    "id": "13f29033-fc23-484f-9082-df304dcf78e3",
    "data": [
      {
        "text": "laggy internet",
        "userDefined": false
      }
    ],
    "isTemplate": false,
    "count": 1,
    "updated": 0
  },
  {
    "id": "7176faed-441a-41dc-af61-ff76862b53d7",
    "data": [
      {
        "text": "slow connection on",
        "userDefined": false
      }
    ],
    "isTemplate": false,
    "count": 0,
    "updated": 0
  },
  {
    "id": "f14e89c1-da8a-4bed-ad6b-4412ed05315e",
    "data": [
      {
        "text": "slow internet acme",
        "userDefined": false
      }
    ],
    "isTemplate": false,
    "count": 2,
    "updated": 0
  },
  {
    "id": "624c099d-ccc7-41df-a64b-1c972c3a5b6a",
    "data": [
      {
        "text": "the internet is laggy",
        "userDefined": false
      }
    ],
    "isTemplate": false,
    "count": 0,
    "updated": 0
  },
  {
    "id": "bd6db728-6121-414f-a43e-cb65305416ef",
    "data": [
      {
        "text": "my internet is laggy",
        "userDefined": false
      }
    ],
    "isTemplate": false,
    "count": 0,
    "updated": 0
  },
  {
    "id": "9262b964-6fb7-4f7c-acbe-b869aadc1318",
    "data": [
      {
        "text": "my internet is lagging",
        "userDefined": false
      }
    ],
    "isTemplate": false,
    "count": 0,
    "updated": 0
  },
  {
    "id": "9b42d062-88ee-4806-99ea-42fbdbb0a8f4",
    "data": [
      {
        "text": "the internet is lagging",
        "userDefined": false
      }
    ],
    "isTemplate": false,
    "count": 0,
    "updated": 0
  },
  {
    "id": "73f45ebe-7d5a-4b06-af83-c6cc861ab724",
    "data": [
      {
        "text": "the internet speed is slow",
        "userDefined": false
      }
    ],
    "isTemplate": false,
    "count": 1,
    "updated": 0
  },
  {
    "id": "cbaa551e-28c2-4afb-9ac3-3f28d5d03820",
    "data": [
      {
        "text": "my internet speeds are slow",
        "userDefined": false
      }
    ],
    "isTemplate": false,
    "count": 1,
    "updated": 0
  },
  {
    "id": "305a0aed-febd-4c48-a816-631ce11a6a1b",
    "data": [
      {
        "text": "slow connection",
        "userDefined": false
      }
    ],
    "isTemplate": false,
    "count": 0,
    "updated": 0
  },
  {
    "id": "b598fb5b-fc27-463a-9e02-673055e3b979",
    "data": [
      {
        "text": "slow internet",
        "userDefined": false
      }
    ],
    "isTemplate": false,
    "count": 1,
    "updated": 0
  },
  {
    "id": "512fd1a9-f57b-4370-b971-3def33d4c616",
    "data": [
      {
        "text": "lagging internet connection",
        "userDefined": false
      }
    ],
    "isTemplate": false,
    "count": 0,
    "updated": 0
  },
  {
    "id": "6f18dbd4-5f46-4e7c-b4e6-7718eb32b4ac",
    "data": [
      {
        "text": "sluggish Wi-Fi",
        "userDefined": false
      }
    ],
    "isTemplate": false,
    "count": 0,
    "updated": 0
  },
  {
    "id": "a1c35d0f-296d-436e-b511-64f4ebb7b3f1",
    "data": [
      {
        "text": "slow wireless",
        "userDefined": false
      }
    ],
    "isTemplate": false,
    "count": 0,
    "updated": 0
  },
  {
    "id": "ff52d569-0911-4904-9ddc-e922223b617f",
    "data": [
      {
        "text": "slow wireless access",
        "userDefined": false
      }
    ],
    "isTemplate": false,
    "count": 0,
    "updated": 0
  }
]