[
  {
    "id": "df20c66e-c91b-4042-9cf9-98b8ffd54b9d",
    "data": [
      {
        "text": "there still is connection problems",
        "userDefined": false
      }
    ],
    "isTemplate": false,
    "count": 0,
    "updated": 0
  },
  {
    "id": "92f5125a-55e6-4a07-9c95-10833dc71234",
    "data": [
      {
        "text": "there still is connection trouble",
        "userDefined": false
      }
    ],
    "isTemplate": false,
    "count": 0,
    "updated": 0
  },
  {
    "id": "061d8400-ca85-45f0-81d7-1da1ebdbb7a0",
    "data": [
      {
        "text": "there still is internet connection trouble",
        "userDefined": false
      }
    ],
    "isTemplate": false,
    "count": 0,
    "updated": 0
  },
  {
    "id": "3cbb4b8d-a38a-4275-adab-dfa45c575c41",
    "data": [
      {
        "text": "there are still wireless issues",
        "userDefined": false
      }
    ],
    "isTemplate": false,
    "count": 0,
    "updated": 0
  },
  {
    "id": "f49d6448-2514-4645-8229-a49ead4ef0c9",
    "data": [
      {
        "text": "there are still wireless troubles",
        "userDefined": false
      }
    ],
    "isTemplate": false,
    "count": 0,
    "updated": 0
  },
  {
    "id": "c5d103bf-4fc1-47b0-8db0-b69c387f1458",
    "data": [
      {
        "text": "did not speed up internet",
        "userDefined": false
      }
    ],
    "isTemplate": false,
    "count": 0,
    "updated": 0
  },
  {
    "id": "6fcfa426-14e8-4a9f-8187-56a8f8a1e4ce",
    "data": [
      {
        "text": "did not fix the slow internet",
        "userDefined": false
      }
    ],
    "isTemplate": false,
    "count": 0,
    "updated": 0
  },
  {
    "id": "00d49b5b-f23a-4856-acfa-f0686a1119c3",
    "data": [
      {
        "text": "did not fix",
        "userDefined": false
      }
    ],
    "isTemplate": false,
    "count": 0,
    "updated": 0
  },
  {
    "id": "90b4d55a-9066-4516-b7f6-4ac100095d9a",
    "data": [
      {
        "text": "did not resolve",
        "userDefined": false
      }
    ],
    "isTemplate": false,
    "count": 0,
    "updated": 0
  },
  {
    "id": "553f6b3b-f6ee-4793-bbf9-15b172534363",
    "data": [
      {
        "text": "did not resolve troubles",
        "userDefined": false
      }
    ],
    "isTemplate": false,
    "count": 0,
    "updated": 0
  },
  {
    "id": "92279e12-26f8-4350-9078-d6fbb02b72ae",
    "data": [
      {
        "text": "still have internet connection issues",
        "userDefined": false
      }
    ],
    "isTemplate": false,
    "count": 0,
    "updated": 0
  },
  {
    "id": "c62fc316-9afe-442c-96a7-d2a5d52069ba",
    "data": [
      {
        "text": "still have internet connection trouble",
        "userDefined": false
      }
    ],
    "isTemplate": false,
    "count": 0,
    "updated": 0
  },
  {
    "id": "d5d0c053-457a-45fa-99d7-92a2a2d3b643",
    "data": [
      {
        "text": "did not fix the problem",
        "userDefined": false
      }
    ],
    "isTemplate": false,
    "count": 0,
    "updated": 0
  },
  {
    "id": "408a8f7f-c065-47ee-9dca-18faabb5a6f3",
    "data": [
      {
        "text": "my internet speed is still slow",
        "userDefined": false
      }
    ],
    "isTemplate": false,
    "count": 0,
    "updated": 0
  },
  {
    "id": "150353bb-4cc2-4239-a9fe-1f6a45ade4b3",
    "data": [
      {
        "text": "my internet is still slow",
        "userDefined": false
      }
    ],
    "isTemplate": false,
    "count": 0,
    "updated": 0
  },
  {
    "id": "b429f078-6cb9-46e4-ae21-aa8bffc93269",
    "data": [
      {
        "text": "still is not fixed",
        "userDefined": false
      }
    ],
    "isTemplate": false,
    "count": 0,
    "updated": 0
  },
  {
    "id": "43f0c702-369a-4647-85ee-454b8da195fe",
    "data": [
      {
        "text": "didn\u0027t work",
        "userDefined": false
      }
    ],
    "isTemplate": false,
    "count": 0,
    "updated": 0
  },
  {
    "id": "b9e598b7-d04a-4b87-b6d2-0b3bccedc20b",
    "data": [
      {
        "text": "did not work",
        "userDefined": false
      }
    ],
    "isTemplate": false,
    "count": 0,
    "updated": 0
  },
  {
    "id": "a3048807-dc80-4ef3-a5dd-b73787085684",
    "data": [
      {
        "text": "did not fix it",
        "userDefined": false
      }
    ],
    "isTemplate": false,
    "count": 0,
    "updated": 0
  },
  {
    "id": "963feabc-8eb0-4aeb-ac6e-ecd36a1b8bb2",
    "data": [
      {
        "text": "this did not solve it",
        "userDefined": false
      }
    ],
    "isTemplate": false,
    "count": 0,
    "updated": 0
  },
  {
    "id": "cf3afc0b-8343-414b-93ef-ceb2d184fe13",
    "data": [
      {
        "text": "thanks but no",
        "userDefined": false
      }
    ],
    "isTemplate": false,
    "count": 0,
    "updated": 0
  },
  {
    "id": "e295e2cf-5b99-4ed1-b189-24062c2b4bca",
    "data": [
      {
        "text": "no way",
        "userDefined": false
      }
    ],
    "isTemplate": false,
    "count": 0,
    "updated": 0
  },
  {
    "id": "b02efcf2-c99d-4509-92f3-c2f8d7957917",
    "data": [
      {
        "text": "no",
        "userDefined": false
      }
    ],
    "isTemplate": false,
    "count": 2,
    "updated": 0
  },
  {
    "id": "f8f8ebff-ffda-4c66-a119-3424f754d96d",
    "data": [
      {
        "text": "no no don\u0027t",
        "userDefined": false
      }
    ],
    "isTemplate": false,
    "count": 0,
    "updated": 0
  },
  {
    "id": "04186020-2857-40fc-9d81-72a7659e55c8",
    "data": [
      {
        "text": "na",
        "userDefined": false
      }
    ],
    "isTemplate": false,
    "count": 0,
    "updated": 0
  },
  {
    "id": "0daf4d92-d952-40a3-b9c2-4ad8e5f169f4",
    "data": [
      {
        "text": "no it isn\u0027t",
        "userDefined": false
      }
    ],
    "isTemplate": false,
    "count": 1,
    "updated": 0
  },
  {
    "id": "e79c768d-dac0-483b-a0e6-3905acd4dfd6",
    "data": [
      {
        "text": "don\u0027t",
        "userDefined": false
      }
    ],
    "isTemplate": false,
    "count": 0,
    "updated": 0
  },
  {
    "id": "f3128d79-8062-4700-a364-bbaa4ee4d7e2",
    "data": [
      {
        "text": "nah I\u0027m good",
        "userDefined": false
      }
    ],
    "isTemplate": false,
    "count": 1,
    "updated": 0
  },
  {
    "id": "e0765b16-4ada-4d4b-998a-06c8b95b83e7",
    "data": [
      {
        "text": "no I cannot",
        "userDefined": false
      }
    ],
    "isTemplate": false,
    "count": 1,
    "updated": 0
  },
  {
    "id": "144f02a1-a41a-44e7-910a-9052da5f9985",
    "data": [
      {
        "text": "I can\u0027t",
        "userDefined": false
      }
    ],
    "isTemplate": false,
    "count": 0,
    "updated": 0
  },
  {
    "id": "e3497d22-c562-4f65-876d-c4f29f81910a",
    "data": [
      {
        "text": "nothing",
        "userDefined": false
      }
    ],
    "isTemplate": false,
    "count": 0,
    "updated": 0
  },
  {
    "id": "3638fff9-0490-4565-9b68-e6f0264e6d5c",
    "data": [
      {
        "text": "no that\u0027s okay",
        "userDefined": false
      }
    ],
    "isTemplate": false,
    "count": 0,
    "updated": 0
  },
  {
    "id": "0b8dd288-cdae-461f-a34b-dbda6db7eda3",
    "data": [
      {
        "text": "no not really",
        "userDefined": false
      }
    ],
    "isTemplate": false,
    "count": 0,
    "updated": 0
  },
  {
    "id": "09ddbf50-5ea5-4a0e-9cd7-73da6b4d6e7b",
    "data": [
      {
        "text": "nope not really",
        "userDefined": false
      }
    ],
    "isTemplate": false,
    "count": 0,
    "updated": 0
  },
  {
    "id": "03f3be17-5b6a-4d5d-bf2c-d586d3bf403f",
    "data": [
      {
        "text": "nope",
        "userDefined": false
      }
    ],
    "isTemplate": false,
    "count": 1,
    "updated": 0
  },
  {
    "id": "7016c86c-4149-4293-be32-713701c5397f",
    "data": [
      {
        "text": "thanks but not this time",
        "userDefined": false
      }
    ],
    "isTemplate": false,
    "count": 1,
    "updated": 0
  },
  {
    "id": "b708d4ea-4f28-45e6-99f1-6ccf6028917d",
    "data": [
      {
        "text": "I don\u0027t think so",
        "userDefined": false
      }
    ],
    "isTemplate": false,
    "count": 1,
    "updated": 0
  },
  {
    "id": "efff7df7-2d88-4137-817e-e7d43319e27b",
    "data": [
      {
        "text": "I disagree",
        "userDefined": false
      }
    ],
    "isTemplate": false,
    "count": 2,
    "updated": 0
  },
  {
    "id": "3363ad7d-c4ad-4d62-b864-50be72a1ac9c",
    "data": [
      {
        "text": "no maybe next time",
        "userDefined": false
      }
    ],
    "isTemplate": false,
    "count": 0,
    "updated": 0
  },
  {
    "id": "daedc69d-b806-4fa9-bf53-70062e77a26b",
    "data": [
      {
        "text": "not this time",
        "userDefined": false
      }
    ],
    "isTemplate": false,
    "count": 0,
    "updated": 0
  },
  {
    "id": "c2a364ce-19aa-427a-a113-142014c59b66",
    "data": [
      {
        "text": "no don\u0027t",
        "userDefined": false
      }
    ],
    "isTemplate": false,
    "count": 0,
    "updated": 0
  },
  {
    "id": "d53c0f99-1e36-4188-9434-eeccea259bba",
    "data": [
      {
        "text": "no we are good",
        "userDefined": false
      }
    ],
    "isTemplate": false,
    "count": 0,
    "updated": 0
  },
  {
    "id": "6ea69c65-cdc4-4988-940f-32f4a32859cb",
    "data": [
      {
        "text": "don\u0027t do it",
        "userDefined": false
      }
    ],
    "isTemplate": false,
    "count": 3,
    "updated": 0
  },
  {
    "id": "6d06c674-d888-4147-8d8a-41e77a43d2ca",
    "data": [
      {
        "text": "no that\u0027s be all",
        "userDefined": false
      }
    ],
    "isTemplate": false,
    "count": 0,
    "updated": 0
  },
  {
    "id": "38970849-8cdc-4316-b7d1-2e25c26ae69e",
    "data": [
      {
        "text": "not right now",
        "userDefined": false
      }
    ],
    "isTemplate": false,
    "count": 0,
    "updated": 0
  },
  {
    "id": "b279e943-546b-4a9a-9a8f-68d779fe6274",
    "data": [
      {
        "text": "nothing else thanks",
        "userDefined": false
      }
    ],
    "isTemplate": false,
    "count": 0,
    "updated": 0
  },
  {
    "id": "7b608ae1-1c08-4c70-b125-9850a31a9cad",
    "data": [
      {
        "text": "no thanks",
        "userDefined": false
      }
    ],
    "isTemplate": false,
    "count": 0,
    "updated": 0
  },
  {
    "id": "722b53bf-9679-4645-b9bc-c9a83ee0088b",
    "data": [
      {
        "text": "no that\u0027s ok",
        "userDefined": false
      }
    ],
    "isTemplate": false,
    "count": 1,
    "updated": 0
  },
  {
    "id": "6bcbb276-84cb-414f-b6fa-1915261f302b",
    "data": [
      {
        "text": "I don\u0027t want that",
        "userDefined": false
      }
    ],
    "isTemplate": false,
    "count": 0,
    "updated": 0
  },
  {
    "id": "c2f60224-80c1-4661-a1f2-ce64b3040f59",
    "data": [
      {
        "text": "definitely not",
        "userDefined": false
      }
    ],
    "isTemplate": false,
    "count": 3,
    "updated": 0
  },
  {
    "id": "18567b4d-ef51-45ed-ad86-912e12168b6d",
    "data": [
      {
        "text": "nothing else",
        "userDefined": false
      }
    ],
    "isTemplate": false,
    "count": 1,
    "updated": 0
  },
  {
    "id": "f9249961-3bd0-4066-9471-f3a375672db9",
    "data": [
      {
        "text": "not",
        "userDefined": false
      }
    ],
    "isTemplate": false,
    "count": 0,
    "updated": 0
  },
  {
    "id": "61ffe6a5-6388-44f3-8fe9-dabd37a5aa96",
    "data": [
      {
        "text": "not at all",
        "userDefined": false
      }
    ],
    "isTemplate": false,
    "count": 0,
    "updated": 0
  },
  {
    "id": "70cf4fa0-d0df-4143-a8a6-ffaf133a1a7a",
    "data": [
      {
        "text": "no never",
        "userDefined": false
      }
    ],
    "isTemplate": false,
    "count": 0,
    "updated": 0
  },
  {
    "id": "3466a2e1-30d8-41ed-b4f6-7c6f909bc0b3",
    "data": [
      {
        "text": "never",
        "userDefined": false
      }
    ],
    "isTemplate": false,
    "count": 0,
    "updated": 0
  },
  {
    "id": "96e61b60-7903-4afa-a7f2-f4b68a6fcd20",
    "data": [
      {
        "text": "no way no",
        "userDefined": false
      }
    ],
    "isTemplate": false,
    "count": 0,
    "updated": 0
  },
  {
    "id": "ab70be53-825b-4de8-ae3d-dd0757c05548",
    "data": [
      {
        "text": "not really",
        "userDefined": false
      }
    ],
    "isTemplate": false,
    "count": 0,
    "updated": 0
  },
  {
    "id": "c5b515f9-d905-4790-97ff-907e220f0eba",
    "data": [
      {
        "text": "nah",
        "userDefined": false
      }
    ],
    "isTemplate": false,
    "count": 2,
    "updated": 0
  },
  {
    "id": "9608bc0f-ff22-4564-8c30-b82405fd9163",
    "data": [
      {
        "text": "I don\u0027t",
        "userDefined": false
      }
    ],
    "isTemplate": false,
    "count": 0,
    "updated": 0
  },
  {
    "id": "f13a5048-45a5-4416-a482-e027dcc5c77b",
    "data": [
      {
        "text": "I don\u0027t want",
        "userDefined": false
      }
    ],
    "isTemplate": false,
    "count": 0,
    "updated": 0
  },
  {
    "id": "88cd07bd-dcd0-48c8-a2a8-130dc743751c",
    "data": [
      {
        "text": "not ",
        "userDefined": false
      },
      {
        "text": "today",
        "meta": "@sys.ignore",
        "userDefined": false
      }
    ],
    "isTemplate": false,
    "count": 0,
    "updated": 0
  },
  {
    "id": "920da7f8-3366-4f38-aeae-c10d655778c3",
    "data": [
      {
        "text": "not interested",
        "userDefined": false
      }
    ],
    "isTemplate": false,
    "count": 0,
    "updated": 0
  },
  {
    "id": "46aed8cc-b790-4147-b9d1-e49f1835d264",
    "data": [
      {
        "text": "no that\u0027s fine thank you",
        "userDefined": false
      }
    ],
    "isTemplate": false,
    "count": 0,
    "updated": 0
  },
  {
    "id": "674fd9d7-5b1f-4959-b588-f28a858c1974",
    "data": [
      {
        "text": "I\u0027m not",
        "userDefined": false
      }
    ],
    "isTemplate": false,
    "count": 3,
    "updated": 0
  }
]