[
  {
    "id": "aa62a091-79a2-4587-a908-4bd63acd9843",
    "data": [
      {
        "text": "Cannot get a signal",
        "userDefined": false
      }
    ],
    "isTemplate": false,
    "count": 0,
    "updated": 0
  },
  {
    "id": "80e11705-e747-46fc-bb41-ce002e0ca081",
    "data": [
      {
        "text": "There is not any wireless access",
        "userDefined": false
      }
    ],
    "isTemplate": false,
    "count": 0,
    "updated": 0
  },
  {
    "id": "b6884669-ed70-46f5-bc87-b675290dd0bd",
    "data": [
      {
        "text": "never can get wireless access",
        "userDefined": false
      }
    ],
    "isTemplate": false,
    "count": 0,
    "updated": 0
  },
  {
    "id": "e7f11654-e7ee-4063-8ac9-0355760c5217",
    "data": [
      {
        "text": "by no means can I get online access",
        "userDefined": false
      }
    ],
    "isTemplate": false,
    "count": 0,
    "updated": 0
  },
  {
    "id": "d0c6db59-87e2-42e1-a125-ec03374d686b",
    "data": [
      {
        "text": "nix on surfing the net",
        "userDefined": false
      }
    ],
    "isTemplate": false,
    "count": 0,
    "updated": 0
  },
  {
    "id": "360fe9a4-ebc2-47f4-a0cd-e09fe85eca07",
    "data": [
      {
        "text": "no Wi-Fi",
        "userDefined": false
      }
    ],
    "isTemplate": false,
    "count": 0,
    "updated": 0
  },
  {
    "id": "a9ad3f57-3815-4c43-8928-2459fa56dd2a",
    "data": [
      {
        "text": "not by any means is there a world network",
        "userDefined": false
      }
    ],
    "isTemplate": false,
    "count": 0,
    "updated": 0
  },
  {
    "id": "876de9ae-bac7-42c5-8d92-84e2011a9a6c",
    "data": [
      {
        "text": "no world-wide web",
        "userDefined": false
      }
    ],
    "isTemplate": false,
    "count": 0,
    "updated": 0
  },
  {
    "id": "bf56c761-a3e6-4018-8b51-a981e7c91b20",
    "data": [
      {
        "text": "no wireless",
        "userDefined": false
      }
    ],
    "isTemplate": false,
    "count": 0,
    "updated": 0
  },
  {
    "id": "0a532657-c220-4e06-8b1b-d4896e7f6bf7",
    "data": [
      {
        "text": "no online connection",
        "userDefined": false
      }
    ],
    "isTemplate": false,
    "count": 0,
    "updated": 0
  },
  {
    "id": "baa85dd7-8561-4bec-94df-4685a289d043",
    "data": [
      {
        "text": "no network",
        "userDefined": false
      }
    ],
    "isTemplate": false,
    "count": 0,
    "updated": 0
  },
  {
    "id": "7e25948f-8d58-47c9-94fb-30851e2e4e21",
    "data": [
      {
        "text": "no network connection",
        "userDefined": false
      }
    ],
    "isTemplate": false,
    "count": 0,
    "updated": 0
  },
  {
    "id": "18d39cae-65a0-4b5f-b301-d8c7e60a95e2",
    "data": [
      {
        "text": "never is a internet connection",
        "userDefined": false
      }
    ],
    "isTemplate": false,
    "count": 0,
    "updated": 0
  },
  {
    "id": "537e40bb-1e01-48de-bcdd-f2bbc1b944d7",
    "data": [
      {
        "text": "There is not an internet connection",
        "userDefined": false
      }
    ],
    "isTemplate": false,
    "count": 0,
    "updated": 0
  },
  {
    "id": "ea83bc7d-a18f-4cc5-abae-5667aa5285d7",
    "data": [
      {
        "text": "no connection",
        "userDefined": false
      }
    ],
    "isTemplate": false,
    "count": 0,
    "updated": 0
  },
  {
    "id": "b91a1502-f943-4681-91ae-b2b658b8d9b7",
    "data": [
      {
        "text": "no internet connection",
        "userDefined": false
      }
    ],
    "isTemplate": false,
    "count": 0,
    "updated": 0
  },
  {
    "id": "d5f25433-e069-4b34-b1d2-ff1d82f387f1",
    "data": [
      {
        "text": "no internet",
        "userDefined": false
      }
    ],
    "isTemplate": false,
    "count": 0,
    "updated": 0
  }
]