[
  {
    "id": "3aba780f-6cad-4072-aa41-d7b616ec7a70",
    "data": [
      {
        "text": "none",
        "userDefined": false
      }
    ],
    "isTemplate": false,
    "count": 0,
    "updated": 0
  },
  {
    "id": "e9a5443a-58de-4bd0-ba4d-f288f4ca17a9",
    "data": [
      {
        "text": "wireless network not connecting",
        "userDefined": false
      }
    ],
    "isTemplate": false,
    "count": 1,
    "updated": 0
  },
  {
    "id": "baff0bc9-2f9b-42ea-ac60-c68738af929a",
    "data": [
      {
        "text": "wifi not connecting",
        "userDefined": false
      }
    ],
    "isTemplate": false,
    "count": 0,
    "updated": 0
  },
  {
    "id": "582f2a75-cbc7-4b2e-baae-641832336c5a",
    "data": [
      {
        "text": "wifi but no internet access",
        "userDefined": false
      }
    ],
    "isTemplate": false,
    "count": 0,
    "updated": 0
  },
  {
    "id": "9d967ea0-2b57-440b-8e8f-e30f07180736",
    "data": [
      {
        "text": "wifi no internet access",
        "userDefined": false
      }
    ],
    "isTemplate": false,
    "count": 0,
    "updated": 0
  },
  {
    "id": "a2cd19a0-bf23-4a68-b2fc-25928d1e128a",
    "data": [
      {
        "text": "wireless connection but no internet",
        "userDefined": false
      }
    ],
    "isTemplate": false,
    "count": 0,
    "updated": 0
  },
  {
    "id": "20b75c79-3305-490d-ad82-f6f9604fbeaa",
    "data": [
      {
        "text": "wireless connection with no internet",
        "userDefined": false
      }
    ],
    "isTemplate": false,
    "count": 0,
    "updated": 0
  },
  {
    "id": "833fee8a-a5e3-4273-8989-9d291f2da286",
    "data": [
      {
        "text": "wifi connected no internet",
        "userDefined": false
      }
    ],
    "isTemplate": false,
    "count": 0,
    "updated": 0
  },
  {
    "id": "293d8a3d-26b1-488f-bd30-d5c7b056abe0",
    "data": [
      {
        "text": "internet is gone",
        "userDefined": false
      }
    ],
    "isTemplate": false,
    "count": 0,
    "updated": 0
  },
  {
    "id": "7fc6940e-7429-4d1c-9cd3-bdaf0cbb6ce2",
    "data": [
      {
        "text": "internet connection is gone",
        "userDefined": false
      }
    ],
    "isTemplate": false,
    "count": 0,
    "updated": 0
  },
  {
    "id": "34e49cd2-65de-418f-a287-60c6e6bc6ad1",
    "data": [
      {
        "text": "wireless connection is gone",
        "userDefined": false
      }
    ],
    "isTemplate": false,
    "count": 0,
    "updated": 0
  },
  {
    "id": "3115a9c3-cf08-410f-8716-5cad3edc0878",
    "data": [
      {
        "text": "wifi is gone",
        "userDefined": false
      }
    ],
    "isTemplate": false,
    "count": 0,
    "updated": 0
  },
  {
    "id": "31aac86b-eb9d-422d-94fa-942b29398915",
    "data": [
      {
        "text": "i have no wireless internet connection",
        "userDefined": false
      }
    ],
    "isTemplate": false,
    "count": 0,
    "updated": 0
  },
  {
    "id": "9e6db2fb-96e6-496a-b6f3-768311691718",
    "data": [
      {
        "text": "i have no wireless connection",
        "userDefined": false
      }
    ],
    "isTemplate": false,
    "count": 0,
    "updated": 0
  },
  {
    "id": "39d93a09-fe4c-4a59-a2ea-6a1ebcd88a7d",
    "data": [
      {
        "text": "i have no wifi",
        "userDefined": false
      }
    ],
    "isTemplate": false,
    "count": 0,
    "updated": 0
  },
  {
    "id": "f482a304-6def-46e3-9275-e1e02f1fbe25",
    "data": [
      {
        "text": "i have no internet",
        "userDefined": false
      }
    ],
    "isTemplate": false,
    "count": 0,
    "updated": 0
  },
  {
    "id": "3ea5e065-1e34-4f54-84df-804afef37c67",
    "data": [
      {
        "text": "no internet connection detected",
        "userDefined": false
      }
    ],
    "isTemplate": false,
    "count": 0,
    "updated": 0
  },
  {
    "id": "2cc0d921-fc26-4ffb-8ba9-007ae5650582",
    "data": [
      {
        "text": "no internet access wifi",
        "userDefined": false
      }
    ],
    "isTemplate": false,
    "count": 0,
    "updated": 0
  },
  {
    "id": "4769dffa-95c6-48e2-a4c6-c0321a3351a8",
    "data": [
      {
        "text": "no internet access",
        "userDefined": false
      }
    ],
    "isTemplate": false,
    "count": 0,
    "updated": 0
  },
  {
    "id": "1516135c-ccf5-48df-80cf-f78a8737e5f4",
    "data": [
      {
        "text": "no internet connection",
        "userDefined": false
      }
    ],
    "isTemplate": false,
    "count": 0,
    "updated": 0
  },
  {
    "id": "086c0c34-9d96-42bc-a8bf-2b0ce8d0a686",
    "data": [
      {
        "text": "no wireless internet connection",
        "userDefined": false
      }
    ],
    "isTemplate": false,
    "count": 0,
    "updated": 0
  },
  {
    "id": "a44a7d67-6ac1-4e65-aa11-29108196ad53",
    "data": [
      {
        "text": "no wireless connection",
        "userDefined": false
      }
    ],
    "isTemplate": false,
    "count": 0,
    "updated": 0
  },
  {
    "id": "c1c26d9d-e3c1-4ced-aac4-0a1dd7bae318",
    "data": [
      {
        "text": "no wireless access",
        "userDefined": false
      }
    ],
    "isTemplate": false,
    "count": 0,
    "updated": 0
  },
  {
    "id": "1505c941-43cf-4650-95c0-e73154559e78",
    "data": [
      {
        "text": "no wireless",
        "userDefined": false
      }
    ],
    "isTemplate": false,
    "count": 1,
    "updated": 0
  },
  {
    "id": "cc30b0ea-01e8-499e-8eb5-ec6a789456b0",
    "data": [
      {
        "text": "no wireless network",
        "userDefined": false
      }
    ],
    "isTemplate": false,
    "count": 0,
    "updated": 0
  },
  {
    "id": "6646bb39-7b86-4ba8-a0be-be1b692a60f0",
    "data": [
      {
        "text": "no wifi",
        "userDefined": false
      }
    ],
    "isTemplate": false,
    "count": 0,
    "updated": 0
  },
  {
    "id": "52c6fbc0-a5f6-4d7b-b737-fce5b77b79e3",
    "data": [
      {
        "text": "no wifi signal",
        "userDefined": false
      }
    ],
    "isTemplate": false,
    "count": 0,
    "updated": 0
  },
  {
    "id": "4ebf4dc6-6169-4273-88cc-216ee7fac3fb",
    "data": [
      {
        "text": "no wifi access",
        "userDefined": false
      }
    ],
    "isTemplate": false,
    "count": 0,
    "updated": 0
  },
  {
    "id": "c169c30c-c176-44b1-914a-510952f1a244",
    "data": [
      {
        "text": "Cannot get a signal",
        "userDefined": false
      }
    ],
    "isTemplate": false,
    "count": 0,
    "updated": 0
  },
  {
    "id": "f9845987-5349-4bdd-90d5-d17360144f04",
    "data": [
      {
        "text": "There is not any wireless access",
        "userDefined": false
      }
    ],
    "isTemplate": false,
    "count": 0,
    "updated": 0
  },
  {
    "id": "586e44b4-c251-49f4-ac81-d5659105d03a",
    "data": [
      {
        "text": "never can get wireless access",
        "userDefined": false
      }
    ],
    "isTemplate": false,
    "count": 0,
    "updated": 0
  },
  {
    "id": "c370c1ca-6853-4624-be56-4dcec0d9d1e0",
    "data": [
      {
        "text": "by no means can I get online access",
        "userDefined": false
      }
    ],
    "isTemplate": false,
    "count": 0,
    "updated": 0
  },
  {
    "id": "5d657330-32b0-41cb-9293-9a8f59a50bc6",
    "data": [
      {
        "text": "nix on surfing the net",
        "userDefined": false
      }
    ],
    "isTemplate": false,
    "count": 0,
    "updated": 0
  },
  {
    "id": "435f3e7d-03c1-47e0-bd70-02d09994e801",
    "data": [
      {
        "text": "no Wi-Fi",
        "userDefined": false
      }
    ],
    "isTemplate": false,
    "count": 0,
    "updated": 0
  },
  {
    "id": "8651559c-2cac-4591-9e52-a8e2d682f258",
    "data": [
      {
        "text": "not by any means is there a world network",
        "userDefined": false
      }
    ],
    "isTemplate": false,
    "count": 0,
    "updated": 0
  },
  {
    "id": "e5968657-3308-4fe6-a993-5226745dab40",
    "data": [
      {
        "text": "no world-wide web",
        "userDefined": false
      }
    ],
    "isTemplate": false,
    "count": 0,
    "updated": 0
  },
  {
    "id": "07666ecc-29fb-41eb-888e-16fd42bf8254",
    "data": [
      {
        "text": "no online connection",
        "userDefined": false
      }
    ],
    "isTemplate": false,
    "count": 0,
    "updated": 0
  },
  {
    "id": "0b88992e-b739-46d4-8ced-59c91b18fa8c",
    "data": [
      {
        "text": "no network",
        "userDefined": false
      }
    ],
    "isTemplate": false,
    "count": 0,
    "updated": 0
  },
  {
    "id": "73efa289-dde6-4202-8d3a-440613b84fa4",
    "data": [
      {
        "text": "no network connection",
        "userDefined": false
      }
    ],
    "isTemplate": false,
    "count": 0,
    "updated": 0
  },
  {
    "id": "551ca075-adec-4e9b-9819-733a1a714cab",
    "data": [
      {
        "text": "never is a internet connection",
        "userDefined": false
      }
    ],
    "isTemplate": false,
    "count": 0,
    "updated": 0
  },
  {
    "id": "5d966a72-6a43-4dec-bd6f-6074f05ccdb5",
    "data": [
      {
        "text": "There is not an internet connection",
        "userDefined": false
      }
    ],
    "isTemplate": false,
    "count": 0,
    "updated": 0
  },
  {
    "id": "18f2c5c5-28a3-4628-b19e-b966ceb2200b",
    "data": [
      {
        "text": "no connection",
        "userDefined": false
      }
    ],
    "isTemplate": false,
    "count": 1,
    "updated": 0
  },
  {
    "id": "38671fe7-58e1-4973-b0db-0e92c7bb83f1",
    "data": [
      {
        "text": "no internet",
        "userDefined": false
      }
    ],
    "isTemplate": false,
    "count": 0,
    "updated": 0
  }
]