[
  {
    "id": "4e1983bd-b427-4677-8c01-1ca2b782dd45",
    "data": [
      {
        "text": "speed is diminishing on my wireless network",
        "userDefined": false
      }
    ],
    "isTemplate": false,
    "count": 0,
    "updated": 0
  },
  {
    "id": "89ac378e-8632-484a-aa4e-501cdf4213fb",
    "data": [
      {
        "text": "decrease in speed of my Wi-Fi",
        "userDefined": false
      }
    ],
    "isTemplate": false,
    "count": 0,
    "updated": 0
  },
  {
    "id": "8ad28244-f344-4382-bada-e0ded889c85a",
    "data": [
      {
        "text": "the internet access speed has reduced",
        "userDefined": false
      }
    ],
    "isTemplate": false,
    "count": 0,
    "updated": 0
  },
  {
    "id": "5eb667e1-455f-421c-a0f7-f2895dac6b53",
    "data": [
      {
        "text": "low speed online connection",
        "userDefined": false
      }
    ],
    "isTemplate": false,
    "count": 0,
    "updated": 0
  },
  {
    "id": "555284b7-bd82-472a-a965-57248b388ee2",
    "data": [
      {
        "text": "the net speed is creeping",
        "userDefined": false
      }
    ],
    "isTemplate": false,
    "count": 0,
    "updated": 0
  },
  {
    "id": "ece5007b-69ee-4c35-b355-02e0ed1f7bc9",
    "data": [
      {
        "text": "my network is delaying",
        "userDefined": false
      }
    ],
    "isTemplate": false,
    "count": 0,
    "updated": 0
  },
  {
    "id": "b6f6b464-8a3d-4a28-b280-ac0b4cbc35d5",
    "data": [
      {
        "text": "The speed of my internet is crawling",
        "userDefined": false
      }
    ],
    "isTemplate": false,
    "count": 0,
    "updated": 0
  },
  {
    "id": "af5aceb4-d3b6-4088-abe0-da779849002d",
    "data": [
      {
        "text": "dropping internet connection",
        "userDefined": false
      }
    ],
    "isTemplate": false,
    "count": 0,
    "updated": 0
  },
  {
    "id": "2aeada3b-e182-4e42-82e0-74798c4f826b",
    "data": [
      {
        "text": "decreased internet speed",
        "userDefined": false
      }
    ],
    "isTemplate": false,
    "count": 0,
    "updated": 0
  },
  {
    "id": "2a024c61-bd51-4ed3-84e0-57c0c058c12a",
    "data": [
      {
        "text": "laggy internet",
        "userDefined": false
      }
    ],
    "isTemplate": false,
    "count": 0,
    "updated": 0
  },
  {
    "id": "5a045b10-ed09-46b9-9754-7345e940e7f9",
    "data": [
      {
        "text": "slow connection",
        "userDefined": false
      }
    ],
    "isTemplate": false,
    "count": 0,
    "updated": 0
  },
  {
    "id": "da53e3e9-8566-4c20-bd14-97bb9d759384",
    "data": [
      {
        "text": "slow internet",
        "userDefined": false
      }
    ],
    "isTemplate": false,
    "count": 0,
    "updated": 0
  },
  {
    "id": "7c4ed426-85f5-4d93-86da-aca9ac70ba07",
    "data": [
      {
        "text": "slow internet connection",
        "userDefined": false
      }
    ],
    "isTemplate": false,
    "count": 0,
    "updated": 0
  },
  {
    "id": "ff8ee142-1391-4b9e-972e-e314ad106c85",
    "data": [
      {
        "text": "lagging internet connection",
        "userDefined": false
      }
    ],
    "isTemplate": false,
    "count": 0,
    "updated": 0
  },
  {
    "id": "6cc72e62-bd0d-442e-b4b3-8304e7e6cced",
    "data": [
      {
        "text": "sluggish Wi-Fi",
        "userDefined": false
      }
    ],
    "isTemplate": false,
    "count": 0,
    "updated": 0
  },
  {
    "id": "65d1d025-2feb-4e17-8d36-538e4c2a5091",
    "data": [
      {
        "text": "slow wireless",
        "userDefined": false
      }
    ],
    "isTemplate": false,
    "count": 0,
    "updated": 0
  },
  {
    "id": "e89f5da3-8702-4329-9e1b-8c8d86f2a0b3",
    "data": [
      {
        "text": "slow wireless access",
        "userDefined": false
      }
    ],
    "isTemplate": false,
    "count": 0,
    "updated": 0
  }
]