[
  {
    "id": "75458cc6-df61-460f-bfe3-783679ecc013",
    "data": [
      {
        "text": "the wireless speed is slow on my computer",
        "userDefined": false
      }
    ],
    "isTemplate": false,
    "count": 0,
    "updated": 0
  },
  {
    "id": "70f999d7-7efa-402f-8d33-bb8b30e8aaf5",
    "data": [
      {
        "text": "the wireless speed is slow on the computer",
        "userDefined": false
      }
    ],
    "isTemplate": false,
    "count": 0,
    "updated": 0
  },
  {
    "id": "289729e7-d83d-4739-b5a1-9d90b136aff4",
    "data": [
      {
        "text": "slow wireless speed on computer",
        "userDefined": false
      }
    ],
    "isTemplate": false,
    "count": 0,
    "updated": 0
  },
  {
    "id": "157eb7a8-f4b5-4f58-a134-2c77e159671b",
    "data": [
      {
        "text": "the wireless speed is slow on pc",
        "userDefined": false
      }
    ],
    "isTemplate": false,
    "count": 0,
    "updated": 0
  },
  {
    "id": "e9e3b975-2dbb-411c-85d7-9121f63ba116",
    "data": [
      {
        "text": "the wireless speed is slow on laptop",
        "userDefined": false
      }
    ],
    "isTemplate": false,
    "count": 0,
    "updated": 0
  },
  {
    "id": "d3186c9c-12f8-47c0-a32e-c992da56ba4b",
    "data": [
      {
        "text": "the wireless speed is slow",
        "userDefined": false
      }
    ],
    "isTemplate": false,
    "count": 0,
    "updated": 0
  },
  {
    "id": "88a2fd6f-0524-4ab1-98d1-e8d46366c898",
    "data": [
      {
        "text": "slow wireless speed on pc",
        "userDefined": false
      }
    ],
    "isTemplate": false,
    "count": 0,
    "updated": 0
  },
  {
    "id": "c6479376-7942-441c-9e6b-21ba472ec937",
    "data": [
      {
        "text": "slow wireless speed on laptop",
        "userDefined": false
      }
    ],
    "isTemplate": false,
    "count": 0,
    "updated": 0
  },
  {
    "id": "edcb0916-d6a7-4851-acb7-afefb9ca8e44",
    "data": [
      {
        "text": "slow wireless download speed",
        "userDefined": false
      }
    ],
    "isTemplate": false,
    "count": 0,
    "updated": 0
  },
  {
    "id": "a0274808-e9e0-495a-ad5c-f1ff84b6a5e0",
    "data": [
      {
        "text": "slow wireless connection",
        "userDefined": false
      }
    ],
    "isTemplate": false,
    "count": 0,
    "updated": 0
  },
  {
    "id": "239aa50b-9338-41dd-90b6-9db70b97636b",
    "data": [
      {
        "text": "slow wireless speed",
        "userDefined": false
      }
    ],
    "isTemplate": false,
    "count": 0,
    "updated": 0
  },
  {
    "id": "b40f2d19-1651-4a22-afab-0bc1d9eb8c2a",
    "data": [
      {
        "text": "slow wifi connection",
        "userDefined": false
      }
    ],
    "isTemplate": false,
    "count": 0,
    "updated": 0
  },
  {
    "id": "9b309268-eebd-4dad-9d4d-71be77ae266f",
    "data": [
      {
        "text": "slow wireless access fix",
        "userDefined": false
      }
    ],
    "isTemplate": false,
    "count": 0,
    "updated": 0
  },
  {
    "id": "4cadaf60-ee41-4dc4-a1fe-787a3d4ffd92",
    "data": [
      {
        "text": "slow wireless network fix",
        "userDefined": false
      }
    ],
    "isTemplate": false,
    "count": 0,
    "updated": 0
  },
  {
    "id": "fc4c978b-4a81-41d5-8fa1-2b4b8d1a8ad6",
    "data": [
      {
        "text": "slow wireless network solution",
        "userDefined": false
      }
    ],
    "isTemplate": false,
    "count": 0,
    "updated": 0
  },
  {
    "id": "22b29747-c4b9-47ac-9452-4baa8055d748",
    "data": [
      {
        "text": "slow wireless access solution",
        "userDefined": false
      }
    ],
    "isTemplate": false,
    "count": 0,
    "updated": 0
  },
  {
    "id": "3ff9bdf4-b793-438c-adc0-3d1226bdd124",
    "data": [
      {
        "text": "slow wifi solution",
        "userDefined": false
      }
    ],
    "isTemplate": false,
    "count": 0,
    "updated": 0
  },
  {
    "id": "5fdd1058-59cd-498f-8745-9f82c995d82b",
    "data": [
      {
        "text": "slow internet connection solution",
        "userDefined": false
      }
    ],
    "isTemplate": false,
    "count": 0,
    "updated": 0
  },
  {
    "id": "4a4ce222-ec33-454b-9238-7935a5f67532",
    "data": [
      {
        "text": "slow internet connection fix",
        "userDefined": false
      }
    ],
    "isTemplate": false,
    "count": 0,
    "updated": 0
  },
  {
    "id": "9b10cfd2-2979-457b-84a8-c80acd4145dd",
    "data": [
      {
        "text": "slow wifi fix",
        "userDefined": false
      }
    ],
    "isTemplate": false,
    "count": 0,
    "updated": 0
  },
  {
    "id": "d8fe9e65-349c-409d-95c9-c60a6d40c8c4",
    "data": [
      {
        "text": "slow wifi on computer",
        "userDefined": false
      }
    ],
    "isTemplate": false,
    "count": 0,
    "updated": 0
  },
  {
    "id": "84d8dff1-f5f3-46b8-add3-bc1a53f1d157",
    "data": [
      {
        "text": "slow wifi on pc",
        "userDefined": false
      }
    ],
    "isTemplate": false,
    "count": 0,
    "updated": 0
  },
  {
    "id": "cfa7e87b-f82c-40d5-8c94-01d40a5f7d23",
    "data": [
      {
        "text": "slow wifi on laptop",
        "userDefined": false
      }
    ],
    "isTemplate": false,
    "count": 0,
    "updated": 0
  },
  {
    "id": "6b1d10cf-f602-4a95-a7ff-e2e919807292",
    "data": [
      {
        "text": "slow wifi at home",
        "userDefined": false
      }
    ],
    "isTemplate": false,
    "count": 0,
    "updated": 0
  },
  {
    "id": "7238cf44-b3b2-4bc9-a9d7-601c9816a48a",
    "data": [
      {
        "text": "slow wifi speed",
        "userDefined": false
      }
    ],
    "isTemplate": false,
    "count": 1,
    "updated": 0
  },
  {
    "id": "9be8cccf-9896-47a6-906a-f44e65812920",
    "data": [
      {
        "text": "slow internet ",
        "userDefined": false
      },
      {
        "text": "today",
        "meta": "@sys.ignore",
        "userDefined": false
      }
    ],
    "isTemplate": false,
    "count": 1,
    "updated": 0
  },
  {
    "id": "602e9b7f-ff8f-49ee-9a04-d9a00777f179",
    "data": [
      {
        "text": "slow internet speed",
        "userDefined": false
      }
    ],
    "isTemplate": false,
    "count": 0,
    "updated": 0
  },
  {
    "id": "370ead6f-c1e3-4d45-8407-e5c04668552b",
    "data": [
      {
        "text": "slow internet access",
        "userDefined": false
      }
    ],
    "isTemplate": false,
    "count": 0,
    "updated": 0
  },
  {
    "id": "72bbfc43-d03d-4e5e-bd04-5d873562c25d",
    "data": [
      {
        "text": "slow internet connection",
        "userDefined": false
      }
    ],
    "isTemplate": false,
    "count": 0,
    "updated": 0
  },
  {
    "id": "a92abec4-6d95-44dc-b7c5-21284e0a1aae",
    "data": [
      {
        "text": "the internet connection is slow",
        "userDefined": false
      }
    ],
    "isTemplate": false,
    "count": 0,
    "updated": 0
  },
  {
    "id": "1b49f80d-052d-4b4e-b676-1bf628e90858",
    "data": [
      {
        "text": "the internet is slow",
        "userDefined": false
      }
    ],
    "isTemplate": false,
    "count": 0,
    "updated": 0
  },
  {
    "id": "5b5e2f3f-49fe-4161-80a9-5953ec06cdfd",
    "data": [
      {
        "text": "my internet is slow",
        "userDefined": false
      }
    ],
    "isTemplate": false,
    "count": 1,
    "updated": 0
  },
  {
    "id": "20acda42-7537-4406-a9be-e29e893a2836",
    "data": [
      {
        "text": "my wifi is slow",
        "userDefined": false
      }
    ],
    "isTemplate": false,
    "count": 0,
    "updated": 0
  },
  {
    "id": "3b8fb71d-6dc3-4cc9-a5a4-8105c0e92647",
    "data": [
      {
        "text": "my wireless network is slow",
        "userDefined": false
      }
    ],
    "isTemplate": false,
    "count": 0,
    "updated": 0
  },
  {
    "id": "7beae24f-ebac-41a5-b7a2-ad031c86b67a",
    "data": [
      {
        "text": "the wireless is slow",
        "userDefined": false
      }
    ],
    "isTemplate": false,
    "count": 0,
    "updated": 0
  },
  {
    "id": "996e8f75-1b59-41c3-b020-b3a897beabdf",
    "data": [
      {
        "text": "the wireless network is slow",
        "userDefined": false
      }
    ],
    "isTemplate": false,
    "count": 0,
    "updated": 0
  },
  {
    "id": "c8c34c93-0eef-4595-9d71-461df27ea838",
    "data": [
      {
        "text": "the wifi is slow",
        "userDefined": false
      }
    ],
    "isTemplate": false,
    "count": 0,
    "updated": 0
  },
  {
    "id": "688de4d3-c3bf-4dcd-862d-94e003c02215",
    "data": [
      {
        "text": "i have slow wireless internet",
        "userDefined": false
      }
    ],
    "isTemplate": false,
    "count": 0,
    "updated": 0
  },
  {
    "id": "07c35bbe-73d1-4526-a124-11f29fcdf679",
    "data": [
      {
        "text": "i have slow wireless access",
        "userDefined": false
      }
    ],
    "isTemplate": false,
    "count": 0,
    "updated": 0
  },
  {
    "id": "c8fcba75-0450-4957-a419-61a512147c94",
    "data": [
      {
        "text": "i have slow wireless",
        "userDefined": false
      }
    ],
    "isTemplate": false,
    "count": 0,
    "updated": 0
  },
  {
    "id": "a782c583-794c-4775-84cd-9151942ab13c",
    "data": [
      {
        "text": "i have slow internet",
        "userDefined": false
      }
    ],
    "isTemplate": false,
    "count": 0,
    "updated": 0
  },
  {
    "id": "5d0e5bcc-5d35-4be9-8c43-c54134d0489c",
    "data": [
      {
        "text": "i have slow wifi",
        "userDefined": false
      }
    ],
    "isTemplate": false,
    "count": 0,
    "updated": 0
  },
  {
    "id": "78ec717c-3cf1-441e-945e-efb71796d246",
    "data": [
      {
        "text": "internet is slow ",
        "userDefined": false
      },
      {
        "text": "today",
        "meta": "@sys.ignore",
        "userDefined": false
      }
    ],
    "isTemplate": false,
    "count": 0,
    "updated": 0
  },
  {
    "id": "327df96d-98b1-4222-9cd5-d8abb8e616b3",
    "data": [
      {
        "text": "internet is slower",
        "userDefined": false
      }
    ],
    "isTemplate": false,
    "count": 0,
    "updated": 0
  },
  {
    "id": "c62cebe6-3642-42c6-928f-9186ddd968a2",
    "data": [
      {
        "text": "internet is slowing down",
        "userDefined": false
      }
    ],
    "isTemplate": false,
    "count": 0,
    "updated": 0
  },
  {
    "id": "4ee20699-a79d-4d9f-b8a2-0ad7adb25c3e",
    "data": [
      {
        "text": "internet is slow on",
        "userDefined": false
      }
    ],
    "isTemplate": false,
    "count": 0,
    "updated": 0
  },
  {
    "id": "95a28673-ba61-4719-91bf-0ee4cd160dde",
    "data": [
      {
        "text": "internet is slow",
        "userDefined": false
      }
    ],
    "isTemplate": false,
    "count": 0,
    "updated": 0
  },
  {
    "id": "219f9fad-8c86-4d11-be49-0acd8a870538",
    "data": [
      {
        "text": "speed is diminishing on my wireless network",
        "userDefined": false
      }
    ],
    "isTemplate": false,
    "count": 0,
    "updated": 0
  },
  {
    "id": "f2bec361-f9b7-4003-a912-0bb8da455263",
    "data": [
      {
        "text": "decrease in speed of my Wi-Fi",
        "userDefined": false
      }
    ],
    "isTemplate": false,
    "count": 0,
    "updated": 0
  },
  {
    "id": "fdd01d9c-39f9-4b69-8e97-67d22bd0213e",
    "data": [
      {
        "text": "the internet access speed has reduced",
        "userDefined": false
      }
    ],
    "isTemplate": false,
    "count": 0,
    "updated": 0
  },
  {
    "id": "7402ad91-3bec-439e-a1fc-6919c5ceff3d",
    "data": [
      {
        "text": "low speed online connection",
        "userDefined": false
      }
    ],
    "isTemplate": false,
    "count": 0,
    "updated": 0
  },
  {
    "id": "6f7cad92-7075-479e-8a93-fda4825836e7",
    "data": [
      {
        "text": "the net speed is creeping",
        "userDefined": false
      }
    ],
    "isTemplate": false,
    "count": 0,
    "updated": 0
  },
  {
    "id": "aaf64eb7-20f3-42f5-92ab-8cb66bc546d6",
    "data": [
      {
        "text": "my network is delaying",
        "userDefined": false
      }
    ],
    "isTemplate": false,
    "count": 0,
    "updated": 0
  },
  {
    "id": "f4cf1e9a-6403-494c-ae39-633982486f0b",
    "data": [
      {
        "text": "The speed of my internet is crawling",
        "userDefined": false
      }
    ],
    "isTemplate": false,
    "count": 0,
    "updated": 0
  },
  {
    "id": "7dd89834-e209-4753-9634-d836f84150fd",
    "data": [
      {
        "text": "dropping internet connection",
        "userDefined": false
      }
    ],
    "isTemplate": false,
    "count": 0,
    "updated": 0
  },
  {
    "id": "b8d54604-1131-4d90-840a-1c003a3b4890",
    "data": [
      {
        "text": "decreased internet speed",
        "userDefined": false
      }
    ],
    "isTemplate": false,
    "count": 0,
    "updated": 0
  },
  {
    "id": "13f29033-fc23-484f-9082-df304dcf78e3",
    "data": [
      {
        "text": "laggy internet",
        "userDefined": false
      }
    ],
    "isTemplate": false,
    "count": 1,
    "updated": 0
  },
  {
    "id": "ce363f44-efea-42e5-baf4-ab23453d14fb",
    "data": [
      {
        "text": "slow connection on",
        "userDefined": false
      }
    ],
    "isTemplate": false,
    "count": 0,
    "updated": 0
  },
  {
    "id": "c924eada-13b1-4c2b-845f-d8822fb2dc74",
    "data": [
      {
        "text": "slow internet acme",
        "userDefined": false
      }
    ],
    "isTemplate": false,
    "count": 2,
    "updated": 0
  },
  {
    "id": "5a8a5937-801d-4a40-affd-964c3593ce7d",
    "data": [
      {
        "text": "the internet is laggy",
        "userDefined": false
      }
    ],
    "isTemplate": false,
    "count": 0,
    "updated": 0
  },
  {
    "id": "c5926251-25fd-4255-b001-1797b7a99820",
    "data": [
      {
        "text": "my internet is laggy",
        "userDefined": false
      }
    ],
    "isTemplate": false,
    "count": 0,
    "updated": 0
  },
  {
    "id": "c9744cf5-54ab-45de-84b4-411c279fe036",
    "data": [
      {
        "text": "my internet is lagging",
        "userDefined": false
      }
    ],
    "isTemplate": false,
    "count": 0,
    "updated": 0
  },
  {
    "id": "c3f3cfac-973f-49de-b110-f3b8c8f8f00f",
    "data": [
      {
        "text": "the internet is lagging",
        "userDefined": false
      }
    ],
    "isTemplate": false,
    "count": 0,
    "updated": 0
  },
  {
    "id": "fb3731c2-fbc5-44f9-b998-4e6fb69c4f6c",
    "data": [
      {
        "text": "the internet speed is slow",
        "userDefined": false
      }
    ],
    "isTemplate": false,
    "count": 1,
    "updated": 0
  },
  {
    "id": "cf7421fe-b9af-4bd1-8960-b203b43c1b2e",
    "data": [
      {
        "text": "my internet speeds are slow",
        "userDefined": false
      }
    ],
    "isTemplate": false,
    "count": 1,
    "updated": 0
  },
  {
    "id": "305a0aed-febd-4c48-a816-631ce11a6a1b",
    "data": [
      {
        "text": "slow connection",
        "userDefined": false
      }
    ],
    "isTemplate": false,
    "count": 0,
    "updated": 0
  },
  {
    "id": "b598fb5b-fc27-463a-9e02-673055e3b979",
    "data": [
      {
        "text": "slow internet",
        "userDefined": false
      }
    ],
    "isTemplate": false,
    "count": 1,
    "updated": 0
  },
  {
    "id": "512fd1a9-f57b-4370-b971-3def33d4c616",
    "data": [
      {
        "text": "lagging internet connection",
        "userDefined": false
      }
    ],
    "isTemplate": false,
    "count": 0,
    "updated": 0
  },
  {
    "id": "6f18dbd4-5f46-4e7c-b4e6-7718eb32b4ac",
    "data": [
      {
        "text": "sluggish Wi-Fi",
        "userDefined": false
      }
    ],
    "isTemplate": false,
    "count": 0,
    "updated": 0
  },
  {
    "id": "a1c35d0f-296d-436e-b511-64f4ebb7b3f1",
    "data": [
      {
        "text": "slow wireless",
        "userDefined": false
      }
    ],
    "isTemplate": false,
    "count": 0,
    "updated": 0
  },
  {
    "id": "ff52d569-0911-4904-9ddc-e922223b617f",
    "data": [
      {
        "text": "slow wireless access",
        "userDefined": false
      }
    ],
    "isTemplate": false,
    "count": 0,
    "updated": 0
  }
]