[
  {
    "id": "ca0aa9a9-3e65-4a8e-b610-448776a26e5b",
    "data": [
      {
        "text": "security is set up",
        "userDefined": false
      }
    ],
    "isTemplate": false,
    "count": 0,
    "updated": 0
  },
  {
    "id": "02d65946-4d71-43c6-948f-f198f6664676",
    "data": [
      {
        "text": "i have set up security",
        "userDefined": false
      }
    ],
    "isTemplate": false,
    "count": 0,
    "updated": 0
  },
  {
    "id": "1a7bc6cc-4360-4cc3-91ce-dfaacdadf4ce",
    "data": [
      {
        "text": "i did set up security",
        "userDefined": false
      }
    ],
    "isTemplate": false,
    "count": 0,
    "updated": 0
  },
  {
    "id": "2dc29037-bfef-457e-8824-29ef01b37826",
    "data": [
      {
        "text": "my network is password protected",
        "userDefined": false
      }
    ],
    "isTemplate": false,
    "count": 0,
    "updated": 0
  },
  {
    "id": "b1f60a81-1ffb-4d46-a71c-80e6c5d86cef",
    "data": [
      {
        "text": "the security is set up",
        "userDefined": false
      }
    ],
    "isTemplate": false,
    "count": 0,
    "updated": 0
  },
  {
    "id": "9d266493-cca2-453a-b6af-67a84a2d59bc",
    "data": [
      {
        "text": "it is set up",
        "userDefined": false
      }
    ],
    "isTemplate": false,
    "count": 0,
    "updated": 0
  },
  {
    "id": "a959a26f-3d7f-4fec-b90e-3ad89313a801",
    "data": [
      {
        "text": "it is password protected",
        "userDefined": false
      }
    ],
    "isTemplate": false,
    "count": 0,
    "updated": 0
  },
  {
    "id": "8d38f090-cefb-48bc-902d-58dd9b422ff5",
    "data": [
      {
        "text": "it is protected",
        "userDefined": false
      }
    ],
    "isTemplate": false,
    "count": 0,
    "updated": 0
  },
  {
    "id": "7096c537-b80a-456c-a7f0-02bc91d5a7f0",
    "data": [
      {
        "text": "it requires a password",
        "userDefined": false
      }
    ],
    "isTemplate": false,
    "count": 0,
    "updated": 0
  },
  {
    "id": "3d8d11c7-9584-41c2-8722-bb87da9351b3",
    "data": [
      {
        "text": "the network requires a password",
        "userDefined": false
      }
    ],
    "isTemplate": false,
    "count": 0,
    "updated": 0
  },
  {
    "id": "958bd0a0-a3d9-472e-8cf4-f724a2ef023d",
    "data": [
      {
        "text": "i have it password protected",
        "userDefined": false
      }
    ],
    "isTemplate": false,
    "count": 0,
    "updated": 0
  },
  {
    "id": "77d08d96-8b11-4c58-85a1-83e6018f8e4a",
    "data": [
      {
        "text": "i have set up a security network",
        "userDefined": false
      }
    ],
    "isTemplate": false,
    "count": 0,
    "updated": 0
  },
  {
    "id": "2c29827b-e265-4030-8764-0756ffee1c88",
    "data": [
      {
        "text": "i have a password",
        "userDefined": false
      }
    ],
    "isTemplate": false,
    "count": 0,
    "updated": 0
  },
  {
    "id": "b4b284ab-f18e-4159-b20c-c223282aafff",
    "data": [
      {
        "text": "i have set up a password",
        "userDefined": false
      }
    ],
    "isTemplate": false,
    "count": 0,
    "updated": 0
  },
  {
    "id": "91f79e64-2aa3-48c1-9c42-86d4260c8337",
    "data": [
      {
        "text": "it has a password",
        "userDefined": false
      }
    ],
    "isTemplate": false,
    "count": 0,
    "updated": 0
  },
  {
    "id": "c5e84191-1549-4782-8b9d-ccf4cf9a7d8e",
    "data": [
      {
        "text": "it has security",
        "userDefined": false
      }
    ],
    "isTemplate": false,
    "count": 0,
    "updated": 0
  },
  {
    "id": "036b4ec0-f3a9-463a-bff8-e465f28e1413",
    "data": [
      {
        "text": "it already has security",
        "userDefined": false
      }
    ],
    "isTemplate": false,
    "count": 0,
    "updated": 0
  },
  {
    "id": "76e3ae7e-f125-42fe-8a01-33b79f547d67",
    "data": [
      {
        "text": "it already has a password",
        "userDefined": false
      }
    ],
    "isTemplate": false,
    "count": 0,
    "updated": 0
  },
  {
    "id": "a8506f33-2908-45ab-9104-dbaa12dfb360",
    "data": [
      {
        "text": "yes",
        "userDefined": false
      }
    ],
    "isTemplate": false,
    "count": 1,
    "updated": 0
  },
  {
    "id": "638eed4c-b7d8-4742-89aa-220129899416",
    "data": [
      {
        "text": "okay I will",
        "userDefined": false
      }
    ],
    "isTemplate": false,
    "count": 2,
    "updated": 0
  },
  {
    "id": "c06e96c5-a618-4e39-bcc9-a5082f38e41e",
    "data": [
      {
        "text": "why not",
        "userDefined": false
      }
    ],
    "isTemplate": false,
    "count": 0,
    "updated": 0
  },
  {
    "id": "aaf660b9-7fa5-4a5e-968e-e6f45fcf64bb",
    "data": [
      {
        "text": "yes that\u0027s alright",
        "userDefined": false
      }
    ],
    "isTemplate": false,
    "count": 0,
    "updated": 0
  },
  {
    "id": "ceea2b43-6fc4-4713-b257-eff879051bf8",
    "data": [
      {
        "text": "yes I do",
        "userDefined": false
      }
    ],
    "isTemplate": false,
    "count": 0,
    "updated": 0
  },
  {
    "id": "50e8274f-e5e4-4862-90c5-2064613c2002",
    "data": [
      {
        "text": "exactly",
        "userDefined": false
      }
    ],
    "isTemplate": false,
    "count": 1,
    "updated": 0
  },
  {
    "id": "f494a678-87e6-4e25-bcd4-475a18b9fbb5",
    "data": [
      {
        "text": "of course",
        "userDefined": false
      }
    ],
    "isTemplate": false,
    "count": 0,
    "updated": 0
  },
  {
    "id": "c6ee7d21-d1cc-441d-bea8-2d516337b0f9",
    "data": [
      {
        "text": "yep that\u0027s ok",
        "userDefined": false
      }
    ],
    "isTemplate": false,
    "count": 0,
    "updated": 0
  },
  {
    "id": "2a9a326d-2be3-4c56-af4b-de69ba660f82",
    "data": [
      {
        "text": "okay",
        "userDefined": false
      }
    ],
    "isTemplate": false,
    "count": 1,
    "updated": 0
  },
  {
    "id": "2c8048f2-5aef-403c-b43a-aa6d4927557b",
    "data": [
      {
        "text": "ok",
        "userDefined": false
      }
    ],
    "isTemplate": false,
    "count": 1,
    "updated": 0
  },
  {
    "id": "466b6b6f-3f59-4d6f-8b9d-1e9375c97899",
    "data": [
      {
        "text": "for sure",
        "userDefined": false
      }
    ],
    "isTemplate": false,
    "count": 0,
    "updated": 0
  },
  {
    "id": "85f3c12c-c592-49cb-bf27-184b88c3b388",
    "data": [
      {
        "text": "sg",
        "userDefined": false
      }
    ],
    "isTemplate": false,
    "count": 0,
    "updated": 0
  },
  {
    "id": "13bc54f4-2b03-4ae4-aa89-f5277617e5f7",
    "data": [
      {
        "text": "yes that\u0027t ok",
        "userDefined": false
      }
    ],
    "isTemplate": false,
    "count": 0,
    "updated": 0
  },
  {
    "id": "e3cd7356-1e22-4126-b69e-03aeda5fb72c",
    "data": [
      {
        "text": "I agree",
        "userDefined": false
      }
    ],
    "isTemplate": false,
    "count": 2,
    "updated": 0
  },
  {
    "id": "6fa17882-2cfa-46fc-81d7-7b8d43be43de",
    "data": [
      {
        "text": "yes you can do it",
        "userDefined": false
      }
    ],
    "isTemplate": false,
    "count": 0,
    "updated": 0
  },
  {
    "id": "9e791bb5-288f-417b-821a-9fb22d0447bb",
    "data": [
      {
        "text": "I don\u0027t mind",
        "userDefined": false
      }
    ],
    "isTemplate": false,
    "count": 3,
    "updated": 0
  },
  {
    "id": "d07b6830-58a5-418c-81dd-2f57d8e3a667",
    "data": [
      {
        "text": "that one works",
        "userDefined": false
      }
    ],
    "isTemplate": false,
    "count": 0,
    "updated": 0
  },
  {
    "id": "0aacc61d-6a86-4fad-ad0f-8f4f348aaf55",
    "data": [
      {
        "text": "that works",
        "userDefined": false
      }
    ],
    "isTemplate": false,
    "count": 0,
    "updated": 0
  },
  {
    "id": "c4649eca-ea17-4a34-a771-55b083cb56b5",
    "data": [
      {
        "text": "sure why not",
        "userDefined": false
      }
    ],
    "isTemplate": false,
    "count": 0,
    "updated": 0
  },
  {
    "id": "e9488076-a2e9-4b31-9142-50c36021dcc2",
    "data": [
      {
        "text": "perfect",
        "userDefined": false
      }
    ],
    "isTemplate": false,
    "count": 0,
    "updated": 0
  },
  {
    "id": "1c6db04e-e71a-41f5-9ff4-4b269c0a89c8",
    "data": [
      {
        "text": "yep that\u0027s right",
        "userDefined": false
      }
    ],
    "isTemplate": false,
    "count": 1,
    "updated": 0
  },
  {
    "id": "205235f0-6f92-45ed-b636-3efaa6758ef4",
    "data": [
      {
        "text": "I think so",
        "userDefined": false
      }
    ],
    "isTemplate": false,
    "count": 0,
    "updated": 0
  },
  {
    "id": "9ad01ac7-9598-46e4-a4ab-f82d4c50740d",
    "data": [
      {
        "text": "yes I agree",
        "userDefined": false
      }
    ],
    "isTemplate": false,
    "count": 1,
    "updated": 0
  },
  {
    "id": "1eacd500-b705-46cc-8722-be7df867224c",
    "data": [
      {
        "text": "sure",
        "userDefined": false
      }
    ],
    "isTemplate": false,
    "count": 2,
    "updated": 0
  },
  {
    "id": "168e622f-a1ca-41ec-8df5-89bf2ebd2bf0",
    "data": [
      {
        "text": "sounds correct",
        "userDefined": false
      }
    ],
    "isTemplate": false,
    "count": 1,
    "updated": 0
  },
  {
    "id": "f4ce1dc0-bd3d-4543-8d92-ea7e90291940",
    "data": [
      {
        "text": "sounds good",
        "userDefined": false
      }
    ],
    "isTemplate": false,
    "count": 0,
    "updated": 0
  },
  {
    "id": "ee85e627-98e0-438d-ae00-db231443c6e3",
    "data": [
      {
        "text": "that\u0027s correct",
        "userDefined": false
      }
    ],
    "isTemplate": false,
    "count": 0,
    "updated": 0
  },
  {
    "id": "47884d9c-4d1e-48b7-84ce-1a600eb94bae",
    "data": [
      {
        "text": "go ahead",
        "userDefined": false
      }
    ],
    "isTemplate": false,
    "count": 1,
    "updated": 0
  },
  {
    "id": "cf1fdfc5-53d4-4a9b-b520-4f5c4f5a4ce2",
    "data": [
      {
        "text": "do it",
        "userDefined": false
      }
    ],
    "isTemplate": false,
    "count": 1,
    "updated": 0
  },
  {
    "id": "10923d61-dd50-407c-a6dc-eef1c486cbcc",
    "data": [
      {
        "text": "it\u0027s fine",
        "userDefined": false
      }
    ],
    "isTemplate": false,
    "count": 0,
    "updated": 0
  },
  {
    "id": "b640dea2-940a-4a06-abc8-642fd59248ed",
    "data": [
      {
        "text": "yeah",
        "userDefined": false
      }
    ],
    "isTemplate": false,
    "count": 0,
    "updated": 0
  },
  {
    "id": "17473f31-498a-4be3-a365-2f611afe3c94",
    "data": [
      {
        "text": "yes please",
        "userDefined": false
      }
    ],
    "isTemplate": false,
    "count": 0,
    "updated": 0
  },
  {
    "id": "2078d2e1-3787-4a87-90ca-d5a8e31708a5",
    "data": [
      {
        "text": "it\u0027s okay",
        "userDefined": false
      }
    ],
    "isTemplate": false,
    "count": 0,
    "updated": 0
  },
  {
    "id": "3a809630-8615-487b-b578-76dca9d8295e",
    "data": [
      {
        "text": "alright why not",
        "userDefined": false
      }
    ],
    "isTemplate": false,
    "count": 0,
    "updated": 0
  },
  {
    "id": "bbd0dcc8-0a65-42fd-bfc8-35453da07265",
    "data": [
      {
        "text": "alright",
        "userDefined": false
      }
    ],
    "isTemplate": false,
    "count": 0,
    "updated": 0
  },
  {
    "id": "36ace40a-d39d-4129-9803-70277a05e760",
    "data": [
      {
        "text": "right",
        "userDefined": false
      }
    ],
    "isTemplate": false,
    "count": 0,
    "updated": 0
  },
  {
    "id": "f953a9d9-3654-4247-84dc-d6c73097fb4b",
    "data": [
      {
        "text": "it looks perfect",
        "userDefined": false
      }
    ],
    "isTemplate": false,
    "count": 0,
    "updated": 0
  },
  {
    "id": "f9c0506d-7d09-4bb7-b7bd-934fbcced06f",
    "data": [
      {
        "text": "yes I can",
        "userDefined": false
      }
    ],
    "isTemplate": false,
    "count": 0,
    "updated": 0
  },
  {
    "id": "d2a35bd1-3b22-4fdb-80b1-4111663b24e1",
    "data": [
      {
        "text": "yup",
        "userDefined": false
      }
    ],
    "isTemplate": false,
    "count": 0,
    "updated": 0
  },
  {
    "id": "7966e213-4bcf-479c-84e1-bf6b39f3b0e0",
    "data": [
      {
        "text": "yep",
        "userDefined": false
      }
    ],
    "isTemplate": false,
    "count": 0,
    "updated": 0
  },
  {
    "id": "5754235e-6f85-4f52-86b2-eda736b17a79",
    "data": [
      {
        "text": "confirm",
        "userDefined": false
      }
    ],
    "isTemplate": false,
    "count": 1,
    "updated": 0
  },
  {
    "id": "1b5563e9-fb18-451c-9418-3b7da186ea8d",
    "data": [
      {
        "text": "absolutely",
        "userDefined": false
      }
    ],
    "isTemplate": false,
    "count": 1,
    "updated": 0
  }
]