[
  {
    "id": "1d63c82f-71c5-437c-ba67-2952f879934e",
    "data": [
      {
        "text": "the wireless speed is slow on my computer",
        "userDefined": false
      }
    ],
    "isTemplate": false,
    "count": 0,
    "updated": 0
  },
  {
    "id": "ecf4a0b5-aadc-412d-8d1a-2dfb1cd61717",
    "data": [
      {
        "text": "the wireless speed is slow on the computer",
        "userDefined": false
      }
    ],
    "isTemplate": false,
    "count": 0,
    "updated": 0
  },
  {
    "id": "7ba7a367-f254-4211-8048-bd5fee91fbf5",
    "data": [
      {
        "text": "slow wireless speed on computer",
        "userDefined": false
      }
    ],
    "isTemplate": false,
    "count": 0,
    "updated": 0
  },
  {
    "id": "28368b73-a8d4-4d36-9cc5-2fb02e467d85",
    "data": [
      {
        "text": "the wireless speed is slow on pc",
        "userDefined": false
      }
    ],
    "isTemplate": false,
    "count": 0,
    "updated": 0
  },
  {
    "id": "8892be69-3db9-4809-91af-6f6d875b5205",
    "data": [
      {
        "text": "the wireless speed is slow on laptop",
        "userDefined": false
      }
    ],
    "isTemplate": false,
    "count": 0,
    "updated": 0
  },
  {
    "id": "1b392c49-0b48-4cfc-98e2-674b158f9525",
    "data": [
      {
        "text": "the wireless speed is slow",
        "userDefined": false
      }
    ],
    "isTemplate": false,
    "count": 0,
    "updated": 0
  },
  {
    "id": "448ed81f-41b0-4c0f-bacc-f2cde90e6095",
    "data": [
      {
        "text": "slow wireless speed on pc",
        "userDefined": false
      }
    ],
    "isTemplate": false,
    "count": 0,
    "updated": 0
  },
  {
    "id": "9d0b4691-9065-4b38-b9bb-d662f798527c",
    "data": [
      {
        "text": "slow wireless speed on laptop",
        "userDefined": false
      }
    ],
    "isTemplate": false,
    "count": 0,
    "updated": 0
  },
  {
    "id": "a0d48da5-0c51-46dd-ba96-c499847e46d1",
    "data": [
      {
        "text": "slow wireless download speed",
        "userDefined": false
      }
    ],
    "isTemplate": false,
    "count": 0,
    "updated": 0
  },
  {
    "id": "bae2e712-5c93-46ed-b33f-affdd4e10d0b",
    "data": [
      {
        "text": "slow wireless connection",
        "userDefined": false
      }
    ],
    "isTemplate": false,
    "count": 0,
    "updated": 0
  },
  {
    "id": "d5b2c424-1ff5-4210-8576-db78db29786e",
    "data": [
      {
        "text": "slow wireless speed",
        "userDefined": false
      }
    ],
    "isTemplate": false,
    "count": 0,
    "updated": 0
  },
  {
    "id": "d8c2034a-c8e2-4f52-ad7a-e4478db22ccc",
    "data": [
      {
        "text": "slow wifi connection",
        "userDefined": false
      }
    ],
    "isTemplate": false,
    "count": 0,
    "updated": 0
  },
  {
    "id": "4ca34b8c-d418-4012-95fd-a6dfb526e8a0",
    "data": [
      {
        "text": "slow wireless access fix",
        "userDefined": false
      }
    ],
    "isTemplate": false,
    "count": 0,
    "updated": 0
  },
  {
    "id": "c7c15b47-0f91-41a2-80d0-76a8d7d8e438",
    "data": [
      {
        "text": "slow wireless network fix",
        "userDefined": false
      }
    ],
    "isTemplate": false,
    "count": 0,
    "updated": 0
  },
  {
    "id": "4d26dace-939c-41c6-b8d1-c2f037d83f5b",
    "data": [
      {
        "text": "slow wireless network solution",
        "userDefined": false
      }
    ],
    "isTemplate": false,
    "count": 0,
    "updated": 0
  },
  {
    "id": "bdfabbb2-33c8-4d60-8ef7-8a5c6ba18c1f",
    "data": [
      {
        "text": "slow wireless access solution",
        "userDefined": false
      }
    ],
    "isTemplate": false,
    "count": 0,
    "updated": 0
  },
  {
    "id": "d8123bb7-ccd7-4783-be34-290a62cff3c3",
    "data": [
      {
        "text": "slow wifi solution",
        "userDefined": false
      }
    ],
    "isTemplate": false,
    "count": 0,
    "updated": 0
  },
  {
    "id": "e14be074-5867-46ea-9a48-9fd2de19831f",
    "data": [
      {
        "text": "slow internet connection solution",
        "userDefined": false
      }
    ],
    "isTemplate": false,
    "count": 0,
    "updated": 0
  },
  {
    "id": "3fe00820-b4db-4a96-8f09-01b87b5e4c8a",
    "data": [
      {
        "text": "slow internet connection fix",
        "userDefined": false
      }
    ],
    "isTemplate": false,
    "count": 0,
    "updated": 0
  },
  {
    "id": "d6ae79a9-b95b-43a3-bc59-9d2d8914beb0",
    "data": [
      {
        "text": "slow wifi fix",
        "userDefined": false
      }
    ],
    "isTemplate": false,
    "count": 0,
    "updated": 0
  },
  {
    "id": "081b3e06-e895-43ee-968e-77fccbf5b8c7",
    "data": [
      {
        "text": "slow wifi on computer",
        "userDefined": false
      }
    ],
    "isTemplate": false,
    "count": 0,
    "updated": 0
  },
  {
    "id": "b3a181b1-9921-4f82-a3f7-790795f75b8c",
    "data": [
      {
        "text": "slow wifi on pc",
        "userDefined": false
      }
    ],
    "isTemplate": false,
    "count": 0,
    "updated": 0
  },
  {
    "id": "d272860a-b0de-4636-9d27-ff08c70c1179",
    "data": [
      {
        "text": "slow wifi on laptop",
        "userDefined": false
      }
    ],
    "isTemplate": false,
    "count": 0,
    "updated": 0
  },
  {
    "id": "cb829b1c-0073-46b1-a76e-dabee4e30ca6",
    "data": [
      {
        "text": "slow wifi at home",
        "userDefined": false
      }
    ],
    "isTemplate": false,
    "count": 0,
    "updated": 0
  },
  {
    "id": "8601e108-fa5e-4fa6-86c0-b729d4ce20ff",
    "data": [
      {
        "text": "slow wifi speed",
        "userDefined": false
      }
    ],
    "isTemplate": false,
    "count": 1,
    "updated": 0
  },
  {
    "id": "1f5efd19-b4cd-4abe-96a1-b942e8a9ebaa",
    "data": [
      {
        "text": "slow internet ",
        "userDefined": false
      },
      {
        "text": "today",
        "meta": "@sys.ignore",
        "userDefined": false
      }
    ],
    "isTemplate": false,
    "count": 1,
    "updated": 0
  },
  {
    "id": "1c62184f-e6c8-45ce-bfc5-9a054a9dec3b",
    "data": [
      {
        "text": "slow internet speed",
        "userDefined": false
      }
    ],
    "isTemplate": false,
    "count": 0,
    "updated": 0
  },
  {
    "id": "1879a6a7-62d5-4204-b3e6-359d47508b39",
    "data": [
      {
        "text": "slow internet access",
        "userDefined": false
      }
    ],
    "isTemplate": false,
    "count": 0,
    "updated": 0
  },
  {
    "id": "72bbfc43-d03d-4e5e-bd04-5d873562c25d",
    "data": [
      {
        "text": "slow internet connection",
        "userDefined": false
      }
    ],
    "isTemplate": false,
    "count": 0,
    "updated": 0
  },
  {
    "id": "dd78e01f-2256-445a-aa8a-d5a6162cf683",
    "data": [
      {
        "text": "the internet connection is slow",
        "userDefined": false
      }
    ],
    "isTemplate": false,
    "count": 0,
    "updated": 0
  },
  {
    "id": "276e93c6-e9da-4de9-9a04-ca51e24c483a",
    "data": [
      {
        "text": "the internet is slow",
        "userDefined": false
      }
    ],
    "isTemplate": false,
    "count": 0,
    "updated": 0
  },
  {
    "id": "ea414ebc-8522-4856-82dd-b53281341521",
    "data": [
      {
        "text": "my internet is slow",
        "userDefined": false
      }
    ],
    "isTemplate": false,
    "count": 1,
    "updated": 0
  },
  {
    "id": "e95a2274-f6ec-4491-aacf-dbf885f7863e",
    "data": [
      {
        "text": "my wifi is slow",
        "userDefined": false
      }
    ],
    "isTemplate": false,
    "count": 0,
    "updated": 0
  },
  {
    "id": "c7a339a0-ecf2-46fa-b699-03c04d952d36",
    "data": [
      {
        "text": "my wireless network is slow",
        "userDefined": false
      }
    ],
    "isTemplate": false,
    "count": 0,
    "updated": 0
  },
  {
    "id": "485b6307-e184-4ebc-b93d-8772b591cb33",
    "data": [
      {
        "text": "the wireless is slow",
        "userDefined": false
      }
    ],
    "isTemplate": false,
    "count": 0,
    "updated": 0
  },
  {
    "id": "62a677a4-3f15-4b9e-9c3b-db1fd6dc094c",
    "data": [
      {
        "text": "the wireless network is slow",
        "userDefined": false
      }
    ],
    "isTemplate": false,
    "count": 0,
    "updated": 0
  },
  {
    "id": "143a008a-e42e-47ac-a212-b111a8145779",
    "data": [
      {
        "text": "the wifi is slow",
        "userDefined": false
      }
    ],
    "isTemplate": false,
    "count": 0,
    "updated": 0
  },
  {
    "id": "92323d22-1d3a-4f9f-a07a-e82c97eb69db",
    "data": [
      {
        "text": "i have slow wireless internet",
        "userDefined": false
      }
    ],
    "isTemplate": false,
    "count": 0,
    "updated": 0
  },
  {
    "id": "b1060b70-f162-478d-872c-b19e3943a33d",
    "data": [
      {
        "text": "i have slow wireless access",
        "userDefined": false
      }
    ],
    "isTemplate": false,
    "count": 0,
    "updated": 0
  },
  {
    "id": "c6f780be-6be9-42f6-912a-fe935d238c3c",
    "data": [
      {
        "text": "i have slow wireless",
        "userDefined": false
      }
    ],
    "isTemplate": false,
    "count": 0,
    "updated": 0
  },
  {
    "id": "4ba1cc1a-2b7b-4081-810b-e846c2f8dd42",
    "data": [
      {
        "text": "i have slow internet",
        "userDefined": false
      }
    ],
    "isTemplate": false,
    "count": 0,
    "updated": 0
  },
  {
    "id": "4a8d28c4-5782-4451-b735-0a9ae598b0a3",
    "data": [
      {
        "text": "i have slow wifi",
        "userDefined": false
      }
    ],
    "isTemplate": false,
    "count": 0,
    "updated": 0
  },
  {
    "id": "41d847bb-cf72-4097-aa10-1bb394ebce3c",
    "data": [
      {
        "text": "internet is slow ",
        "userDefined": false
      },
      {
        "text": "today",
        "meta": "@sys.ignore",
        "userDefined": false
      }
    ],
    "isTemplate": false,
    "count": 0,
    "updated": 0
  },
  {
    "id": "46ee9d0e-4218-43ec-88c9-995a4f60dbc8",
    "data": [
      {
        "text": "internet is slower",
        "userDefined": false
      }
    ],
    "isTemplate": false,
    "count": 0,
    "updated": 0
  },
  {
    "id": "1fca09ef-4c40-46f3-b540-751d04a89590",
    "data": [
      {
        "text": "internet is slowing down",
        "userDefined": false
      }
    ],
    "isTemplate": false,
    "count": 0,
    "updated": 0
  },
  {
    "id": "3462cf55-07b6-4ba3-b27e-354925499d26",
    "data": [
      {
        "text": "internet is slow on",
        "userDefined": false
      }
    ],
    "isTemplate": false,
    "count": 0,
    "updated": 0
  },
  {
    "id": "1e004cc5-1ed3-494f-a86e-a19bca55ee08",
    "data": [
      {
        "text": "internet is slow",
        "userDefined": false
      }
    ],
    "isTemplate": false,
    "count": 0,
    "updated": 0
  },
  {
    "id": "219f9fad-8c86-4d11-be49-0acd8a870538",
    "data": [
      {
        "text": "speed is diminishing on my wireless network",
        "userDefined": false
      }
    ],
    "isTemplate": false,
    "count": 0,
    "updated": 0
  },
  {
    "id": "f2bec361-f9b7-4003-a912-0bb8da455263",
    "data": [
      {
        "text": "decrease in speed of my Wi-Fi",
        "userDefined": false
      }
    ],
    "isTemplate": false,
    "count": 0,
    "updated": 0
  },
  {
    "id": "fdd01d9c-39f9-4b69-8e97-67d22bd0213e",
    "data": [
      {
        "text": "the internet access speed has reduced",
        "userDefined": false
      }
    ],
    "isTemplate": false,
    "count": 0,
    "updated": 0
  },
  {
    "id": "7402ad91-3bec-439e-a1fc-6919c5ceff3d",
    "data": [
      {
        "text": "low speed online connection",
        "userDefined": false
      }
    ],
    "isTemplate": false,
    "count": 0,
    "updated": 0
  },
  {
    "id": "6f7cad92-7075-479e-8a93-fda4825836e7",
    "data": [
      {
        "text": "the net speed is creeping",
        "userDefined": false
      }
    ],
    "isTemplate": false,
    "count": 0,
    "updated": 0
  },
  {
    "id": "aaf64eb7-20f3-42f5-92ab-8cb66bc546d6",
    "data": [
      {
        "text": "my network is delaying",
        "userDefined": false
      }
    ],
    "isTemplate": false,
    "count": 0,
    "updated": 0
  },
  {
    "id": "f4cf1e9a-6403-494c-ae39-633982486f0b",
    "data": [
      {
        "text": "The speed of my internet is crawling",
        "userDefined": false
      }
    ],
    "isTemplate": false,
    "count": 0,
    "updated": 0
  },
  {
    "id": "7dd89834-e209-4753-9634-d836f84150fd",
    "data": [
      {
        "text": "dropping internet connection",
        "userDefined": false
      }
    ],
    "isTemplate": false,
    "count": 0,
    "updated": 0
  },
  {
    "id": "b8d54604-1131-4d90-840a-1c003a3b4890",
    "data": [
      {
        "text": "decreased internet speed",
        "userDefined": false
      }
    ],
    "isTemplate": false,
    "count": 0,
    "updated": 0
  },
  {
    "id": "13f29033-fc23-484f-9082-df304dcf78e3",
    "data": [
      {
        "text": "laggy internet",
        "userDefined": false
      }
    ],
    "isTemplate": false,
    "count": 1,
    "updated": 0
  },
  {
    "id": "567146d1-045c-47d4-bb29-e0cdae901046",
    "data": [
      {
        "text": "slow connection on",
        "userDefined": false
      }
    ],
    "isTemplate": false,
    "count": 0,
    "updated": 0
  },
  {
    "id": "63024448-06cb-4901-a1e5-e4bf125d6352",
    "data": [
      {
        "text": "slow internet acme",
        "userDefined": false
      }
    ],
    "isTemplate": false,
    "count": 2,
    "updated": 0
  },
  {
    "id": "771d5afc-f0b8-4ace-9714-1f3bdb3999d3",
    "data": [
      {
        "text": "the internet is laggy",
        "userDefined": false
      }
    ],
    "isTemplate": false,
    "count": 0,
    "updated": 0
  },
  {
    "id": "dd254dd0-e41b-4475-aada-012c68f24c62",
    "data": [
      {
        "text": "my internet is laggy",
        "userDefined": false
      }
    ],
    "isTemplate": false,
    "count": 0,
    "updated": 0
  },
  {
    "id": "381e7f8e-de94-43ee-a70e-37c8ccf267b4",
    "data": [
      {
        "text": "my internet is lagging",
        "userDefined": false
      }
    ],
    "isTemplate": false,
    "count": 0,
    "updated": 0
  },
  {
    "id": "1c30b1b5-9441-4056-b03b-2addc59839e8",
    "data": [
      {
        "text": "the internet is lagging",
        "userDefined": false
      }
    ],
    "isTemplate": false,
    "count": 0,
    "updated": 0
  },
  {
    "id": "cfca15e5-b237-471a-81a7-ecce1295a06c",
    "data": [
      {
        "text": "the internet speed is slow",
        "userDefined": false
      }
    ],
    "isTemplate": false,
    "count": 1,
    "updated": 0
  },
  {
    "id": "132b701a-6fb8-4ee4-907b-de95e3046538",
    "data": [
      {
        "text": "my internet speeds are slow",
        "userDefined": false
      }
    ],
    "isTemplate": false,
    "count": 1,
    "updated": 0
  },
  {
    "id": "305a0aed-febd-4c48-a816-631ce11a6a1b",
    "data": [
      {
        "text": "slow connection",
        "userDefined": false
      }
    ],
    "isTemplate": false,
    "count": 0,
    "updated": 0
  },
  {
    "id": "b598fb5b-fc27-463a-9e02-673055e3b979",
    "data": [
      {
        "text": "slow internet",
        "userDefined": false
      }
    ],
    "isTemplate": false,
    "count": 1,
    "updated": 0
  },
  {
    "id": "512fd1a9-f57b-4370-b971-3def33d4c616",
    "data": [
      {
        "text": "lagging internet connection",
        "userDefined": false
      }
    ],
    "isTemplate": false,
    "count": 0,
    "updated": 0
  },
  {
    "id": "6f18dbd4-5f46-4e7c-b4e6-7718eb32b4ac",
    "data": [
      {
        "text": "sluggish Wi-Fi",
        "userDefined": false
      }
    ],
    "isTemplate": false,
    "count": 0,
    "updated": 0
  },
  {
    "id": "a1c35d0f-296d-436e-b511-64f4ebb7b3f1",
    "data": [
      {
        "text": "slow wireless",
        "userDefined": false
      }
    ],
    "isTemplate": false,
    "count": 0,
    "updated": 0
  },
  {
    "id": "ff52d569-0911-4904-9ddc-e922223b617f",
    "data": [
      {
        "text": "slow wireless access",
        "userDefined": false
      }
    ],
    "isTemplate": false,
    "count": 0,
    "updated": 0
  }
]