[
  {
    "id": "a6abb549-9947-489f-859a-ff003e087f05",
    "data": [
      {
        "text": "didn\u0027t",
        "userDefined": false
      }
    ],
    "isTemplate": false,
    "count": 0,
    "updated": 0
  },
  {
    "id": "87596b3d-02c4-4e39-8029-c9a8eba5cd9b",
    "data": [
      {
        "text": "did not fix",
        "userDefined": false
      }
    ],
    "isTemplate": false,
    "count": 0,
    "updated": 0
  },
  {
    "id": "a4931783-6336-4110-acc4-ef4ceb0ba660",
    "data": [
      {
        "text": "did not work",
        "userDefined": false
      }
    ],
    "isTemplate": false,
    "count": 0,
    "updated": 0
  },
  {
    "id": "115a8e85-9c33-4fd8-9259-3376615b4c52",
    "data": [
      {
        "text": "didn\u0027t work",
        "userDefined": false
      }
    ],
    "isTemplate": false,
    "count": 0,
    "updated": 0
  },
  {
    "id": "94a9aa33-b830-44c4-b2e7-e97f853ad5c4",
    "data": [
      {
        "text": "didn\u0027t fix",
        "userDefined": false
      }
    ],
    "isTemplate": false,
    "count": 0,
    "updated": 0
  },
  {
    "id": "902ad9a3-366a-4be1-9744-c20901163ca1",
    "data": [
      {
        "text": "solution did not work",
        "userDefined": false
      }
    ],
    "isTemplate": false,
    "count": 0,
    "updated": 0
  },
  {
    "id": "19298bc5-bf19-40bf-8745-1d595754259a",
    "data": [
      {
        "text": "problem not fixed",
        "userDefined": false
      }
    ],
    "isTemplate": false,
    "count": 0,
    "updated": 0
  },
  {
    "id": "6bf84bea-c00e-4a99-aff9-146f2f66b509",
    "data": [
      {
        "text": "issue not fixed",
        "userDefined": false
      }
    ],
    "isTemplate": false,
    "count": 0,
    "updated": 0
  },
  {
    "id": "268616c8-c1a7-470d-899e-c28cd02c6299",
    "data": [
      {
        "text": "did not resolve",
        "userDefined": false
      }
    ],
    "isTemplate": false,
    "count": 0,
    "updated": 0
  },
  {
    "id": "643df7c2-f008-4e43-bfdf-62f7c9c841f5",
    "data": [
      {
        "text": "issue is not resolved",
        "userDefined": false
      }
    ],
    "isTemplate": false,
    "count": 0,
    "updated": 0
  },
  {
    "id": "ad6c8f55-3197-457a-9945-cd06518d9076",
    "data": [
      {
        "text": "did not solve",
        "userDefined": false
      }
    ],
    "isTemplate": false,
    "count": 0,
    "updated": 0
  },
  {
    "id": "a9d1470f-e333-41d2-a916-4c283eda3d9b",
    "data": [
      {
        "text": "didn\u0027t solve",
        "userDefined": false
      }
    ],
    "isTemplate": false,
    "count": 0,
    "updated": 0
  },
  {
    "id": "06916a96-be8d-4389-9867-2940893cc3f7",
    "data": [
      {
        "text": "still have slow internet",
        "userDefined": false
      }
    ],
    "isTemplate": false,
    "count": 0,
    "updated": 0
  },
  {
    "id": "cc2db077-34f9-42fc-8dd1-387cbb7dbcd2",
    "data": [
      {
        "text": "my internet is still slow",
        "userDefined": false
      }
    ],
    "isTemplate": false,
    "count": 0,
    "updated": 0
  },
  {
    "id": "ca48647e-ca87-4060-ad6b-491c943b3d23",
    "data": [
      {
        "text": "the internet is still slow",
        "userDefined": false
      }
    ],
    "isTemplate": false,
    "count": 0,
    "updated": 0
  },
  {
    "id": "26b3b940-0c50-45f1-92d9-68c7a7f93cad",
    "data": [
      {
        "text": "the internet speed is still slow",
        "userDefined": false
      }
    ],
    "isTemplate": false,
    "count": 0,
    "updated": 0
  },
  {
    "id": "b7727d66-c5a4-429f-a917-e8656d0814c6",
    "data": [
      {
        "text": "my internet speed is still slow",
        "userDefined": false
      }
    ],
    "isTemplate": false,
    "count": 0,
    "updated": 0
  },
  {
    "id": "25386c26-89a3-48f4-9a5e-e33e34df2e62",
    "data": [
      {
        "text": "did not solve connection troubles",
        "userDefined": false
      }
    ],
    "isTemplate": false,
    "count": 0,
    "updated": 0
  },
  {
    "id": "0158ceb8-0b1c-4fe2-bb46-3f104bf256f5",
    "data": [
      {
        "text": "still have internet connection troubles",
        "userDefined": false
      }
    ],
    "isTemplate": false,
    "count": 0,
    "updated": 0
  },
  {
    "id": "00e5d76b-ca72-4c2d-af1d-193357bcdbf8",
    "data": [
      {
        "text": "still have internet connection issues",
        "userDefined": false
      }
    ],
    "isTemplate": false,
    "count": 0,
    "updated": 0
  },
  {
    "id": "9203a985-f69c-4c80-a77a-0147764dddac",
    "data": [
      {
        "text": "still have internet connection problems",
        "userDefined": false
      }
    ],
    "isTemplate": false,
    "count": 0,
    "updated": 0
  },
  {
    "id": "ed098145-754e-4086-9f61-c430dc4211cd",
    "data": [
      {
        "text": "internet connection not fixed",
        "userDefined": false
      }
    ],
    "isTemplate": false,
    "count": 0,
    "updated": 0
  },
  {
    "id": "773b09cd-5f12-4ac5-8cae-3835f103f626",
    "data": [
      {
        "text": "still having connection issues",
        "userDefined": false
      }
    ],
    "isTemplate": false,
    "count": 0,
    "updated": 0
  },
  {
    "id": "c601b6ed-26d9-429e-b43b-30df5dbe0815",
    "data": [
      {
        "text": "still having connection troubles",
        "userDefined": false
      }
    ],
    "isTemplate": false,
    "count": 0,
    "updated": 0
  },
  {
    "id": "017b9b7d-bc5a-4d8c-9def-94565c5d5533",
    "data": [
      {
        "text": "still having wifi troubles",
        "userDefined": false
      }
    ],
    "isTemplate": false,
    "count": 0,
    "updated": 0
  },
  {
    "id": "66634af9-7742-4884-abf0-281b7e0fdaea",
    "data": [
      {
        "text": "still having problems with wifi",
        "userDefined": false
      }
    ],
    "isTemplate": false,
    "count": 0,
    "updated": 0
  },
  {
    "id": "fdfae04a-c4c9-41e4-a78e-3f087ba73995",
    "data": [
      {
        "text": "my issue is still the wifi",
        "userDefined": false
      }
    ],
    "isTemplate": false,
    "count": 0,
    "updated": 0
  },
  {
    "id": "6b65feb2-9427-4aa3-815b-146f1005f313",
    "data": [
      {
        "text": "wifi is still a problem",
        "userDefined": false
      }
    ],
    "isTemplate": false,
    "count": 0,
    "updated": 0
  },
  {
    "id": "992735f9-0cc4-428c-823f-d999d57de81b",
    "data": [
      {
        "text": "wifi is still an issue",
        "userDefined": false
      }
    ],
    "isTemplate": false,
    "count": 0,
    "updated": 0
  },
  {
    "id": "27c78cd0-ab30-4768-a9d7-68605c73aef0",
    "data": [
      {
        "text": "wifi needs to fixed",
        "userDefined": false
      }
    ],
    "isTemplate": false,
    "count": 0,
    "updated": 0
  },
  {
    "id": "b29f1bcd-5e99-45c8-95c6-50fa3d3bf78e",
    "data": [
      {
        "text": "connection needs to be fixed",
        "userDefined": false
      }
    ],
    "isTemplate": false,
    "count": 0,
    "updated": 0
  },
  {
    "id": "addccfa7-36c3-44d4-92a0-2f7228e4b544",
    "data": [
      {
        "text": "thanks but no",
        "userDefined": false
      }
    ],
    "isTemplate": false,
    "count": 0,
    "updated": 0
  },
  {
    "id": "106ec049-ed7d-44e5-802d-7ba6f79c8916",
    "data": [
      {
        "text": "no way",
        "userDefined": false
      }
    ],
    "isTemplate": false,
    "count": 0,
    "updated": 0
  },
  {
    "id": "cab2fa05-c05c-4d91-acc9-661b00225af4",
    "data": [
      {
        "text": "no",
        "userDefined": false
      }
    ],
    "isTemplate": false,
    "count": 2,
    "updated": 0
  },
  {
    "id": "9110e776-b6a3-4175-89ec-bd0c67b72302",
    "data": [
      {
        "text": "no no don\u0027t",
        "userDefined": false
      }
    ],
    "isTemplate": false,
    "count": 0,
    "updated": 0
  },
  {
    "id": "60b3a67d-96e8-4302-9c65-590d4f5e1a55",
    "data": [
      {
        "text": "na",
        "userDefined": false
      }
    ],
    "isTemplate": false,
    "count": 0,
    "updated": 0
  },
  {
    "id": "8530b66c-a41c-4c73-a449-c6c213235822",
    "data": [
      {
        "text": "no it isn\u0027t",
        "userDefined": false
      }
    ],
    "isTemplate": false,
    "count": 1,
    "updated": 0
  },
  {
    "id": "e05a4ee7-5c43-45a6-901e-3ecd9ea5cf7a",
    "data": [
      {
        "text": "don\u0027t",
        "userDefined": false
      }
    ],
    "isTemplate": false,
    "count": 0,
    "updated": 0
  },
  {
    "id": "d023f23b-5347-436e-9243-b2247dd6d6a5",
    "data": [
      {
        "text": "nah I\u0027m good",
        "userDefined": false
      }
    ],
    "isTemplate": false,
    "count": 1,
    "updated": 0
  },
  {
    "id": "49a84d85-02bd-411f-a518-0aea07e8fc4f",
    "data": [
      {
        "text": "no I cannot",
        "userDefined": false
      }
    ],
    "isTemplate": false,
    "count": 1,
    "updated": 0
  },
  {
    "id": "a89db203-232f-4dbc-a7b5-2e00e3af1c3b",
    "data": [
      {
        "text": "I can\u0027t",
        "userDefined": false
      }
    ],
    "isTemplate": false,
    "count": 0,
    "updated": 0
  },
  {
    "id": "b1bf426a-1d11-4a9c-8733-f21c89f1533d",
    "data": [
      {
        "text": "nothing",
        "userDefined": false
      }
    ],
    "isTemplate": false,
    "count": 0,
    "updated": 0
  },
  {
    "id": "262e4986-c1ec-4427-b6d2-7036aa1b06d6",
    "data": [
      {
        "text": "no that\u0027s okay",
        "userDefined": false
      }
    ],
    "isTemplate": false,
    "count": 0,
    "updated": 0
  },
  {
    "id": "9bb67059-be3e-4d0c-b7cd-6f5610af1984",
    "data": [
      {
        "text": "no not really",
        "userDefined": false
      }
    ],
    "isTemplate": false,
    "count": 0,
    "updated": 0
  },
  {
    "id": "e4b4b73b-240d-4e9c-af73-5d5a0904370e",
    "data": [
      {
        "text": "nope not really",
        "userDefined": false
      }
    ],
    "isTemplate": false,
    "count": 0,
    "updated": 0
  },
  {
    "id": "42325edd-3853-4b63-a61e-5a6b114725d6",
    "data": [
      {
        "text": "nope",
        "userDefined": false
      }
    ],
    "isTemplate": false,
    "count": 1,
    "updated": 0
  },
  {
    "id": "e52dd364-020f-4382-929e-ddb3968b5042",
    "data": [
      {
        "text": "thanks but not this time",
        "userDefined": false
      }
    ],
    "isTemplate": false,
    "count": 1,
    "updated": 0
  },
  {
    "id": "44c0a532-c587-44ee-b788-d02f6041a5e3",
    "data": [
      {
        "text": "I don\u0027t think so",
        "userDefined": false
      }
    ],
    "isTemplate": false,
    "count": 1,
    "updated": 0
  },
  {
    "id": "003ec72d-6f22-4680-9e58-e6c63ba44ab7",
    "data": [
      {
        "text": "I disagree",
        "userDefined": false
      }
    ],
    "isTemplate": false,
    "count": 2,
    "updated": 0
  },
  {
    "id": "7669520d-af89-426b-8030-3840205f48b9",
    "data": [
      {
        "text": "no maybe next time",
        "userDefined": false
      }
    ],
    "isTemplate": false,
    "count": 0,
    "updated": 0
  },
  {
    "id": "3b2cecc2-9921-41b2-9d2a-0f3a55bb5078",
    "data": [
      {
        "text": "not this time",
        "userDefined": false
      }
    ],
    "isTemplate": false,
    "count": 0,
    "updated": 0
  },
  {
    "id": "c60ea1e5-687e-4649-8c9c-0d98b30322ad",
    "data": [
      {
        "text": "no don\u0027t",
        "userDefined": false
      }
    ],
    "isTemplate": false,
    "count": 0,
    "updated": 0
  },
  {
    "id": "f6161e93-ec03-4c68-826c-57641aaed222",
    "data": [
      {
        "text": "no we are good",
        "userDefined": false
      }
    ],
    "isTemplate": false,
    "count": 0,
    "updated": 0
  },
  {
    "id": "a4e24dc6-daf8-4f86-9d74-18115504fbc5",
    "data": [
      {
        "text": "don\u0027t do it",
        "userDefined": false
      }
    ],
    "isTemplate": false,
    "count": 3,
    "updated": 0
  },
  {
    "id": "0b995330-2c5e-4f19-a238-48e218c80eee",
    "data": [
      {
        "text": "no that\u0027s be all",
        "userDefined": false
      }
    ],
    "isTemplate": false,
    "count": 0,
    "updated": 0
  },
  {
    "id": "6625853b-5983-4914-94eb-00396e9be710",
    "data": [
      {
        "text": "not right now",
        "userDefined": false
      }
    ],
    "isTemplate": false,
    "count": 0,
    "updated": 0
  },
  {
    "id": "699d6bd3-b5de-4038-8e54-a01940981d86",
    "data": [
      {
        "text": "nothing else thanks",
        "userDefined": false
      }
    ],
    "isTemplate": false,
    "count": 0,
    "updated": 0
  },
  {
    "id": "c66f9546-07f9-4dde-aa80-90a43856f132",
    "data": [
      {
        "text": "no thanks",
        "userDefined": false
      }
    ],
    "isTemplate": false,
    "count": 0,
    "updated": 0
  },
  {
    "id": "a6d858ac-d649-4ab0-9832-a25c093e64a2",
    "data": [
      {
        "text": "no that\u0027s ok",
        "userDefined": false
      }
    ],
    "isTemplate": false,
    "count": 1,
    "updated": 0
  },
  {
    "id": "fdf10463-78d5-444b-a5bb-23040f0e5d38",
    "data": [
      {
        "text": "I don\u0027t want that",
        "userDefined": false
      }
    ],
    "isTemplate": false,
    "count": 0,
    "updated": 0
  },
  {
    "id": "70fbd92a-c6d1-48b5-bbfc-97c61bf0c477",
    "data": [
      {
        "text": "definitely not",
        "userDefined": false
      }
    ],
    "isTemplate": false,
    "count": 3,
    "updated": 0
  },
  {
    "id": "d6f01efb-6a79-419a-b3b9-729aa942592b",
    "data": [
      {
        "text": "nothing else",
        "userDefined": false
      }
    ],
    "isTemplate": false,
    "count": 1,
    "updated": 0
  },
  {
    "id": "9ce3d2da-50cb-4408-8d3a-2e2eb6902ddc",
    "data": [
      {
        "text": "not",
        "userDefined": false
      }
    ],
    "isTemplate": false,
    "count": 0,
    "updated": 0
  },
  {
    "id": "bf6a1a15-ba9e-450d-826a-5d45458d017e",
    "data": [
      {
        "text": "not at all",
        "userDefined": false
      }
    ],
    "isTemplate": false,
    "count": 0,
    "updated": 0
  },
  {
    "id": "d3b3ee0b-d8f1-493b-9d98-5a370bac6498",
    "data": [
      {
        "text": "no never",
        "userDefined": false
      }
    ],
    "isTemplate": false,
    "count": 0,
    "updated": 0
  },
  {
    "id": "002fc6d6-307b-4a45-abd6-ce1727ea101b",
    "data": [
      {
        "text": "never",
        "userDefined": false
      }
    ],
    "isTemplate": false,
    "count": 0,
    "updated": 0
  },
  {
    "id": "722a6314-ccfe-4b22-bf14-0a29d6c78974",
    "data": [
      {
        "text": "no way no",
        "userDefined": false
      }
    ],
    "isTemplate": false,
    "count": 0,
    "updated": 0
  },
  {
    "id": "e9e51cee-d9f8-4343-aa2d-f009f018da68",
    "data": [
      {
        "text": "not really",
        "userDefined": false
      }
    ],
    "isTemplate": false,
    "count": 0,
    "updated": 0
  },
  {
    "id": "4d3e4c15-c14a-4ee5-8b03-6c739a1cfe1e",
    "data": [
      {
        "text": "nah",
        "userDefined": false
      }
    ],
    "isTemplate": false,
    "count": 2,
    "updated": 0
  },
  {
    "id": "3542891b-c519-4a62-b7ac-8564435b8739",
    "data": [
      {
        "text": "I don\u0027t",
        "userDefined": false
      }
    ],
    "isTemplate": false,
    "count": 0,
    "updated": 0
  },
  {
    "id": "692b2d86-83c1-4c18-ab27-5f6ea6eb793f",
    "data": [
      {
        "text": "I don\u0027t want",
        "userDefined": false
      }
    ],
    "isTemplate": false,
    "count": 0,
    "updated": 0
  },
  {
    "id": "17a44813-f418-4642-8242-74ec2507d5f4",
    "data": [
      {
        "text": "not ",
        "userDefined": false
      },
      {
        "text": "today",
        "meta": "@sys.ignore",
        "userDefined": false
      }
    ],
    "isTemplate": false,
    "count": 0,
    "updated": 0
  },
  {
    "id": "0a429aa4-75f0-46bd-959f-22c44babd412",
    "data": [
      {
        "text": "not interested",
        "userDefined": false
      }
    ],
    "isTemplate": false,
    "count": 0,
    "updated": 0
  },
  {
    "id": "d78fb806-2aa9-4668-87a2-d563099728e9",
    "data": [
      {
        "text": "no that\u0027s fine thank you",
        "userDefined": false
      }
    ],
    "isTemplate": false,
    "count": 0,
    "updated": 0
  },
  {
    "id": "49ea4837-7881-4a53-92ef-40188a004120",
    "data": [
      {
        "text": "I\u0027m not",
        "userDefined": false
      }
    ],
    "isTemplate": false,
    "count": 3,
    "updated": 0
  }
]