[
  {
    "id": "98328b4c-c29e-4318-a411-ee2f0a663f29",
    "data": [
      {
        "text": "none",
        "userDefined": false
      }
    ],
    "isTemplate": false,
    "count": 0,
    "updated": 0
  },
  {
    "id": "200cebeb-440a-4ae2-a7c0-455975ada3be",
    "data": [
      {
        "text": "wireless network not connecting",
        "userDefined": false
      }
    ],
    "isTemplate": false,
    "count": 1,
    "updated": 0
  },
  {
    "id": "c9161a14-e31f-49e2-968c-c2783282fb06",
    "data": [
      {
        "text": "wifi not connecting",
        "userDefined": false
      }
    ],
    "isTemplate": false,
    "count": 0,
    "updated": 0
  },
  {
    "id": "dab691a4-0c14-478f-a267-c98181e38e1f",
    "data": [
      {
        "text": "wifi but no internet access",
        "userDefined": false
      }
    ],
    "isTemplate": false,
    "count": 0,
    "updated": 0
  },
  {
    "id": "735450f4-b858-4ee3-b110-c3f955088a0b",
    "data": [
      {
        "text": "wifi no internet access",
        "userDefined": false
      }
    ],
    "isTemplate": false,
    "count": 0,
    "updated": 0
  },
  {
    "id": "20d79405-0af4-428f-a41c-8bf9ea52f8b2",
    "data": [
      {
        "text": "wireless connection but no internet",
        "userDefined": false
      }
    ],
    "isTemplate": false,
    "count": 0,
    "updated": 0
  },
  {
    "id": "32580afe-253f-40fa-baf8-ca5c2bcc2578",
    "data": [
      {
        "text": "wireless connection with no internet",
        "userDefined": false
      }
    ],
    "isTemplate": false,
    "count": 0,
    "updated": 0
  },
  {
    "id": "615882fa-2453-4113-9747-3ddcdd31682f",
    "data": [
      {
        "text": "wifi connected no internet",
        "userDefined": false
      }
    ],
    "isTemplate": false,
    "count": 0,
    "updated": 0
  },
  {
    "id": "7e57b09b-b6cc-4e19-84c0-eb0ba08ccb1e",
    "data": [
      {
        "text": "internet is gone",
        "userDefined": false
      }
    ],
    "isTemplate": false,
    "count": 0,
    "updated": 0
  },
  {
    "id": "42a955fc-1297-42d8-9de0-cd94aed3f4d1",
    "data": [
      {
        "text": "internet connection is gone",
        "userDefined": false
      }
    ],
    "isTemplate": false,
    "count": 0,
    "updated": 0
  },
  {
    "id": "edb65b1d-b844-4169-9e49-3c595f8cd188",
    "data": [
      {
        "text": "wireless connection is gone",
        "userDefined": false
      }
    ],
    "isTemplate": false,
    "count": 0,
    "updated": 0
  },
  {
    "id": "2fb172bd-74fd-4928-a8c5-dc919152c785",
    "data": [
      {
        "text": "wifi is gone",
        "userDefined": false
      }
    ],
    "isTemplate": false,
    "count": 0,
    "updated": 0
  },
  {
    "id": "ce1cb744-908d-42e6-be5a-ece15be69a81",
    "data": [
      {
        "text": "i have no wireless internet connection",
        "userDefined": false
      }
    ],
    "isTemplate": false,
    "count": 0,
    "updated": 0
  },
  {
    "id": "fb5af0e1-1879-44d7-997a-c7d3f2dfd52c",
    "data": [
      {
        "text": "i have no wireless connection",
        "userDefined": false
      }
    ],
    "isTemplate": false,
    "count": 0,
    "updated": 0
  },
  {
    "id": "607454b8-1097-4ce4-b65d-05a02b28ee87",
    "data": [
      {
        "text": "i have no wifi",
        "userDefined": false
      }
    ],
    "isTemplate": false,
    "count": 0,
    "updated": 0
  },
  {
    "id": "53d4e16c-5ce9-48d0-93f8-72accd8ee895",
    "data": [
      {
        "text": "i have no internet",
        "userDefined": false
      }
    ],
    "isTemplate": false,
    "count": 0,
    "updated": 0
  },
  {
    "id": "0c8b5a32-9267-4145-85fe-ca61a2e8761d",
    "data": [
      {
        "text": "no internet connection detected",
        "userDefined": false
      }
    ],
    "isTemplate": false,
    "count": 0,
    "updated": 0
  },
  {
    "id": "ad814128-e70f-47e7-aef4-8fc736269ef0",
    "data": [
      {
        "text": "no internet access wifi",
        "userDefined": false
      }
    ],
    "isTemplate": false,
    "count": 0,
    "updated": 0
  },
  {
    "id": "704ec0c2-f2c9-43e9-902e-0b1b267337ce",
    "data": [
      {
        "text": "no internet access",
        "userDefined": false
      }
    ],
    "isTemplate": false,
    "count": 0,
    "updated": 0
  },
  {
    "id": "1516135c-ccf5-48df-80cf-f78a8737e5f4",
    "data": [
      {
        "text": "no internet connection",
        "userDefined": false
      }
    ],
    "isTemplate": false,
    "count": 0,
    "updated": 0
  },
  {
    "id": "2762e504-9692-4dbb-942f-c0c7d7ee3b66",
    "data": [
      {
        "text": "no wireless internet connection",
        "userDefined": false
      }
    ],
    "isTemplate": false,
    "count": 0,
    "updated": 0
  },
  {
    "id": "468aec56-2a62-4ccc-a9ad-b246324c68d5",
    "data": [
      {
        "text": "no wireless connection",
        "userDefined": false
      }
    ],
    "isTemplate": false,
    "count": 0,
    "updated": 0
  },
  {
    "id": "2c3525ad-431b-4fe1-9517-afd93aa04a38",
    "data": [
      {
        "text": "no wireless access",
        "userDefined": false
      }
    ],
    "isTemplate": false,
    "count": 0,
    "updated": 0
  },
  {
    "id": "ebb5c19c-14d8-48e2-84a9-b0f557f7f60d",
    "data": [
      {
        "text": "no wireless",
        "userDefined": false
      }
    ],
    "isTemplate": false,
    "count": 1,
    "updated": 0
  },
  {
    "id": "2575c33e-2f9d-4915-ae01-6242e1774cde",
    "data": [
      {
        "text": "no wireless network",
        "userDefined": false
      }
    ],
    "isTemplate": false,
    "count": 0,
    "updated": 0
  },
  {
    "id": "aacc2560-2aef-4117-aebd-db7ceeb713a0",
    "data": [
      {
        "text": "no wifi",
        "userDefined": false
      }
    ],
    "isTemplate": false,
    "count": 0,
    "updated": 0
  },
  {
    "id": "09c45cd0-f467-4f26-94de-c9b68c9914f7",
    "data": [
      {
        "text": "no wifi signal",
        "userDefined": false
      }
    ],
    "isTemplate": false,
    "count": 0,
    "updated": 0
  },
  {
    "id": "172910ba-ab05-48b3-98b2-7c5b9514394c",
    "data": [
      {
        "text": "no wifi access",
        "userDefined": false
      }
    ],
    "isTemplate": false,
    "count": 0,
    "updated": 0
  },
  {
    "id": "c169c30c-c176-44b1-914a-510952f1a244",
    "data": [
      {
        "text": "Cannot get a signal",
        "userDefined": false
      }
    ],
    "isTemplate": false,
    "count": 0,
    "updated": 0
  },
  {
    "id": "f9845987-5349-4bdd-90d5-d17360144f04",
    "data": [
      {
        "text": "There is not any wireless access",
        "userDefined": false
      }
    ],
    "isTemplate": false,
    "count": 0,
    "updated": 0
  },
  {
    "id": "586e44b4-c251-49f4-ac81-d5659105d03a",
    "data": [
      {
        "text": "never can get wireless access",
        "userDefined": false
      }
    ],
    "isTemplate": false,
    "count": 0,
    "updated": 0
  },
  {
    "id": "c370c1ca-6853-4624-be56-4dcec0d9d1e0",
    "data": [
      {
        "text": "by no means can I get online access",
        "userDefined": false
      }
    ],
    "isTemplate": false,
    "count": 0,
    "updated": 0
  },
  {
    "id": "5d657330-32b0-41cb-9293-9a8f59a50bc6",
    "data": [
      {
        "text": "nix on surfing the net",
        "userDefined": false
      }
    ],
    "isTemplate": false,
    "count": 0,
    "updated": 0
  },
  {
    "id": "435f3e7d-03c1-47e0-bd70-02d09994e801",
    "data": [
      {
        "text": "no Wi-Fi",
        "userDefined": false
      }
    ],
    "isTemplate": false,
    "count": 0,
    "updated": 0
  },
  {
    "id": "8651559c-2cac-4591-9e52-a8e2d682f258",
    "data": [
      {
        "text": "not by any means is there a world network",
        "userDefined": false
      }
    ],
    "isTemplate": false,
    "count": 0,
    "updated": 0
  },
  {
    "id": "e5968657-3308-4fe6-a993-5226745dab40",
    "data": [
      {
        "text": "no world-wide web",
        "userDefined": false
      }
    ],
    "isTemplate": false,
    "count": 0,
    "updated": 0
  },
  {
    "id": "07666ecc-29fb-41eb-888e-16fd42bf8254",
    "data": [
      {
        "text": "no online connection",
        "userDefined": false
      }
    ],
    "isTemplate": false,
    "count": 0,
    "updated": 0
  },
  {
    "id": "0b88992e-b739-46d4-8ced-59c91b18fa8c",
    "data": [
      {
        "text": "no network",
        "userDefined": false
      }
    ],
    "isTemplate": false,
    "count": 0,
    "updated": 0
  },
  {
    "id": "73efa289-dde6-4202-8d3a-440613b84fa4",
    "data": [
      {
        "text": "no network connection",
        "userDefined": false
      }
    ],
    "isTemplate": false,
    "count": 0,
    "updated": 0
  },
  {
    "id": "551ca075-adec-4e9b-9819-733a1a714cab",
    "data": [
      {
        "text": "never is a internet connection",
        "userDefined": false
      }
    ],
    "isTemplate": false,
    "count": 0,
    "updated": 0
  },
  {
    "id": "5d966a72-6a43-4dec-bd6f-6074f05ccdb5",
    "data": [
      {
        "text": "There is not an internet connection",
        "userDefined": false
      }
    ],
    "isTemplate": false,
    "count": 0,
    "updated": 0
  },
  {
    "id": "18f2c5c5-28a3-4628-b19e-b966ceb2200b",
    "data": [
      {
        "text": "no connection",
        "userDefined": false
      }
    ],
    "isTemplate": false,
    "count": 1,
    "updated": 0
  },
  {
    "id": "38671fe7-58e1-4973-b0db-0e92c7bb83f1",
    "data": [
      {
        "text": "no internet",
        "userDefined": false
      }
    ],
    "isTemplate": false,
    "count": 0,
    "updated": 0
  }
]