[
  {
    "id": "72033870-6b79-4439-a40f-e05156b8ad2a",
    "data": [
      {
        "text": "the wireless speed is slow on my computer",
        "userDefined": false
      }
    ],
    "isTemplate": false,
    "count": 0,
    "updated": 0
  },
  {
    "id": "d4c40861-0f70-4782-b759-0a734707747e",
    "data": [
      {
        "text": "the wireless speed is slow on the computer",
        "userDefined": false
      }
    ],
    "isTemplate": false,
    "count": 0,
    "updated": 0
  },
  {
    "id": "4a9eaf08-2c8b-4f8f-a0d5-ac804c5bc7e5",
    "data": [
      {
        "text": "slow wireless speed on computer",
        "userDefined": false
      }
    ],
    "isTemplate": false,
    "count": 0,
    "updated": 0
  },
  {
    "id": "a707fa41-950f-40e7-9e54-74e622dc6b3d",
    "data": [
      {
        "text": "the wireless speed is slow on pc",
        "userDefined": false
      }
    ],
    "isTemplate": false,
    "count": 0,
    "updated": 0
  },
  {
    "id": "563cf1f6-d7cd-4976-b9c7-b55fe93992a0",
    "data": [
      {
        "text": "the wireless speed is slow on laptop",
        "userDefined": false
      }
    ],
    "isTemplate": false,
    "count": 0,
    "updated": 0
  },
  {
    "id": "390ddb53-45a3-4a9c-a5d3-af9660e8fbd8",
    "data": [
      {
        "text": "the wireless speed is slow",
        "userDefined": false
      }
    ],
    "isTemplate": false,
    "count": 0,
    "updated": 0
  },
  {
    "id": "f9154ded-0609-4c7e-b5b9-2df49f6e3f6b",
    "data": [
      {
        "text": "slow wireless speed on pc",
        "userDefined": false
      }
    ],
    "isTemplate": false,
    "count": 0,
    "updated": 0
  },
  {
    "id": "71851f91-9af5-4775-8891-90c78f52a36a",
    "data": [
      {
        "text": "slow wireless speed on laptop",
        "userDefined": false
      }
    ],
    "isTemplate": false,
    "count": 0,
    "updated": 0
  },
  {
    "id": "cddabbbc-0e72-47de-9058-ac1630f1dffc",
    "data": [
      {
        "text": "slow wireless download speed",
        "userDefined": false
      }
    ],
    "isTemplate": false,
    "count": 0,
    "updated": 0
  },
  {
    "id": "23d2618a-500c-496f-a7eb-36a434d456dd",
    "data": [
      {
        "text": "slow wireless connection",
        "userDefined": false
      }
    ],
    "isTemplate": false,
    "count": 0,
    "updated": 0
  },
  {
    "id": "088e3620-97bc-440d-a4a9-f4983cdd7e6e",
    "data": [
      {
        "text": "slow wireless speed",
        "userDefined": false
      }
    ],
    "isTemplate": false,
    "count": 0,
    "updated": 0
  },
  {
    "id": "d47c2533-da95-464f-9422-ba76318d7000",
    "data": [
      {
        "text": "slow wifi connection",
        "userDefined": false
      }
    ],
    "isTemplate": false,
    "count": 0,
    "updated": 0
  },
  {
    "id": "471164c5-bde5-42b1-84e8-a24d68c9fc7d",
    "data": [
      {
        "text": "slow wireless access fix",
        "userDefined": false
      }
    ],
    "isTemplate": false,
    "count": 0,
    "updated": 0
  },
  {
    "id": "888e0902-b7fd-45c8-afad-439941d385b1",
    "data": [
      {
        "text": "slow wireless network fix",
        "userDefined": false
      }
    ],
    "isTemplate": false,
    "count": 0,
    "updated": 0
  },
  {
    "id": "519ede94-5cee-4e56-8cae-df9683f94431",
    "data": [
      {
        "text": "slow wireless network solution",
        "userDefined": false
      }
    ],
    "isTemplate": false,
    "count": 0,
    "updated": 0
  },
  {
    "id": "6a2b3c8f-d0e3-4b04-90e8-55040c1531dc",
    "data": [
      {
        "text": "slow wireless access solution",
        "userDefined": false
      }
    ],
    "isTemplate": false,
    "count": 0,
    "updated": 0
  },
  {
    "id": "63b09b38-4083-4fbf-9bd9-f4541460ab54",
    "data": [
      {
        "text": "slow wifi solution",
        "userDefined": false
      }
    ],
    "isTemplate": false,
    "count": 0,
    "updated": 0
  },
  {
    "id": "3ba37b06-970c-418e-a406-4f995f246ae6",
    "data": [
      {
        "text": "slow internet connection solution",
        "userDefined": false
      }
    ],
    "isTemplate": false,
    "count": 0,
    "updated": 0
  },
  {
    "id": "5643a6ca-7c1e-4374-b76d-1cbf60366871",
    "data": [
      {
        "text": "slow internet connection fix",
        "userDefined": false
      }
    ],
    "isTemplate": false,
    "count": 0,
    "updated": 0
  },
  {
    "id": "34e804e5-5165-474a-a129-f62ee1ae9d21",
    "data": [
      {
        "text": "slow wifi fix",
        "userDefined": false
      }
    ],
    "isTemplate": false,
    "count": 0,
    "updated": 0
  },
  {
    "id": "6466df91-1dab-44ad-a152-ed240568b1e4",
    "data": [
      {
        "text": "slow wifi on computer",
        "userDefined": false
      }
    ],
    "isTemplate": false,
    "count": 0,
    "updated": 0
  },
  {
    "id": "cf71ac9c-5dce-48f4-935e-79edc4238e9e",
    "data": [
      {
        "text": "slow wifi on pc",
        "userDefined": false
      }
    ],
    "isTemplate": false,
    "count": 0,
    "updated": 0
  },
  {
    "id": "8f2402f6-27ee-4261-98fe-67733d5b0843",
    "data": [
      {
        "text": "slow wifi on laptop",
        "userDefined": false
      }
    ],
    "isTemplate": false,
    "count": 0,
    "updated": 0
  },
  {
    "id": "b2e15c9b-942b-46a8-a04a-43472d1a3507",
    "data": [
      {
        "text": "slow wifi at home",
        "userDefined": false
      }
    ],
    "isTemplate": false,
    "count": 0,
    "updated": 0
  },
  {
    "id": "e7d8bef2-69e4-4442-b858-1229086b179b",
    "data": [
      {
        "text": "slow wifi speed",
        "userDefined": false
      }
    ],
    "isTemplate": false,
    "count": 1,
    "updated": 0
  },
  {
    "id": "bb301dc2-df31-42cc-97fe-a86c2e72abf7",
    "data": [
      {
        "text": "slow internet ",
        "userDefined": false
      },
      {
        "text": "today",
        "meta": "@sys.ignore",
        "userDefined": false
      }
    ],
    "isTemplate": false,
    "count": 1,
    "updated": 0
  },
  {
    "id": "347d935d-5a47-4050-a9e6-8ff7e24f3272",
    "data": [
      {
        "text": "slow internet speed",
        "userDefined": false
      }
    ],
    "isTemplate": false,
    "count": 0,
    "updated": 0
  },
  {
    "id": "e1500db0-3fb1-4c01-baf3-2cdac18b423b",
    "data": [
      {
        "text": "slow internet access",
        "userDefined": false
      }
    ],
    "isTemplate": false,
    "count": 0,
    "updated": 0
  },
  {
    "id": "72bbfc43-d03d-4e5e-bd04-5d873562c25d",
    "data": [
      {
        "text": "slow internet connection",
        "userDefined": false
      }
    ],
    "isTemplate": false,
    "count": 0,
    "updated": 0
  },
  {
    "id": "3dc52f3c-8647-4dd9-a3a9-b4596f0a9685",
    "data": [
      {
        "text": "the internet connection is slow",
        "userDefined": false
      }
    ],
    "isTemplate": false,
    "count": 0,
    "updated": 0
  },
  {
    "id": "39992681-7940-4e1d-b2e6-64b3a7340e4e",
    "data": [
      {
        "text": "the internet is slow",
        "userDefined": false
      }
    ],
    "isTemplate": false,
    "count": 0,
    "updated": 0
  },
  {
    "id": "42179707-3ecf-4c0a-ac31-521542bd759e",
    "data": [
      {
        "text": "my internet is slow",
        "userDefined": false
      }
    ],
    "isTemplate": false,
    "count": 1,
    "updated": 0
  },
  {
    "id": "01ac452e-e7a5-4738-be2f-6de7a8e5bf42",
    "data": [
      {
        "text": "my wifi is slow",
        "userDefined": false
      }
    ],
    "isTemplate": false,
    "count": 0,
    "updated": 0
  },
  {
    "id": "a706e62b-b046-4d0f-a9d9-5c5f5e2b9d7c",
    "data": [
      {
        "text": "my wireless network is slow",
        "userDefined": false
      }
    ],
    "isTemplate": false,
    "count": 0,
    "updated": 0
  },
  {
    "id": "66857027-bd54-4a34-9666-dbf7cb5a7fcb",
    "data": [
      {
        "text": "the wireless is slow",
        "userDefined": false
      }
    ],
    "isTemplate": false,
    "count": 0,
    "updated": 0
  },
  {
    "id": "ee3fe1bb-edc9-48a8-9526-c6ef0f74c8d7",
    "data": [
      {
        "text": "the wireless network is slow",
        "userDefined": false
      }
    ],
    "isTemplate": false,
    "count": 0,
    "updated": 0
  },
  {
    "id": "b2fe9367-0b47-4425-9130-8c726612ac20",
    "data": [
      {
        "text": "the wifi is slow",
        "userDefined": false
      }
    ],
    "isTemplate": false,
    "count": 0,
    "updated": 0
  },
  {
    "id": "b7b3c581-b6c9-4c9f-91df-e02f3ef23983",
    "data": [
      {
        "text": "i have slow wireless internet",
        "userDefined": false
      }
    ],
    "isTemplate": false,
    "count": 0,
    "updated": 0
  },
  {
    "id": "633d815b-e8a4-4fa9-b8e5-97699691f427",
    "data": [
      {
        "text": "i have slow wireless access",
        "userDefined": false
      }
    ],
    "isTemplate": false,
    "count": 0,
    "updated": 0
  },
  {
    "id": "62e5a3ee-e21b-4b5b-b504-acaec2a92dbb",
    "data": [
      {
        "text": "i have slow wireless",
        "userDefined": false
      }
    ],
    "isTemplate": false,
    "count": 0,
    "updated": 0
  },
  {
    "id": "19e95070-d0cd-41ce-8413-f7ae5b7d090f",
    "data": [
      {
        "text": "i have slow internet",
        "userDefined": false
      }
    ],
    "isTemplate": false,
    "count": 0,
    "updated": 0
  },
  {
    "id": "ea66c679-17d7-407a-bfb9-4427be373776",
    "data": [
      {
        "text": "i have slow wifi",
        "userDefined": false
      }
    ],
    "isTemplate": false,
    "count": 0,
    "updated": 0
  },
  {
    "id": "28cfb949-3d4d-418e-b0a4-fdfe88f1df71",
    "data": [
      {
        "text": "internet is slow ",
        "userDefined": false
      },
      {
        "text": "today",
        "meta": "@sys.ignore",
        "userDefined": false
      }
    ],
    "isTemplate": false,
    "count": 0,
    "updated": 0
  },
  {
    "id": "0b7e95d2-9ed1-49ea-a6f0-e38b5a236b4f",
    "data": [
      {
        "text": "internet is slower",
        "userDefined": false
      }
    ],
    "isTemplate": false,
    "count": 0,
    "updated": 0
  },
  {
    "id": "eaff5955-9749-43b1-85b3-a5f90f79763c",
    "data": [
      {
        "text": "internet is slowing down",
        "userDefined": false
      }
    ],
    "isTemplate": false,
    "count": 0,
    "updated": 0
  },
  {
    "id": "8d66c185-ca79-49d9-af73-a846277ad0c3",
    "data": [
      {
        "text": "internet is slow on",
        "userDefined": false
      }
    ],
    "isTemplate": false,
    "count": 0,
    "updated": 0
  },
  {
    "id": "560b8813-e7d2-4967-933e-37d52aa873fa",
    "data": [
      {
        "text": "internet is slow",
        "userDefined": false
      }
    ],
    "isTemplate": false,
    "count": 0,
    "updated": 0
  },
  {
    "id": "219f9fad-8c86-4d11-be49-0acd8a870538",
    "data": [
      {
        "text": "speed is diminishing on my wireless network",
        "userDefined": false
      }
    ],
    "isTemplate": false,
    "count": 0,
    "updated": 0
  },
  {
    "id": "f2bec361-f9b7-4003-a912-0bb8da455263",
    "data": [
      {
        "text": "decrease in speed of my Wi-Fi",
        "userDefined": false
      }
    ],
    "isTemplate": false,
    "count": 0,
    "updated": 0
  },
  {
    "id": "fdd01d9c-39f9-4b69-8e97-67d22bd0213e",
    "data": [
      {
        "text": "the internet access speed has reduced",
        "userDefined": false
      }
    ],
    "isTemplate": false,
    "count": 0,
    "updated": 0
  },
  {
    "id": "7402ad91-3bec-439e-a1fc-6919c5ceff3d",
    "data": [
      {
        "text": "low speed online connection",
        "userDefined": false
      }
    ],
    "isTemplate": false,
    "count": 0,
    "updated": 0
  },
  {
    "id": "6f7cad92-7075-479e-8a93-fda4825836e7",
    "data": [
      {
        "text": "the net speed is creeping",
        "userDefined": false
      }
    ],
    "isTemplate": false,
    "count": 0,
    "updated": 0
  },
  {
    "id": "aaf64eb7-20f3-42f5-92ab-8cb66bc546d6",
    "data": [
      {
        "text": "my network is delaying",
        "userDefined": false
      }
    ],
    "isTemplate": false,
    "count": 0,
    "updated": 0
  },
  {
    "id": "f4cf1e9a-6403-494c-ae39-633982486f0b",
    "data": [
      {
        "text": "The speed of my internet is crawling",
        "userDefined": false
      }
    ],
    "isTemplate": false,
    "count": 0,
    "updated": 0
  },
  {
    "id": "7dd89834-e209-4753-9634-d836f84150fd",
    "data": [
      {
        "text": "dropping internet connection",
        "userDefined": false
      }
    ],
    "isTemplate": false,
    "count": 0,
    "updated": 0
  },
  {
    "id": "b8d54604-1131-4d90-840a-1c003a3b4890",
    "data": [
      {
        "text": "decreased internet speed",
        "userDefined": false
      }
    ],
    "isTemplate": false,
    "count": 0,
    "updated": 0
  },
  {
    "id": "13f29033-fc23-484f-9082-df304dcf78e3",
    "data": [
      {
        "text": "laggy internet",
        "userDefined": false
      }
    ],
    "isTemplate": false,
    "count": 1,
    "updated": 0
  },
  {
    "id": "7c30527d-2940-440b-9556-c7c84089812c",
    "data": [
      {
        "text": "slow connection on",
        "userDefined": false
      }
    ],
    "isTemplate": false,
    "count": 0,
    "updated": 0
  },
  {
    "id": "ae0b4602-5357-42e5-bc79-b20cdeac1ca5",
    "data": [
      {
        "text": "slow internet acme",
        "userDefined": false
      }
    ],
    "isTemplate": false,
    "count": 2,
    "updated": 0
  },
  {
    "id": "f5439828-1772-444d-b094-a4f1130ceef5",
    "data": [
      {
        "text": "the internet is laggy",
        "userDefined": false
      }
    ],
    "isTemplate": false,
    "count": 0,
    "updated": 0
  },
  {
    "id": "2d5f973a-bcae-4f6a-9f8f-a373c2e32855",
    "data": [
      {
        "text": "my internet is laggy",
        "userDefined": false
      }
    ],
    "isTemplate": false,
    "count": 0,
    "updated": 0
  },
  {
    "id": "a9c979b4-7d76-45a3-8d5e-e298f9bef2e4",
    "data": [
      {
        "text": "my internet is lagging",
        "userDefined": false
      }
    ],
    "isTemplate": false,
    "count": 0,
    "updated": 0
  },
  {
    "id": "7850e0ba-27e7-4257-ad3a-44d571783066",
    "data": [
      {
        "text": "the internet is lagging",
        "userDefined": false
      }
    ],
    "isTemplate": false,
    "count": 0,
    "updated": 0
  },
  {
    "id": "b8ad5b94-1095-42fb-b654-0a91571703a1",
    "data": [
      {
        "text": "the internet speed is slow",
        "userDefined": false
      }
    ],
    "isTemplate": false,
    "count": 1,
    "updated": 0
  },
  {
    "id": "a67c1243-ff19-46de-9c56-7c5635ede1e3",
    "data": [
      {
        "text": "my internet speeds are slow",
        "userDefined": false
      }
    ],
    "isTemplate": false,
    "count": 1,
    "updated": 0
  },
  {
    "id": "305a0aed-febd-4c48-a816-631ce11a6a1b",
    "data": [
      {
        "text": "slow connection",
        "userDefined": false
      }
    ],
    "isTemplate": false,
    "count": 0,
    "updated": 0
  },
  {
    "id": "b598fb5b-fc27-463a-9e02-673055e3b979",
    "data": [
      {
        "text": "slow internet",
        "userDefined": false
      }
    ],
    "isTemplate": false,
    "count": 1,
    "updated": 0
  },
  {
    "id": "512fd1a9-f57b-4370-b971-3def33d4c616",
    "data": [
      {
        "text": "lagging internet connection",
        "userDefined": false
      }
    ],
    "isTemplate": false,
    "count": 0,
    "updated": 0
  },
  {
    "id": "6f18dbd4-5f46-4e7c-b4e6-7718eb32b4ac",
    "data": [
      {
        "text": "sluggish Wi-Fi",
        "userDefined": false
      }
    ],
    "isTemplate": false,
    "count": 0,
    "updated": 0
  },
  {
    "id": "a1c35d0f-296d-436e-b511-64f4ebb7b3f1",
    "data": [
      {
        "text": "slow wireless",
        "userDefined": false
      }
    ],
    "isTemplate": false,
    "count": 0,
    "updated": 0
  },
  {
    "id": "ff52d569-0911-4904-9ddc-e922223b617f",
    "data": [
      {
        "text": "slow wireless access",
        "userDefined": false
      }
    ],
    "isTemplate": false,
    "count": 0,
    "updated": 0
  }
]