[
  {
    "id": "c43f5af0-480e-40db-bd53-8ef9c93d5ccb",
    "data": [
      {
        "text": "they are in one room",
        "userDefined": false
      }
    ],
    "isTemplate": false,
    "count": 0,
    "updated": 0
  },
  {
    "id": "569ffb46-3561-41bc-b483-5441aae6ab3d",
    "data": [
      {
        "text": "both share one room",
        "userDefined": false
      }
    ],
    "isTemplate": false,
    "count": 0,
    "updated": 0
  },
  {
    "id": "61982392-0b7b-4dae-8031-2b4c7271d034",
    "data": [
      {
        "text": "both devices are in one room",
        "userDefined": false
      }
    ],
    "isTemplate": false,
    "count": 0,
    "updated": 0
  },
  {
    "id": "f3687f7c-445d-4a35-8ca1-a2dc4f269d14",
    "data": [
      {
        "text": "i keep both in one room",
        "userDefined": false
      }
    ],
    "isTemplate": false,
    "count": 0,
    "updated": 0
  },
  {
    "id": "082b6513-243f-4670-86ed-37079653f5b0",
    "data": [
      {
        "text": "both router and device are in the same room",
        "userDefined": false
      }
    ],
    "isTemplate": false,
    "count": 0,
    "updated": 0
  },
  {
    "id": "f82df3c0-4eb1-4e74-9d07-e22078208f5e",
    "data": [
      {
        "text": "both devices are in the same room",
        "userDefined": false
      }
    ],
    "isTemplate": false,
    "count": 0,
    "updated": 0
  },
  {
    "id": "327db01e-57d7-4c92-9908-29ceab624846",
    "data": [
      {
        "text": "both share the same room",
        "userDefined": false
      }
    ],
    "isTemplate": false,
    "count": 0,
    "updated": 0
  },
  {
    "id": "b3d8c4a3-12e8-43ed-9ad7-a7f1273525fb",
    "data": [
      {
        "text": "both are in the same room",
        "userDefined": false
      }
    ],
    "isTemplate": false,
    "count": 0,
    "updated": 0
  },
  {
    "id": "e8f685b7-2477-439b-80f4-6f611dd30182",
    "data": [
      {
        "text": "both are together",
        "userDefined": false
      }
    ],
    "isTemplate": false,
    "count": 0,
    "updated": 0
  },
  {
    "id": "14eb91b3-e2e6-49fd-803d-81298276e742",
    "data": [
      {
        "text": "they are in the same area",
        "userDefined": false
      }
    ],
    "isTemplate": false,
    "count": 0,
    "updated": 0
  },
  {
    "id": "320e5747-fb04-4051-a0ce-a89839242d65",
    "data": [
      {
        "text": "they are in the same room",
        "userDefined": false
      }
    ],
    "isTemplate": false,
    "count": 0,
    "updated": 0
  },
  {
    "id": "0cf033cf-165d-43aa-88b9-c75702070439",
    "data": [
      {
        "text": "desktop is nearby the router",
        "userDefined": false
      }
    ],
    "isTemplate": false,
    "count": 0,
    "updated": 0
  },
  {
    "id": "4d61c936-2667-4860-973e-40ed5d906ed2",
    "data": [
      {
        "text": "laptop is close to router",
        "userDefined": false
      }
    ],
    "isTemplate": false,
    "count": 0,
    "updated": 0
  },
  {
    "id": "1bb103dd-b1d4-4b6b-930e-c1ab821882b4",
    "data": [
      {
        "text": "PC is near the router",
        "userDefined": false
      }
    ],
    "isTemplate": false,
    "count": 0,
    "updated": 0
  },
  {
    "id": "95f258de-a43b-4390-ab47-2787ac2bfa4c",
    "data": [
      {
        "text": "yes the desktop computer is on the other side of the room",
        "userDefined": false
      }
    ],
    "isTemplate": false,
    "count": 0,
    "updated": 0
  },
  {
    "id": "13849994-8a8b-4f92-9f7e-28a4e8bc5490",
    "data": [
      {
        "text": "yeah the PC is over the router",
        "userDefined": false
      }
    ],
    "isTemplate": false,
    "count": 0,
    "updated": 0
  },
  {
    "id": "4e94b5f4-419b-4e23-8af5-6607ab8c1a79",
    "data": [
      {
        "text": "absolutely the windows computer is within reach of router",
        "userDefined": false
      }
    ],
    "isTemplate": false,
    "count": 0,
    "updated": 0
  },
  {
    "id": "0d34af61-887d-4af6-a94a-b3e2888b27f1",
    "data": [
      {
        "text": "totally, the dell is close by the router",
        "userDefined": false
      }
    ],
    "isTemplate": false,
    "count": 0,
    "updated": 0
  },
  {
    "id": "e2401877-e399-4600-9841-e75191a305b2",
    "data": [
      {
        "text": "of course router and macbook pro are inches from each other",
        "userDefined": false
      }
    ],
    "isTemplate": false,
    "count": 0,
    "updated": 0
  },
  {
    "id": "9b155cce-3406-4dd4-9a56-096250a27a20",
    "data": [
      {
        "text": "yep the mac mini just a foot from the router",
        "userDefined": false
      }
    ],
    "isTemplate": false,
    "count": 0,
    "updated": 0
  },
  {
    "id": "198181a8-d1f2-4db8-8fbb-efd3a41b83e4",
    "data": [
      {
        "text": "yes the router and phone are not far from each other",
        "userDefined": false
      }
    ],
    "isTemplate": false,
    "count": 0,
    "updated": 0
  },
  {
    "id": "e8150319-af28-42a9-8e8c-d075f1353134",
    "data": [
      {
        "text": "the router and notebook are in one room",
        "userDefined": false
      }
    ],
    "isTemplate": false,
    "count": 0,
    "updated": 0
  },
  {
    "id": "1546ffa5-85f5-4e88-a93d-78a0dcab6970",
    "data": [
      {
        "text": "yea both laptop and router are near ",
        "userDefined": false
      },
      {
        "text": "one",
        "meta": "@sys.ignore",
        "userDefined": false
      },
      {
        "text": " another",
        "userDefined": false
      }
    ],
    "isTemplate": false,
    "count": 0,
    "updated": 0
  },
  {
    "id": "9bdcd5bc-7f01-4968-a282-5a29fbe5fec4",
    "data": [
      {
        "text": "yes the computer and router are close to each other",
        "userDefined": false
      }
    ],
    "isTemplate": false,
    "count": 0,
    "updated": 0
  },
  {
    "id": "272f5e62-806a-4b3d-b94f-57bbe4638fd7",
    "data": [
      {
        "text": "yes both devices are in the same room",
        "userDefined": false
      }
    ],
    "isTemplate": false,
    "count": 0,
    "updated": 0
  },
  {
    "id": "3ab8f02b-e64f-4641-922c-c13bb550664a",
    "data": [
      {
        "text": "yes",
        "userDefined": false
      }
    ],
    "isTemplate": false,
    "count": 1,
    "updated": 0
  },
  {
    "id": "34f0a9e3-8dbd-40f4-b844-d6abb6436ce7",
    "data": [
      {
        "text": "okay I will",
        "userDefined": false
      }
    ],
    "isTemplate": false,
    "count": 2,
    "updated": 0
  },
  {
    "id": "6699fc2c-82b5-4617-99ef-b0732d9eff89",
    "data": [
      {
        "text": "why not",
        "userDefined": false
      }
    ],
    "isTemplate": false,
    "count": 0,
    "updated": 0
  },
  {
    "id": "4acd448a-56f7-45b4-824a-9e02e1991050",
    "data": [
      {
        "text": "yes that\u0027s alright",
        "userDefined": false
      }
    ],
    "isTemplate": false,
    "count": 0,
    "updated": 0
  },
  {
    "id": "e50ff339-be34-4395-8475-25364fd3cce3",
    "data": [
      {
        "text": "yes I do",
        "userDefined": false
      }
    ],
    "isTemplate": false,
    "count": 0,
    "updated": 0
  },
  {
    "id": "e108ceb0-33c9-4ccc-ab76-73b87a0ef434",
    "data": [
      {
        "text": "exactly",
        "userDefined": false
      }
    ],
    "isTemplate": false,
    "count": 1,
    "updated": 0
  },
  {
    "id": "3affa033-05b7-4a3b-a453-f5528ebd61fb",
    "data": [
      {
        "text": "of course",
        "userDefined": false
      }
    ],
    "isTemplate": false,
    "count": 0,
    "updated": 0
  },
  {
    "id": "6928130e-b2d3-42d9-abf6-8013b5260d28",
    "data": [
      {
        "text": "yep that\u0027s ok",
        "userDefined": false
      }
    ],
    "isTemplate": false,
    "count": 0,
    "updated": 0
  },
  {
    "id": "81615091-c8b1-45ad-8f0c-3f39bba9cd8f",
    "data": [
      {
        "text": "okay",
        "userDefined": false
      }
    ],
    "isTemplate": false,
    "count": 1,
    "updated": 0
  },
  {
    "id": "5a03e1a7-8187-4859-8ca4-adf5bb4b7374",
    "data": [
      {
        "text": "ok",
        "userDefined": false
      }
    ],
    "isTemplate": false,
    "count": 1,
    "updated": 0
  },
  {
    "id": "d0c513f9-d90c-45a6-ad11-274300e3db06",
    "data": [
      {
        "text": "for sure",
        "userDefined": false
      }
    ],
    "isTemplate": false,
    "count": 0,
    "updated": 0
  },
  {
    "id": "b658293e-9489-4a4f-8ff9-a025c4787679",
    "data": [
      {
        "text": "sg",
        "userDefined": false
      }
    ],
    "isTemplate": false,
    "count": 0,
    "updated": 0
  },
  {
    "id": "d621f13a-120b-4052-840d-029273e8baa1",
    "data": [
      {
        "text": "yes that\u0027t ok",
        "userDefined": false
      }
    ],
    "isTemplate": false,
    "count": 0,
    "updated": 0
  },
  {
    "id": "81d51595-fcb5-4fe1-b7da-775f833aa3ed",
    "data": [
      {
        "text": "I agree",
        "userDefined": false
      }
    ],
    "isTemplate": false,
    "count": 2,
    "updated": 0
  },
  {
    "id": "ca2bb85c-9129-4c3f-8656-0fd7da9a140e",
    "data": [
      {
        "text": "yes you can do it",
        "userDefined": false
      }
    ],
    "isTemplate": false,
    "count": 0,
    "updated": 0
  },
  {
    "id": "4a6a8607-fd08-47d0-8109-93d599788c1b",
    "data": [
      {
        "text": "I don\u0027t mind",
        "userDefined": false
      }
    ],
    "isTemplate": false,
    "count": 3,
    "updated": 0
  },
  {
    "id": "4faead04-ad4e-40f8-b2de-37863786ce8d",
    "data": [
      {
        "text": "that one works",
        "userDefined": false
      }
    ],
    "isTemplate": false,
    "count": 0,
    "updated": 0
  },
  {
    "id": "041a0ba1-a0fe-4ecc-b056-4e5228188470",
    "data": [
      {
        "text": "that works",
        "userDefined": false
      }
    ],
    "isTemplate": false,
    "count": 0,
    "updated": 0
  },
  {
    "id": "eedadeb6-934d-4c55-a773-83e541e69069",
    "data": [
      {
        "text": "sure why not",
        "userDefined": false
      }
    ],
    "isTemplate": false,
    "count": 0,
    "updated": 0
  },
  {
    "id": "8ff6e118-1a23-4cfa-9e3e-7f80ec4ced02",
    "data": [
      {
        "text": "perfect",
        "userDefined": false
      }
    ],
    "isTemplate": false,
    "count": 0,
    "updated": 0
  },
  {
    "id": "ca70433d-15a4-4ba7-af10-2ef7413f62d0",
    "data": [
      {
        "text": "yep that\u0027s right",
        "userDefined": false
      }
    ],
    "isTemplate": false,
    "count": 1,
    "updated": 0
  },
  {
    "id": "681cb55a-7fa9-4f9d-ab57-c102e0c25e8e",
    "data": [
      {
        "text": "I think so",
        "userDefined": false
      }
    ],
    "isTemplate": false,
    "count": 0,
    "updated": 0
  },
  {
    "id": "734e8c14-2baa-458b-ac8b-dbacf517dd65",
    "data": [
      {
        "text": "yes I agree",
        "userDefined": false
      }
    ],
    "isTemplate": false,
    "count": 1,
    "updated": 0
  },
  {
    "id": "c0caaa95-c3b6-44b5-af89-b44e8047f515",
    "data": [
      {
        "text": "sure",
        "userDefined": false
      }
    ],
    "isTemplate": false,
    "count": 2,
    "updated": 0
  },
  {
    "id": "a54d5a8e-ad11-4aef-b60a-cb7c7236650c",
    "data": [
      {
        "text": "sounds correct",
        "userDefined": false
      }
    ],
    "isTemplate": false,
    "count": 1,
    "updated": 0
  },
  {
    "id": "15c05515-3a04-4dfa-951f-1cd03e8ec592",
    "data": [
      {
        "text": "sounds good",
        "userDefined": false
      }
    ],
    "isTemplate": false,
    "count": 0,
    "updated": 0
  },
  {
    "id": "3824eb5f-f8e8-4819-bb71-dc9ec41632dc",
    "data": [
      {
        "text": "that\u0027s correct",
        "userDefined": false
      }
    ],
    "isTemplate": false,
    "count": 0,
    "updated": 0
  },
  {
    "id": "9a4129c6-5ac4-4014-996c-fefc05eac0c7",
    "data": [
      {
        "text": "go ahead",
        "userDefined": false
      }
    ],
    "isTemplate": false,
    "count": 1,
    "updated": 0
  },
  {
    "id": "b723b828-bc6c-4c2b-9133-cb364e8bb0d0",
    "data": [
      {
        "text": "do it",
        "userDefined": false
      }
    ],
    "isTemplate": false,
    "count": 1,
    "updated": 0
  },
  {
    "id": "c25c603b-6e88-4b98-983f-06a3caaa4178",
    "data": [
      {
        "text": "it\u0027s fine",
        "userDefined": false
      }
    ],
    "isTemplate": false,
    "count": 0,
    "updated": 0
  },
  {
    "id": "41b9f0cb-1ed7-42ab-a13a-8891fc56088c",
    "data": [
      {
        "text": "yeah",
        "userDefined": false
      }
    ],
    "isTemplate": false,
    "count": 0,
    "updated": 0
  },
  {
    "id": "111fda4a-7bd6-4fbf-9717-330a5a89be7a",
    "data": [
      {
        "text": "yes please",
        "userDefined": false
      }
    ],
    "isTemplate": false,
    "count": 0,
    "updated": 0
  },
  {
    "id": "479432ec-353b-4d32-b4ba-ef4b545d2e76",
    "data": [
      {
        "text": "it\u0027s okay",
        "userDefined": false
      }
    ],
    "isTemplate": false,
    "count": 0,
    "updated": 0
  },
  {
    "id": "fd3d6031-b31f-4e76-a304-fceadfdfb31f",
    "data": [
      {
        "text": "alright why not",
        "userDefined": false
      }
    ],
    "isTemplate": false,
    "count": 0,
    "updated": 0
  },
  {
    "id": "5b42453c-a9fc-4c5a-a051-3e31e3731391",
    "data": [
      {
        "text": "alright",
        "userDefined": false
      }
    ],
    "isTemplate": false,
    "count": 0,
    "updated": 0
  },
  {
    "id": "ff4e1d90-c7ec-4f58-bcca-2d10aeab3774",
    "data": [
      {
        "text": "right",
        "userDefined": false
      }
    ],
    "isTemplate": false,
    "count": 0,
    "updated": 0
  },
  {
    "id": "c2f0e522-f548-4d69-b3e3-604bda8e4f66",
    "data": [
      {
        "text": "it looks perfect",
        "userDefined": false
      }
    ],
    "isTemplate": false,
    "count": 0,
    "updated": 0
  },
  {
    "id": "a05fb830-3365-4e4a-8d8e-59a9be85160e",
    "data": [
      {
        "text": "yes I can",
        "userDefined": false
      }
    ],
    "isTemplate": false,
    "count": 0,
    "updated": 0
  },
  {
    "id": "72736378-c9f3-4337-89e1-f79bd46c01fb",
    "data": [
      {
        "text": "yup",
        "userDefined": false
      }
    ],
    "isTemplate": false,
    "count": 0,
    "updated": 0
  },
  {
    "id": "ad0bc40b-ed1c-48e2-8ff1-82e441c9de21",
    "data": [
      {
        "text": "yep",
        "userDefined": false
      }
    ],
    "isTemplate": false,
    "count": 0,
    "updated": 0
  },
  {
    "id": "b81f7f89-7670-43f7-a7da-120ad76cf4d3",
    "data": [
      {
        "text": "confirm",
        "userDefined": false
      }
    ],
    "isTemplate": false,
    "count": 1,
    "updated": 0
  },
  {
    "id": "f1890b35-25f8-4ff8-8e44-0f34d021d95e",
    "data": [
      {
        "text": "absolutely",
        "userDefined": false
      }
    ],
    "isTemplate": false,
    "count": 1,
    "updated": 0
  }
]