[
  {
    "id": "236c0d7e-4969-4338-9089-a15913109009",
    "data": [
      {
        "text": "connection needs to be fixed",
        "userDefined": false
      }
    ],
    "isTemplate": false,
    "count": 0,
    "updated": 0
  },
  {
    "id": "bd767ade-21ae-4601-a861-52fd9d6464b9",
    "data": [
      {
        "text": "wifi needs to fixed",
        "userDefined": false
      }
    ],
    "isTemplate": false,
    "count": 0,
    "updated": 0
  },
  {
    "id": "78007558-6ef9-4fd4-bf5c-7c0a5569a98f",
    "data": [
      {
        "text": "wifi is still an issue",
        "userDefined": false
      }
    ],
    "isTemplate": false,
    "count": 0,
    "updated": 0
  },
  {
    "id": "7e069349-9f63-4959-9144-bedab52172be",
    "data": [
      {
        "text": "wifi is still a problem",
        "userDefined": false
      }
    ],
    "isTemplate": false,
    "count": 0,
    "updated": 0
  },
  {
    "id": "703fdd59-81af-43a4-93a1-aaed5c1a68b0",
    "data": [
      {
        "text": "my issue is still the wifi",
        "userDefined": false
      }
    ],
    "isTemplate": false,
    "count": 0,
    "updated": 0
  },
  {
    "id": "ad072d53-1908-4c60-8760-a3cd4b6547d4",
    "data": [
      {
        "text": "still having problems with wifi",
        "userDefined": false
      }
    ],
    "isTemplate": false,
    "count": 0,
    "updated": 0
  },
  {
    "id": "e750a9bc-4256-4b55-a94b-aab3da0e8326",
    "data": [
      {
        "text": "still having wifi troubles",
        "userDefined": false
      }
    ],
    "isTemplate": false,
    "count": 0,
    "updated": 0
  },
  {
    "id": "5989d997-2efa-447a-9abd-85c7893e4179",
    "data": [
      {
        "text": "still having connection troubles",
        "userDefined": false
      }
    ],
    "isTemplate": false,
    "count": 0,
    "updated": 0
  },
  {
    "id": "3dde3c82-ed4a-43c7-8dcc-acf72d0f4715",
    "data": [
      {
        "text": "still having connection issues",
        "userDefined": false
      }
    ],
    "isTemplate": false,
    "count": 0,
    "updated": 0
  },
  {
    "id": "01003f01-caa8-49bd-8296-c376a35cc8df",
    "data": [
      {
        "text": "internet connection not fixed",
        "userDefined": false
      }
    ],
    "isTemplate": false,
    "count": 0,
    "updated": 0
  },
  {
    "id": "e3a3a814-4c0e-4af9-aec4-da4dd8fe89cf",
    "data": [
      {
        "text": "still have internet connection problems",
        "userDefined": false
      }
    ],
    "isTemplate": false,
    "count": 0,
    "updated": 0
  },
  {
    "id": "7f04606f-dea9-4afd-8e79-fd575dca1d13",
    "data": [
      {
        "text": "still have internet connection issues",
        "userDefined": false
      }
    ],
    "isTemplate": false,
    "count": 0,
    "updated": 0
  },
  {
    "id": "e3089e7f-678d-4731-a0cd-520a9f1551e6",
    "data": [
      {
        "text": "still have internet connection troubles",
        "userDefined": false
      }
    ],
    "isTemplate": false,
    "count": 0,
    "updated": 0
  },
  {
    "id": "7624aacd-4402-4670-bdd1-7eaa867684ff",
    "data": [
      {
        "text": "did not solve connection troubles",
        "userDefined": false
      }
    ],
    "isTemplate": false,
    "count": 0,
    "updated": 0
  },
  {
    "id": "c6ec7888-aeb0-4fed-b9d9-696f9b3cdec5",
    "data": [
      {
        "text": "my internet speed is still slow",
        "userDefined": false
      }
    ],
    "isTemplate": false,
    "count": 0,
    "updated": 0
  },
  {
    "id": "7f5030aa-7e26-4c44-8588-26347ebd5300",
    "data": [
      {
        "text": "the internet speed is still slow",
        "userDefined": false
      }
    ],
    "isTemplate": false,
    "count": 0,
    "updated": 0
  },
  {
    "id": "5c580212-df2e-4a78-8310-e60c3cd9a5b7",
    "data": [
      {
        "text": "the internet is still slow",
        "userDefined": false
      }
    ],
    "isTemplate": false,
    "count": 0,
    "updated": 0
  },
  {
    "id": "1ab4f9ce-adca-49eb-a557-05ebf061fdbf",
    "data": [
      {
        "text": "my internet is still slow",
        "userDefined": false
      }
    ],
    "isTemplate": false,
    "count": 0,
    "updated": 0
  },
  {
    "id": "97536af4-d0a9-45ae-8f40-75b9a7931694",
    "data": [
      {
        "text": "still have slow internet",
        "userDefined": false
      }
    ],
    "isTemplate": false,
    "count": 0,
    "updated": 0
  },
  {
    "id": "fc7d251d-eaa9-4ee9-a546-e099826112e6",
    "data": [
      {
        "text": "didn\u0027t solve",
        "userDefined": false
      }
    ],
    "isTemplate": false,
    "count": 0,
    "updated": 0
  },
  {
    "id": "0bac22e3-983a-48c0-869b-ce464834b2e7",
    "data": [
      {
        "text": "did not solve",
        "userDefined": false
      }
    ],
    "isTemplate": false,
    "count": 0,
    "updated": 0
  },
  {
    "id": "3daf575f-f987-49a6-8c18-8e0cab7061ad",
    "data": [
      {
        "text": "issue is not resolved",
        "userDefined": false
      }
    ],
    "isTemplate": false,
    "count": 0,
    "updated": 0
  },
  {
    "id": "033670c6-f463-4a96-8e4d-10878389bce3",
    "data": [
      {
        "text": "did not resolve",
        "userDefined": false
      }
    ],
    "isTemplate": false,
    "count": 0,
    "updated": 0
  },
  {
    "id": "7bb6af1b-9299-4e36-888d-04cf5d381b43",
    "data": [
      {
        "text": "issue not fixed",
        "userDefined": false
      }
    ],
    "isTemplate": false,
    "count": 0,
    "updated": 0
  },
  {
    "id": "b14b1e44-6023-4b34-9c1f-170021c7b141",
    "data": [
      {
        "text": "problem not fixed",
        "userDefined": false
      }
    ],
    "isTemplate": false,
    "count": 0,
    "updated": 0
  },
  {
    "id": "d2c86b88-1748-4cfc-bf0a-d42557bad0ef",
    "data": [
      {
        "text": "solution did not work",
        "userDefined": false
      }
    ],
    "isTemplate": false,
    "count": 0,
    "updated": 0
  },
  {
    "id": "9563322e-5062-4801-b815-5f7a01712e1a",
    "data": [
      {
        "text": "didn\u0027t fix",
        "userDefined": false
      }
    ],
    "isTemplate": false,
    "count": 0,
    "updated": 0
  },
  {
    "id": "c2f9b1cf-13ad-4a06-aa23-1db8bd4bcc1e",
    "data": [
      {
        "text": "didn\u0027t work",
        "userDefined": false
      }
    ],
    "isTemplate": false,
    "count": 0,
    "updated": 0
  },
  {
    "id": "a7978a45-53df-481d-bf60-0c2c28a67957",
    "data": [
      {
        "text": "did not work",
        "userDefined": false
      }
    ],
    "isTemplate": false,
    "count": 0,
    "updated": 0
  },
  {
    "id": "2511a724-f6ee-436f-9ecc-07ddb667a06b",
    "data": [
      {
        "text": "did not fix",
        "userDefined": false
      }
    ],
    "isTemplate": false,
    "count": 0,
    "updated": 0
  },
  {
    "id": "4d544bd0-03d0-486c-bbc2-ac40256f09d2",
    "data": [
      {
        "text": "didn\u0027t",
        "userDefined": false
      }
    ],
    "isTemplate": false,
    "count": 0,
    "updated": 0
  },
  {
    "id": "0d9d8441-d68f-4a88-bfdf-e6eb742db093",
    "data": [
      {
        "text": "thanks but no",
        "userDefined": false
      }
    ],
    "isTemplate": false,
    "count": 0,
    "updated": 0
  },
  {
    "id": "7c5a4e64-930e-4c3a-94a6-3c25405d7d87",
    "data": [
      {
        "text": "no way",
        "userDefined": false
      }
    ],
    "isTemplate": false,
    "count": 0,
    "updated": 0
  },
  {
    "id": "4700b282-d2bb-427c-a3ad-9caf67ab02e3",
    "data": [
      {
        "text": "no",
        "userDefined": false
      }
    ],
    "isTemplate": false,
    "count": 2,
    "updated": 0
  },
  {
    "id": "9aa6fbc5-243d-4707-a6d1-f0ee975ca108",
    "data": [
      {
        "text": "no no don\u0027t",
        "userDefined": false
      }
    ],
    "isTemplate": false,
    "count": 0,
    "updated": 0
  },
  {
    "id": "37a81471-2bce-4f3a-9d77-8aa73d99c1e9",
    "data": [
      {
        "text": "na",
        "userDefined": false
      }
    ],
    "isTemplate": false,
    "count": 0,
    "updated": 0
  },
  {
    "id": "4576417f-d465-405f-971e-9061a87515ab",
    "data": [
      {
        "text": "no it isn\u0027t",
        "userDefined": false
      }
    ],
    "isTemplate": false,
    "count": 1,
    "updated": 0
  },
  {
    "id": "114593f9-96b3-431f-bc76-fec8807a8784",
    "data": [
      {
        "text": "don\u0027t",
        "userDefined": false
      }
    ],
    "isTemplate": false,
    "count": 0,
    "updated": 0
  },
  {
    "id": "8b9c4743-ee1f-4cea-96d2-0aaa692921e0",
    "data": [
      {
        "text": "nah I\u0027m good",
        "userDefined": false
      }
    ],
    "isTemplate": false,
    "count": 1,
    "updated": 0
  },
  {
    "id": "35b23a7d-f7f7-4642-a584-07efde1caffa",
    "data": [
      {
        "text": "no I cannot",
        "userDefined": false
      }
    ],
    "isTemplate": false,
    "count": 1,
    "updated": 0
  },
  {
    "id": "be6b666d-634f-4c15-b9f9-d141ff7b1ae7",
    "data": [
      {
        "text": "I can\u0027t",
        "userDefined": false
      }
    ],
    "isTemplate": false,
    "count": 0,
    "updated": 0
  },
  {
    "id": "346c93bd-4e74-45eb-976e-8fbd3a935674",
    "data": [
      {
        "text": "nothing",
        "userDefined": false
      }
    ],
    "isTemplate": false,
    "count": 0,
    "updated": 0
  },
  {
    "id": "18e7f940-ebfa-478e-a111-235a6a8888e0",
    "data": [
      {
        "text": "no that\u0027s okay",
        "userDefined": false
      }
    ],
    "isTemplate": false,
    "count": 0,
    "updated": 0
  },
  {
    "id": "c3f010ea-9a16-4c37-9fbd-f61b835edb46",
    "data": [
      {
        "text": "no not really",
        "userDefined": false
      }
    ],
    "isTemplate": false,
    "count": 0,
    "updated": 0
  },
  {
    "id": "946c8984-6a13-4aac-a110-d7cb7eea70b4",
    "data": [
      {
        "text": "nope not really",
        "userDefined": false
      }
    ],
    "isTemplate": false,
    "count": 0,
    "updated": 0
  },
  {
    "id": "a1ea284a-8418-4eb4-a4be-48e2e46eaea5",
    "data": [
      {
        "text": "nope",
        "userDefined": false
      }
    ],
    "isTemplate": false,
    "count": 1,
    "updated": 0
  },
  {
    "id": "2a0137cf-dda4-42bd-9f6e-8960de927f9c",
    "data": [
      {
        "text": "thanks but not this time",
        "userDefined": false
      }
    ],
    "isTemplate": false,
    "count": 1,
    "updated": 0
  },
  {
    "id": "0f209db3-8b82-4df9-aa26-1353d947feb1",
    "data": [
      {
        "text": "I don\u0027t think so",
        "userDefined": false
      }
    ],
    "isTemplate": false,
    "count": 1,
    "updated": 0
  },
  {
    "id": "e30dbe63-992c-44f0-9f25-ac65b7969507",
    "data": [
      {
        "text": "I disagree",
        "userDefined": false
      }
    ],
    "isTemplate": false,
    "count": 2,
    "updated": 0
  },
  {
    "id": "c0da009e-4edc-461f-90e6-232b10b1945e",
    "data": [
      {
        "text": "no maybe next time",
        "userDefined": false
      }
    ],
    "isTemplate": false,
    "count": 0,
    "updated": 0
  },
  {
    "id": "9e453f01-2e62-447a-ba40-8c44a4e85b53",
    "data": [
      {
        "text": "not this time",
        "userDefined": false
      }
    ],
    "isTemplate": false,
    "count": 0,
    "updated": 0
  },
  {
    "id": "01ddc91a-badd-4c6d-9f83-709709f29cb0",
    "data": [
      {
        "text": "no don\u0027t",
        "userDefined": false
      }
    ],
    "isTemplate": false,
    "count": 0,
    "updated": 0
  },
  {
    "id": "3848cbbc-57cd-4610-805b-12ab4bba5748",
    "data": [
      {
        "text": "no we are good",
        "userDefined": false
      }
    ],
    "isTemplate": false,
    "count": 0,
    "updated": 0
  },
  {
    "id": "ea73008d-aa9e-4bb4-87ec-8dbdcc2329d2",
    "data": [
      {
        "text": "don\u0027t do it",
        "userDefined": false
      }
    ],
    "isTemplate": false,
    "count": 3,
    "updated": 0
  },
  {
    "id": "fd52a2e7-fc1a-4c28-8e2e-7c4f1294d518",
    "data": [
      {
        "text": "no that\u0027s be all",
        "userDefined": false
      }
    ],
    "isTemplate": false,
    "count": 0,
    "updated": 0
  },
  {
    "id": "31bd8e7c-0208-4bb3-877f-2ded4973b461",
    "data": [
      {
        "text": "not right now",
        "userDefined": false
      }
    ],
    "isTemplate": false,
    "count": 0,
    "updated": 0
  },
  {
    "id": "33e67437-229e-41be-a469-04731e1865d7",
    "data": [
      {
        "text": "nothing else thanks",
        "userDefined": false
      }
    ],
    "isTemplate": false,
    "count": 0,
    "updated": 0
  },
  {
    "id": "f3fc7f87-aa74-4660-9e5c-ee5ec472f8c0",
    "data": [
      {
        "text": "no thanks",
        "userDefined": false
      }
    ],
    "isTemplate": false,
    "count": 0,
    "updated": 0
  },
  {
    "id": "357c42c7-f0ce-4ff5-8a53-020ba1e38c9c",
    "data": [
      {
        "text": "no that\u0027s ok",
        "userDefined": false
      }
    ],
    "isTemplate": false,
    "count": 1,
    "updated": 0
  },
  {
    "id": "acee7085-465a-4f53-87f9-db43e1be908e",
    "data": [
      {
        "text": "I don\u0027t want that",
        "userDefined": false
      }
    ],
    "isTemplate": false,
    "count": 0,
    "updated": 0
  },
  {
    "id": "a53c61fb-7d32-45a7-a085-b44fac703f07",
    "data": [
      {
        "text": "definitely not",
        "userDefined": false
      }
    ],
    "isTemplate": false,
    "count": 3,
    "updated": 0
  },
  {
    "id": "49632f79-aa07-4dcb-826e-e9a0baeab273",
    "data": [
      {
        "text": "nothing else",
        "userDefined": false
      }
    ],
    "isTemplate": false,
    "count": 1,
    "updated": 0
  },
  {
    "id": "f2372483-db2b-4926-a853-6b65f5b54d3c",
    "data": [
      {
        "text": "not",
        "userDefined": false
      }
    ],
    "isTemplate": false,
    "count": 0,
    "updated": 0
  },
  {
    "id": "c51e678a-a6eb-4c2f-8dff-1169d36c3d34",
    "data": [
      {
        "text": "not at all",
        "userDefined": false
      }
    ],
    "isTemplate": false,
    "count": 0,
    "updated": 0
  },
  {
    "id": "2ee496f0-1091-4d10-8aab-00d7896f7e73",
    "data": [
      {
        "text": "no never",
        "userDefined": false
      }
    ],
    "isTemplate": false,
    "count": 0,
    "updated": 0
  },
  {
    "id": "75259cb2-3089-4775-8482-704f4ef19649",
    "data": [
      {
        "text": "never",
        "userDefined": false
      }
    ],
    "isTemplate": false,
    "count": 0,
    "updated": 0
  },
  {
    "id": "554a6329-f74d-424d-8f28-5bfbd8ba4ac1",
    "data": [
      {
        "text": "no way no",
        "userDefined": false
      }
    ],
    "isTemplate": false,
    "count": 0,
    "updated": 0
  },
  {
    "id": "7f9631e1-4ca9-4d75-9477-6d13804e7f9f",
    "data": [
      {
        "text": "not really",
        "userDefined": false
      }
    ],
    "isTemplate": false,
    "count": 0,
    "updated": 0
  },
  {
    "id": "f23c7af6-6c83-43fe-b6e7-a3321606e632",
    "data": [
      {
        "text": "nah",
        "userDefined": false
      }
    ],
    "isTemplate": false,
    "count": 2,
    "updated": 0
  },
  {
    "id": "5ac499e8-d524-4189-aab5-2ab33be05806",
    "data": [
      {
        "text": "I don\u0027t",
        "userDefined": false
      }
    ],
    "isTemplate": false,
    "count": 0,
    "updated": 0
  },
  {
    "id": "3c9368f9-d8dd-40a9-bc74-e058d4d91b74",
    "data": [
      {
        "text": "I don\u0027t want",
        "userDefined": false
      }
    ],
    "isTemplate": false,
    "count": 0,
    "updated": 0
  },
  {
    "id": "a9a93002-4a35-4a7e-88bb-6cfc3afdcaa8",
    "data": [
      {
        "text": "not ",
        "userDefined": false
      },
      {
        "text": "today",
        "meta": "@sys.ignore",
        "userDefined": false
      }
    ],
    "isTemplate": false,
    "count": 0,
    "updated": 0
  },
  {
    "id": "83a00861-36e0-44e7-9e74-7764f1c9ed9f",
    "data": [
      {
        "text": "not interested",
        "userDefined": false
      }
    ],
    "isTemplate": false,
    "count": 0,
    "updated": 0
  },
  {
    "id": "68a351b5-c2c2-470d-a251-96f0206debea",
    "data": [
      {
        "text": "no that\u0027s fine thank you",
        "userDefined": false
      }
    ],
    "isTemplate": false,
    "count": 0,
    "updated": 0
  },
  {
    "id": "8ee75509-02b6-4e80-8f9e-eb5c1ed1c12b",
    "data": [
      {
        "text": "I\u0027m not",
        "userDefined": false
      }
    ],
    "isTemplate": false,
    "count": 3,
    "updated": 0
  }
]