[
  {
    "id": "5bb6d26d-8329-4e39-a736-457d1ca76298",
    "data": [
      {
        "text": "multiple people and devices are sharing network",
        "userDefined": false
      }
    ],
    "isTemplate": false,
    "count": 0,
    "updated": 0
  },
  {
    "id": "e7d37a73-a62f-4fea-bdd8-e832eee4cef8",
    "data": [
      {
        "text": "multiple devices and people are sharing network",
        "userDefined": false
      }
    ],
    "isTemplate": false,
    "count": 0,
    "updated": 0
  },
  {
    "id": "0e134a72-4c01-4648-888a-40bf23becb41",
    "data": [
      {
        "text": "multiple devices are sharing network",
        "userDefined": false
      }
    ],
    "isTemplate": false,
    "count": 0,
    "updated": 0
  },
  {
    "id": "c7846740-fdb5-459d-a8e0-17acfc206f21",
    "data": [
      {
        "text": "multiple people are sharing network",
        "userDefined": false
      }
    ],
    "isTemplate": false,
    "count": 0,
    "updated": 0
  },
  {
    "id": "ba3edf6c-cf39-4a99-8ba0-624def535268",
    "data": [
      {
        "text": "multiple people and devices are connected",
        "userDefined": false
      }
    ],
    "isTemplate": false,
    "count": 0,
    "updated": 0
  },
  {
    "id": "b7566083-dac7-4172-a5d3-f829b6cecda0",
    "data": [
      {
        "text": "multiple devices are connected",
        "userDefined": false
      }
    ],
    "isTemplate": false,
    "count": 0,
    "updated": 0
  },
  {
    "id": "64c006fd-264a-40d6-963b-13856bcee259",
    "data": [
      {
        "text": "multiple people are connected",
        "userDefined": false
      }
    ],
    "isTemplate": false,
    "count": 0,
    "updated": 0
  },
  {
    "id": "633fae98-07b3-47c1-8c4c-41c92af4e4a7",
    "data": [
      {
        "text": "multiple are connected",
        "userDefined": false
      }
    ],
    "isTemplate": false,
    "count": 0,
    "updated": 0
  },
  {
    "id": "2589a210-1547-4512-bb46-491e428dc921",
    "data": [
      {
        "text": "multiple are using network",
        "userDefined": false
      }
    ],
    "isTemplate": false,
    "count": 0,
    "updated": 0
  },
  {
    "id": "688a81e9-7d3f-4ccf-a349-a6c8fa44e765",
    "data": [
      {
        "text": "many are using internet",
        "userDefined": false
      }
    ],
    "isTemplate": false,
    "count": 0,
    "updated": 0
  },
  {
    "id": "911e1aea-660d-4414-acea-3c48d04197d8",
    "data": [
      {
        "text": "many are using network",
        "userDefined": false
      }
    ],
    "isTemplate": false,
    "count": 0,
    "updated": 0
  },
  {
    "id": "c056631a-45f3-404d-92a7-908e5cac7ea2",
    "data": [
      {
        "text": "multiple devices are on",
        "userDefined": false
      }
    ],
    "isTemplate": false,
    "count": 0,
    "updated": 0
  },
  {
    "id": "03153362-ec68-4464-91cc-b33c8a3284f8",
    "data": [
      {
        "text": "multiple devices are sharing",
        "userDefined": false
      }
    ],
    "isTemplate": false,
    "count": 0,
    "updated": 0
  },
  {
    "id": "3e97510d-57a1-4dd3-b2a6-7036115776a7",
    "data": [
      {
        "text": "multiple people are on",
        "userDefined": false
      }
    ],
    "isTemplate": false,
    "count": 0,
    "updated": 0
  },
  {
    "id": "9332d40d-0f18-428d-8471-00a04afe69c6",
    "data": [
      {
        "text": "multiple people and devices are using network",
        "userDefined": false
      }
    ],
    "isTemplate": false,
    "count": 0,
    "updated": 0
  },
  {
    "id": "1d55f491-e5ec-4f7f-8cf3-b4adbacea4cd",
    "data": [
      {
        "text": "multiple devices are connected to my network",
        "userDefined": false
      }
    ],
    "isTemplate": false,
    "count": 0,
    "updated": 0
  },
  {
    "id": "7e1b6756-8d73-4910-9154-c7e92e329686",
    "data": [
      {
        "text": "multiple people are using my network",
        "userDefined": false
      }
    ],
    "isTemplate": false,
    "count": 0,
    "updated": 0
  },
  {
    "id": "57af268b-ab05-496a-aa80-91d84aee53cb",
    "data": [
      {
        "text": "multiple people are using network",
        "userDefined": false
      }
    ],
    "isTemplate": false,
    "count": 0,
    "updated": 0
  },
  {
    "id": "25f6ae84-b926-481d-b016-8c1d11b6d7ae",
    "data": [
      {
        "text": "there are multiple people and devices connected",
        "userDefined": false
      }
    ],
    "isTemplate": false,
    "count": 0,
    "updated": 0
  },
  {
    "id": "916c6965-bd3f-4a04-ac77-88e4b4731eb9",
    "data": [
      {
        "text": "there are multiple devices connected",
        "userDefined": false
      }
    ],
    "isTemplate": false,
    "count": 0,
    "updated": 0
  },
  {
    "id": "f5e96a53-f691-44e3-bb44-5e1e7a0bb4f2",
    "data": [
      {
        "text": "there are multiple people connected",
        "userDefined": false
      }
    ],
    "isTemplate": false,
    "count": 0,
    "updated": 0
  },
  {
    "id": "9afd7d47-0e51-4e90-b592-edd3973a488c",
    "data": [
      {
        "text": "there are multiple devices and people",
        "userDefined": false
      }
    ],
    "isTemplate": false,
    "count": 0,
    "updated": 0
  },
  {
    "id": "9d234004-7741-4edf-8705-b4671efc4510",
    "data": [
      {
        "text": "there are multiple devices",
        "userDefined": false
      }
    ],
    "isTemplate": false,
    "count": 0,
    "updated": 0
  },
  {
    "id": "e8163238-1b7f-4b7e-94ea-dccb85e05f4f",
    "data": [
      {
        "text": "there are multiple people",
        "userDefined": false
      }
    ],
    "isTemplate": false,
    "count": 0,
    "updated": 0
  },
  {
    "id": "219ea952-f32b-4a51-8e04-7654fa7179cc",
    "data": [
      {
        "text": "yes",
        "userDefined": false
      }
    ],
    "isTemplate": false,
    "count": 1,
    "updated": 0
  },
  {
    "id": "3312e889-6303-4456-a2e4-5d6889191945",
    "data": [
      {
        "text": "okay I will",
        "userDefined": false
      }
    ],
    "isTemplate": false,
    "count": 2,
    "updated": 0
  },
  {
    "id": "180ae1d6-4f64-4726-95bc-f61f8f39f9c3",
    "data": [
      {
        "text": "why not",
        "userDefined": false
      }
    ],
    "isTemplate": false,
    "count": 0,
    "updated": 0
  },
  {
    "id": "b4b5dee1-fdda-4e4a-a286-b693ef803222",
    "data": [
      {
        "text": "yes that\u0027s alright",
        "userDefined": false
      }
    ],
    "isTemplate": false,
    "count": 0,
    "updated": 0
  },
  {
    "id": "c71284b0-f54f-4c5d-a269-50be09247932",
    "data": [
      {
        "text": "yes I do",
        "userDefined": false
      }
    ],
    "isTemplate": false,
    "count": 0,
    "updated": 0
  },
  {
    "id": "608fed86-df56-49de-b7f4-59a20a71f2ec",
    "data": [
      {
        "text": "exactly",
        "userDefined": false
      }
    ],
    "isTemplate": false,
    "count": 1,
    "updated": 0
  },
  {
    "id": "e4d6a6fd-0dd0-40af-aa60-e19fbc1dbdf7",
    "data": [
      {
        "text": "of course",
        "userDefined": false
      }
    ],
    "isTemplate": false,
    "count": 0,
    "updated": 0
  },
  {
    "id": "5902db57-d10f-4881-a3af-75e430cd2ef4",
    "data": [
      {
        "text": "yep that\u0027s ok",
        "userDefined": false
      }
    ],
    "isTemplate": false,
    "count": 0,
    "updated": 0
  },
  {
    "id": "ae0bc263-db27-4a47-81a1-04ce8880d494",
    "data": [
      {
        "text": "okay",
        "userDefined": false
      }
    ],
    "isTemplate": false,
    "count": 1,
    "updated": 0
  },
  {
    "id": "719f4817-e056-4f24-b1a2-b897efff286f",
    "data": [
      {
        "text": "ok",
        "userDefined": false
      }
    ],
    "isTemplate": false,
    "count": 1,
    "updated": 0
  },
  {
    "id": "d8b1039a-af0a-420c-a673-a75b86d79a5b",
    "data": [
      {
        "text": "for sure",
        "userDefined": false
      }
    ],
    "isTemplate": false,
    "count": 0,
    "updated": 0
  },
  {
    "id": "4deca8d1-effa-4366-af81-30eb195c8720",
    "data": [
      {
        "text": "sg",
        "userDefined": false
      }
    ],
    "isTemplate": false,
    "count": 0,
    "updated": 0
  },
  {
    "id": "1ed798f4-0e51-47f8-81ff-bd81591516d1",
    "data": [
      {
        "text": "yes that\u0027t ok",
        "userDefined": false
      }
    ],
    "isTemplate": false,
    "count": 0,
    "updated": 0
  },
  {
    "id": "3c061c10-91dc-4a01-b27b-4b19b4c5b7b4",
    "data": [
      {
        "text": "I agree",
        "userDefined": false
      }
    ],
    "isTemplate": false,
    "count": 2,
    "updated": 0
  },
  {
    "id": "45b5c8ef-a785-441e-9c1b-9e959454f5d1",
    "data": [
      {
        "text": "yes you can do it",
        "userDefined": false
      }
    ],
    "isTemplate": false,
    "count": 0,
    "updated": 0
  },
  {
    "id": "28a900d4-269a-4718-bc64-9e76c7e0cae1",
    "data": [
      {
        "text": "I don\u0027t mind",
        "userDefined": false
      }
    ],
    "isTemplate": false,
    "count": 3,
    "updated": 0
  },
  {
    "id": "66a480b6-bdd4-4eba-a775-dc79b8534845",
    "data": [
      {
        "text": "that one works",
        "userDefined": false
      }
    ],
    "isTemplate": false,
    "count": 0,
    "updated": 0
  },
  {
    "id": "1536d3e7-06b3-4ec0-aedc-004d8655c781",
    "data": [
      {
        "text": "that works",
        "userDefined": false
      }
    ],
    "isTemplate": false,
    "count": 0,
    "updated": 0
  },
  {
    "id": "dae68f94-a151-44c7-88f0-6d79db81cde8",
    "data": [
      {
        "text": "sure why not",
        "userDefined": false
      }
    ],
    "isTemplate": false,
    "count": 0,
    "updated": 0
  },
  {
    "id": "55ef1979-ea6e-4a02-aee2-05eb5433df2b",
    "data": [
      {
        "text": "perfect",
        "userDefined": false
      }
    ],
    "isTemplate": false,
    "count": 0,
    "updated": 0
  },
  {
    "id": "cfb51e88-791e-4df3-b72e-31b9981d78bd",
    "data": [
      {
        "text": "yep that\u0027s right",
        "userDefined": false
      }
    ],
    "isTemplate": false,
    "count": 1,
    "updated": 0
  },
  {
    "id": "98c2f8e6-076e-47e6-85c1-f8f31ca2ffdb",
    "data": [
      {
        "text": "I think so",
        "userDefined": false
      }
    ],
    "isTemplate": false,
    "count": 0,
    "updated": 0
  },
  {
    "id": "f39dacb6-300f-4f16-93ab-dc041786d11e",
    "data": [
      {
        "text": "yes I agree",
        "userDefined": false
      }
    ],
    "isTemplate": false,
    "count": 1,
    "updated": 0
  },
  {
    "id": "64c09582-41a8-46b4-99c2-daab1fd978f3",
    "data": [
      {
        "text": "sure",
        "userDefined": false
      }
    ],
    "isTemplate": false,
    "count": 2,
    "updated": 0
  },
  {
    "id": "1494d69e-7c9d-40bc-9247-d19128248c22",
    "data": [
      {
        "text": "sounds correct",
        "userDefined": false
      }
    ],
    "isTemplate": false,
    "count": 1,
    "updated": 0
  },
  {
    "id": "139a00a0-e40f-4825-adf1-98836a3ea6b6",
    "data": [
      {
        "text": "sounds good",
        "userDefined": false
      }
    ],
    "isTemplate": false,
    "count": 0,
    "updated": 0
  },
  {
    "id": "379027f1-3b42-4caa-80d1-bea09e4cbb83",
    "data": [
      {
        "text": "that\u0027s correct",
        "userDefined": false
      }
    ],
    "isTemplate": false,
    "count": 0,
    "updated": 0
  },
  {
    "id": "139a771a-66d6-49d1-bd02-f4e1e2b2a952",
    "data": [
      {
        "text": "go ahead",
        "userDefined": false
      }
    ],
    "isTemplate": false,
    "count": 1,
    "updated": 0
  },
  {
    "id": "f44d3493-7bec-412e-ade9-db0594e247ff",
    "data": [
      {
        "text": "do it",
        "userDefined": false
      }
    ],
    "isTemplate": false,
    "count": 1,
    "updated": 0
  },
  {
    "id": "fab32089-00a2-4892-8843-7993a4796b04",
    "data": [
      {
        "text": "it\u0027s fine",
        "userDefined": false
      }
    ],
    "isTemplate": false,
    "count": 0,
    "updated": 0
  },
  {
    "id": "3a00a82f-e866-4840-aee2-697ee5baa761",
    "data": [
      {
        "text": "yeah",
        "userDefined": false
      }
    ],
    "isTemplate": false,
    "count": 0,
    "updated": 0
  },
  {
    "id": "dd75c6ff-3844-4c1a-91e0-9ae94972208b",
    "data": [
      {
        "text": "yes please",
        "userDefined": false
      }
    ],
    "isTemplate": false,
    "count": 0,
    "updated": 0
  },
  {
    "id": "2ab7acbe-264d-48fa-95c0-d492aa63626c",
    "data": [
      {
        "text": "it\u0027s okay",
        "userDefined": false
      }
    ],
    "isTemplate": false,
    "count": 0,
    "updated": 0
  },
  {
    "id": "2a7d7156-3a85-4ad5-aa0e-4c25ecc5aa23",
    "data": [
      {
        "text": "alright why not",
        "userDefined": false
      }
    ],
    "isTemplate": false,
    "count": 0,
    "updated": 0
  },
  {
    "id": "4194460e-d33a-425c-b439-9d5ec0d8f832",
    "data": [
      {
        "text": "alright",
        "userDefined": false
      }
    ],
    "isTemplate": false,
    "count": 0,
    "updated": 0
  },
  {
    "id": "a2a33c1a-6192-43f9-b573-1c3d5de5cc9a",
    "data": [
      {
        "text": "right",
        "userDefined": false
      }
    ],
    "isTemplate": false,
    "count": 0,
    "updated": 0
  },
  {
    "id": "cf5dab8c-6955-4cca-b31d-5436337ca442",
    "data": [
      {
        "text": "it looks perfect",
        "userDefined": false
      }
    ],
    "isTemplate": false,
    "count": 0,
    "updated": 0
  },
  {
    "id": "a7210897-28d6-409a-98ec-4dda460a4722",
    "data": [
      {
        "text": "yes I can",
        "userDefined": false
      }
    ],
    "isTemplate": false,
    "count": 0,
    "updated": 0
  },
  {
    "id": "a62b8f88-3398-413e-8002-c01c991a8689",
    "data": [
      {
        "text": "yup",
        "userDefined": false
      }
    ],
    "isTemplate": false,
    "count": 0,
    "updated": 0
  },
  {
    "id": "61a94cdd-85fa-4a3a-ac7c-c38db1e1964e",
    "data": [
      {
        "text": "yep",
        "userDefined": false
      }
    ],
    "isTemplate": false,
    "count": 0,
    "updated": 0
  },
  {
    "id": "f2321b8a-df8e-4c88-9cc9-5836a9545889",
    "data": [
      {
        "text": "confirm",
        "userDefined": false
      }
    ],
    "isTemplate": false,
    "count": 1,
    "updated": 0
  },
  {
    "id": "0c5cf713-4120-4422-8faf-13c414fa4c5b",
    "data": [
      {
        "text": "absolutely",
        "userDefined": false
      }
    ],
    "isTemplate": false,
    "count": 1,
    "updated": 0
  }
]