[
  {
    "id": "02ac3841-3f99-45c8-803b-1089e297a426",
    "data": [
      {
        "text": "wireless network not connecting",
        "userDefined": false
      }
    ],
    "isTemplate": false,
    "count": 1,
    "updated": 0
  },
  {
    "id": "77fe9555-a802-4154-8e97-c6fccca143cb",
    "data": [
      {
        "text": "wifi not connecting",
        "userDefined": false
      }
    ],
    "isTemplate": false,
    "count": 0,
    "updated": 0
  },
  {
    "id": "cc9b2831-51e4-4ae9-b8d6-0c9fdc49c20f",
    "data": [
      {
        "text": "wifi but no internet access",
        "userDefined": false
      }
    ],
    "isTemplate": false,
    "count": 0,
    "updated": 0
  },
  {
    "id": "e59a4957-58ea-4da7-9aa0-053fcdbc1868",
    "data": [
      {
        "text": "wifi no internet access",
        "userDefined": false
      }
    ],
    "isTemplate": false,
    "count": 0,
    "updated": 0
  },
  {
    "id": "1f7261a2-0161-45d2-89be-395f7a99f064",
    "data": [
      {
        "text": "wireless connection but no internet",
        "userDefined": false
      }
    ],
    "isTemplate": false,
    "count": 0,
    "updated": 0
  },
  {
    "id": "6ea2e42b-6b01-4088-af26-9ad78acc822b",
    "data": [
      {
        "text": "wireless connection with no internet",
        "userDefined": false
      }
    ],
    "isTemplate": false,
    "count": 0,
    "updated": 0
  },
  {
    "id": "fc52bd7a-6f3d-4250-b3f6-f275c38355ed",
    "data": [
      {
        "text": "wifi connected no internet",
        "userDefined": false
      }
    ],
    "isTemplate": false,
    "count": 0,
    "updated": 0
  },
  {
    "id": "f4dc3c8d-b261-4193-b87c-fb0375fc51c5",
    "data": [
      {
        "text": "internet is gone",
        "userDefined": false
      }
    ],
    "isTemplate": false,
    "count": 0,
    "updated": 0
  },
  {
    "id": "a8a26235-f189-4ac5-a537-dc8a9e63745c",
    "data": [
      {
        "text": "internet connection is gone",
        "userDefined": false
      }
    ],
    "isTemplate": false,
    "count": 0,
    "updated": 0
  },
  {
    "id": "6ced7ad5-bc95-4083-b869-06ee1c2a6423",
    "data": [
      {
        "text": "wireless connection is gone",
        "userDefined": false
      }
    ],
    "isTemplate": false,
    "count": 0,
    "updated": 0
  },
  {
    "id": "37b0d290-980b-48c1-b99e-707e06c46267",
    "data": [
      {
        "text": "wifi is gone",
        "userDefined": false
      }
    ],
    "isTemplate": false,
    "count": 0,
    "updated": 0
  },
  {
    "id": "6ea2becc-6e20-4b6c-b971-c8994f740948",
    "data": [
      {
        "text": "i have no wireless internet connection",
        "userDefined": false
      }
    ],
    "isTemplate": false,
    "count": 0,
    "updated": 0
  },
  {
    "id": "4ed8fe5e-a12b-435b-8ceb-b2370717115c",
    "data": [
      {
        "text": "i have no wireless connection",
        "userDefined": false
      }
    ],
    "isTemplate": false,
    "count": 0,
    "updated": 0
  },
  {
    "id": "162697b8-16aa-47fb-99a6-db37d89c3093",
    "data": [
      {
        "text": "i have no wifi",
        "userDefined": false
      }
    ],
    "isTemplate": false,
    "count": 0,
    "updated": 0
  },
  {
    "id": "75b11c46-42ff-44ee-8d6d-d9de65142e47",
    "data": [
      {
        "text": "i have no internet",
        "userDefined": false
      }
    ],
    "isTemplate": false,
    "count": 0,
    "updated": 0
  },
  {
    "id": "f0a25e93-0d5e-42e6-9d8e-54d7996daba2",
    "data": [
      {
        "text": "no internet connection detected",
        "userDefined": false
      }
    ],
    "isTemplate": false,
    "count": 0,
    "updated": 0
  },
  {
    "id": "4fad15c2-2d26-4947-93dd-a0cfa60d0e06",
    "data": [
      {
        "text": "no internet access wifi",
        "userDefined": false
      }
    ],
    "isTemplate": false,
    "count": 0,
    "updated": 0
  },
  {
    "id": "299d04c3-97bb-40e0-80d3-35ef7043f91e",
    "data": [
      {
        "text": "no internet access",
        "userDefined": false
      }
    ],
    "isTemplate": false,
    "count": 0,
    "updated": 0
  },
  {
    "id": "1516135c-ccf5-48df-80cf-f78a8737e5f4",
    "data": [
      {
        "text": "no internet connection",
        "userDefined": false
      }
    ],
    "isTemplate": false,
    "count": 0,
    "updated": 0
  },
  {
    "id": "19490249-18c6-42c2-959d-7c2c939f3006",
    "data": [
      {
        "text": "no wireless internet connection",
        "userDefined": false
      }
    ],
    "isTemplate": false,
    "count": 0,
    "updated": 0
  },
  {
    "id": "13547c30-85cd-455a-96dc-58fdf3e2e90b",
    "data": [
      {
        "text": "no wireless connection",
        "userDefined": false
      }
    ],
    "isTemplate": false,
    "count": 0,
    "updated": 0
  },
  {
    "id": "7d520f66-ed29-4897-be62-6bcdc5c2f2c8",
    "data": [
      {
        "text": "no wireless access",
        "userDefined": false
      }
    ],
    "isTemplate": false,
    "count": 0,
    "updated": 0
  },
  {
    "id": "cf0a899b-c157-45ad-92bb-a326977e7b45",
    "data": [
      {
        "text": "no wireless",
        "userDefined": false
      }
    ],
    "isTemplate": false,
    "count": 1,
    "updated": 0
  },
  {
    "id": "25feed5a-d074-416a-a267-e14eeb745576",
    "data": [
      {
        "text": "no wireless network",
        "userDefined": false
      }
    ],
    "isTemplate": false,
    "count": 0,
    "updated": 0
  },
  {
    "id": "aaab5031-dd53-45fd-a290-57027044f298",
    "data": [
      {
        "text": "no wifi",
        "userDefined": false
      }
    ],
    "isTemplate": false,
    "count": 0,
    "updated": 0
  },
  {
    "id": "ed8b0693-4185-409f-ac94-fc2b556469b3",
    "data": [
      {
        "text": "no wifi signal",
        "userDefined": false
      }
    ],
    "isTemplate": false,
    "count": 0,
    "updated": 0
  },
  {
    "id": "5470baf3-fb06-4def-8d81-77980970bbf3",
    "data": [
      {
        "text": "no wifi access",
        "userDefined": false
      }
    ],
    "isTemplate": false,
    "count": 0,
    "updated": 0
  },
  {
    "id": "c169c30c-c176-44b1-914a-510952f1a244",
    "data": [
      {
        "text": "Cannot get a signal",
        "userDefined": false
      }
    ],
    "isTemplate": false,
    "count": 0,
    "updated": 0
  },
  {
    "id": "f9845987-5349-4bdd-90d5-d17360144f04",
    "data": [
      {
        "text": "There is not any wireless access",
        "userDefined": false
      }
    ],
    "isTemplate": false,
    "count": 0,
    "updated": 0
  },
  {
    "id": "586e44b4-c251-49f4-ac81-d5659105d03a",
    "data": [
      {
        "text": "never can get wireless access",
        "userDefined": false
      }
    ],
    "isTemplate": false,
    "count": 0,
    "updated": 0
  },
  {
    "id": "c370c1ca-6853-4624-be56-4dcec0d9d1e0",
    "data": [
      {
        "text": "by no means can I get online access",
        "userDefined": false
      }
    ],
    "isTemplate": false,
    "count": 0,
    "updated": 0
  },
  {
    "id": "5d657330-32b0-41cb-9293-9a8f59a50bc6",
    "data": [
      {
        "text": "nix on surfing the net",
        "userDefined": false
      }
    ],
    "isTemplate": false,
    "count": 0,
    "updated": 0
  },
  {
    "id": "435f3e7d-03c1-47e0-bd70-02d09994e801",
    "data": [
      {
        "text": "no Wi-Fi",
        "userDefined": false
      }
    ],
    "isTemplate": false,
    "count": 0,
    "updated": 0
  },
  {
    "id": "8651559c-2cac-4591-9e52-a8e2d682f258",
    "data": [
      {
        "text": "not by any means is there a world network",
        "userDefined": false
      }
    ],
    "isTemplate": false,
    "count": 0,
    "updated": 0
  },
  {
    "id": "e5968657-3308-4fe6-a993-5226745dab40",
    "data": [
      {
        "text": "no world-wide web",
        "userDefined": false
      }
    ],
    "isTemplate": false,
    "count": 0,
    "updated": 0
  },
  {
    "id": "07666ecc-29fb-41eb-888e-16fd42bf8254",
    "data": [
      {
        "text": "no online connection",
        "userDefined": false
      }
    ],
    "isTemplate": false,
    "count": 0,
    "updated": 0
  },
  {
    "id": "0b88992e-b739-46d4-8ced-59c91b18fa8c",
    "data": [
      {
        "text": "no network",
        "userDefined": false
      }
    ],
    "isTemplate": false,
    "count": 0,
    "updated": 0
  },
  {
    "id": "73efa289-dde6-4202-8d3a-440613b84fa4",
    "data": [
      {
        "text": "no network connection",
        "userDefined": false
      }
    ],
    "isTemplate": false,
    "count": 0,
    "updated": 0
  },
  {
    "id": "551ca075-adec-4e9b-9819-733a1a714cab",
    "data": [
      {
        "text": "never is a internet connection",
        "userDefined": false
      }
    ],
    "isTemplate": false,
    "count": 0,
    "updated": 0
  },
  {
    "id": "5d966a72-6a43-4dec-bd6f-6074f05ccdb5",
    "data": [
      {
        "text": "There is not an internet connection",
        "userDefined": false
      }
    ],
    "isTemplate": false,
    "count": 0,
    "updated": 0
  },
  {
    "id": "18f2c5c5-28a3-4628-b19e-b966ceb2200b",
    "data": [
      {
        "text": "no connection",
        "userDefined": false
      }
    ],
    "isTemplate": false,
    "count": 1,
    "updated": 0
  },
  {
    "id": "38671fe7-58e1-4973-b0db-0e92c7bb83f1",
    "data": [
      {
        "text": "no internet",
        "userDefined": false
      }
    ],
    "isTemplate": false,
    "count": 0,
    "updated": 0
  }
]