[
  {
    "id": "01fd0dd9-b48a-4248-8d2d-b6394b71a10f",
    "data": [
      {
        "text": "the internet connectivity issues",
        "userDefined": false
      }
    ],
    "isTemplate": false,
    "count": 0,
    "updated": 0
  },
  {
    "id": "283ea023-d1ec-4967-84f0-c9394cd34f32",
    "data": [
      {
        "text": "the internet connectivity is not good",
        "userDefined": false
      }
    ],
    "isTemplate": false,
    "count": 0,
    "updated": 0
  },
  {
    "id": "7a891d36-ba4f-446e-9d25-784b4979d096",
    "data": [
      {
        "text": "the internet connectivity is not sufficient",
        "userDefined": false
      }
    ],
    "isTemplate": false,
    "count": 0,
    "updated": 0
  },
  {
    "id": "0f11a326-07c4-4600-8aa7-237e39f5b98b",
    "data": [
      {
        "text": "the internet connectivity is bad",
        "userDefined": false
      }
    ],
    "isTemplate": false,
    "count": 0,
    "updated": 0
  },
  {
    "id": "d81a35bf-2d50-4fa3-91a3-aed4d3d1e92f",
    "data": [
      {
        "text": "the internet connection quality is not good",
        "userDefined": false
      }
    ],
    "isTemplate": false,
    "count": 0,
    "updated": 0
  },
  {
    "id": "feceed95-5da0-4fe6-a7b0-f2bd5cd16691",
    "data": [
      {
        "text": "the internet connection quality is not sufficient",
        "userDefined": false
      }
    ],
    "isTemplate": false,
    "count": 0,
    "updated": 0
  },
  {
    "id": "3b2c0308-6aaa-4a1a-b1e0-ae7d641b71b0",
    "data": [
      {
        "text": "my internet access is not working",
        "userDefined": false
      }
    ],
    "isTemplate": false,
    "count": 1,
    "updated": 0
  },
  {
    "id": "96ba346f-c62f-4fc7-8d79-cb2f3cb6b66c",
    "data": [
      {
        "text": "my internet access isn\u0027t working",
        "userDefined": false
      }
    ],
    "isTemplate": false,
    "count": 0,
    "updated": 0
  },
  {
    "id": "f8f9f32c-3af8-4f6d-ae9a-02ba78b7dd85",
    "data": [
      {
        "text": "my internet access won\u0027t work",
        "userDefined": false
      }
    ],
    "isTemplate": false,
    "count": 0,
    "updated": 0
  },
  {
    "id": "b5862d1f-e103-4f09-aad3-59002ec4352b",
    "data": [
      {
        "text": "my internet connection is not working",
        "userDefined": false
      }
    ],
    "isTemplate": false,
    "count": 0,
    "updated": 0
  },
  {
    "id": "aceabd6f-5701-4e87-962d-5b212ad0a409",
    "data": [
      {
        "text": "my internet connection is unstable",
        "userDefined": false
      }
    ],
    "isTemplate": false,
    "count": 0,
    "updated": 0
  },
  {
    "id": "c7a0c3b8-f776-40bd-b922-258667e9259c",
    "data": [
      {
        "text": "my internet connection is bad",
        "userDefined": false
      }
    ],
    "isTemplate": false,
    "count": 0,
    "updated": 0
  },
  {
    "id": "dee4c356-e4eb-4cdd-a192-3267b3de35e2",
    "data": [
      {
        "text": "internet access problems",
        "userDefined": false
      }
    ],
    "isTemplate": false,
    "count": 0,
    "updated": 0
  },
  {
    "id": "ce2ccd24-b9bb-4e44-8ca1-3005eb280d3e",
    "data": [
      {
        "text": "internet access issues",
        "userDefined": false
      }
    ],
    "isTemplate": false,
    "count": 0,
    "updated": 0
  },
  {
    "id": "33e81d7f-c7c6-4f27-95d4-39b0e339db08",
    "data": [
      {
        "text": "internet connection unstable",
        "userDefined": false
      }
    ],
    "isTemplate": false,
    "count": 0,
    "updated": 0
  },
  {
    "id": "2af9d79c-f28a-43fa-8504-9aaf2c462bd2",
    "data": [
      {
        "text": "internet connection issues",
        "userDefined": false
      }
    ],
    "isTemplate": false,
    "count": 0,
    "updated": 0
  },
  {
    "id": "a181cf70-4f52-435e-a1a0-c6fe1b3f7da4",
    "data": [
      {
        "text": "internet connection problems",
        "userDefined": false
      }
    ],
    "isTemplate": false,
    "count": 0,
    "updated": 0
  },
  {
    "id": "350e447d-b34a-493c-bcbf-f3a52ec01120",
    "data": [
      {
        "text": "internet access assistance",
        "userDefined": false
      }
    ],
    "isTemplate": false,
    "count": 0,
    "updated": 0
  },
  {
    "id": "114cf998-1cd2-4745-aac2-7930fdd13ef3",
    "data": [
      {
        "text": "internet connection assistance",
        "userDefined": false
      }
    ],
    "isTemplate": false,
    "count": 0,
    "updated": 0
  },
  {
    "id": "fb3ee2f4-12a8-47c9-bef5-c5629964158d",
    "data": [
      {
        "text": "pinpoint connection issues",
        "userDefined": false
      }
    ],
    "isTemplate": false,
    "count": 0,
    "updated": 0
  },
  {
    "id": "fa655dbf-6c9d-47ec-805f-b27a42ecc6d8",
    "data": [
      {
        "text": "spot the issue my connection is having",
        "userDefined": false
      }
    ],
    "isTemplate": false,
    "count": 0,
    "updated": 0
  },
  {
    "id": "1920d899-9bb6-45f3-bf0a-7a784f457880",
    "data": [
      {
        "text": "discover my internet problem",
        "userDefined": false
      }
    ],
    "isTemplate": false,
    "count": 0,
    "updated": 0
  },
  {
    "id": "95902b51-4cf1-4b9b-8223-bf227711dbd3",
    "data": [
      {
        "text": "determine my internet issue",
        "userDefined": false
      }
    ],
    "isTemplate": false,
    "count": 0,
    "updated": 0
  },
  {
    "id": "3aeb1c95-ceb6-455e-926a-aabd3c80ffbe",
    "data": [
      {
        "text": "internet connection diagnostic",
        "userDefined": false
      }
    ],
    "isTemplate": false,
    "count": 0,
    "updated": 0
  },
  {
    "id": "35b5f80c-91c5-4871-b441-cd47a87af1be",
    "data": [
      {
        "text": "internet not working",
        "userDefined": false
      }
    ],
    "isTemplate": false,
    "count": 0,
    "updated": 0
  },
  {
    "id": "2749ef3a-18bf-47ec-9c07-809d95c2d86a",
    "data": [
      {
        "text": "diagnose my internet connection",
        "userDefined": false
      }
    ],
    "isTemplate": false,
    "count": 0,
    "updated": 0
  },
  {
    "id": "41184782-6b2b-4664-bba4-bc851533183f",
    "data": [
      {
        "text": "connection of the internet",
        "userDefined": false
      }
    ],
    "isTemplate": false,
    "count": 0,
    "updated": 0
  },
  {
    "id": "b93e6697-a094-451c-a8da-0d43acf0d1ae",
    "data": [
      {
        "text": "fix my internet connection",
        "userDefined": false
      }
    ],
    "isTemplate": false,
    "count": 0,
    "updated": 0
  },
  {
    "id": "2d9ef279-1a6f-42d3-9efc-83271680aa6b",
    "data": [
      {
        "text": "internet connectivity trouble",
        "userDefined": false
      }
    ],
    "isTemplate": false,
    "count": 0,
    "updated": 0
  },
  {
    "id": "dfec4f60-5872-4e6d-88b4-759c33cb5387",
    "data": [
      {
        "text": "internet access",
        "userDefined": false
      }
    ],
    "isTemplate": false,
    "count": 0,
    "updated": 0
  },
  {
    "id": "ee1bb8b5-a2d5-4307-96ff-51e7b39d4163",
    "data": [
      {
        "text": "My problem is the internet connectivity",
        "userDefined": false
      }
    ],
    "isTemplate": false,
    "count": 0,
    "updated": 0
  },
  {
    "id": "4be1e9ec-797a-4a9b-b6fb-a5263dc3d95d",
    "data": [
      {
        "text": "My issue is my internet connection",
        "userDefined": false
      }
    ],
    "isTemplate": false,
    "count": 0,
    "updated": 0
  },
  {
    "id": "f5746fb3-26e1-47cd-bea7-c2de8427ac82",
    "data": [
      {
        "text": "internet connectivity",
        "userDefined": false
      }
    ],
    "isTemplate": false,
    "count": 0,
    "updated": 0
  },
  {
    "id": "62bd6e3c-3972-4259-9434-d569cbe014cf",
    "data": [
      {
        "text": "internet connection",
        "userDefined": false
      }
    ],
    "isTemplate": false,
    "count": 0,
    "updated": 0
  }
]