[
  {
    "id": "99c2e01a-9c05-4713-9c3a-61b8166b23b0",
    "data": [
      {
        "text": "the internet connectivity issues",
        "userDefined": false
      }
    ],
    "isTemplate": false,
    "count": 0,
    "updated": 0
  },
  {
    "id": "d043d9e9-8082-42f7-8a67-366123633e22",
    "data": [
      {
        "text": "the internet connectivity is not good",
        "userDefined": false
      }
    ],
    "isTemplate": false,
    "count": 0,
    "updated": 0
  },
  {
    "id": "1636cbce-a328-467b-8f00-19a5aa66f2cd",
    "data": [
      {
        "text": "the internet connectivity is not sufficient",
        "userDefined": false
      }
    ],
    "isTemplate": false,
    "count": 0,
    "updated": 0
  },
  {
    "id": "e9dda14f-e2aa-4011-ae78-2a655ad43e3d",
    "data": [
      {
        "text": "the internet connectivity is bad",
        "userDefined": false
      }
    ],
    "isTemplate": false,
    "count": 0,
    "updated": 0
  },
  {
    "id": "d57fc3d8-404c-4ef1-8311-bebecb66b20e",
    "data": [
      {
        "text": "the internet connection quality is not good",
        "userDefined": false
      }
    ],
    "isTemplate": false,
    "count": 0,
    "updated": 0
  },
  {
    "id": "0cfba3cf-ef1e-4c7e-ab62-10b2ac3d16e0",
    "data": [
      {
        "text": "the internet connection quality is not sufficient",
        "userDefined": false
      }
    ],
    "isTemplate": false,
    "count": 0,
    "updated": 0
  },
  {
    "id": "0304023b-a275-4ff3-9f7f-e16f1cfcc037",
    "data": [
      {
        "text": "my internet access is not working",
        "userDefined": false
      }
    ],
    "isTemplate": false,
    "count": 1,
    "updated": 0
  },
  {
    "id": "e72c0681-57d4-46e5-8050-bcd2c5cf3d46",
    "data": [
      {
        "text": "my internet access isn\u0027t working",
        "userDefined": false
      }
    ],
    "isTemplate": false,
    "count": 0,
    "updated": 0
  },
  {
    "id": "23333747-2ab6-4ba7-a774-9d0e598cb090",
    "data": [
      {
        "text": "my internet access won\u0027t work",
        "userDefined": false
      }
    ],
    "isTemplate": false,
    "count": 0,
    "updated": 0
  },
  {
    "id": "ae9c5005-21db-4ae4-8cff-36025e71f192",
    "data": [
      {
        "text": "my internet connection is not working",
        "userDefined": false
      }
    ],
    "isTemplate": false,
    "count": 0,
    "updated": 0
  },
  {
    "id": "89d19a16-0b24-42b8-88cb-91544f6ce0ae",
    "data": [
      {
        "text": "my internet connection is unstable",
        "userDefined": false
      }
    ],
    "isTemplate": false,
    "count": 0,
    "updated": 0
  },
  {
    "id": "4520dac9-ca03-49b4-997a-ad7a661eab51",
    "data": [
      {
        "text": "my internet connection is bad",
        "userDefined": false
      }
    ],
    "isTemplate": false,
    "count": 0,
    "updated": 0
  },
  {
    "id": "36a6bed3-e22c-443c-8259-a06023d01e34",
    "data": [
      {
        "text": "internet access problems",
        "userDefined": false
      }
    ],
    "isTemplate": false,
    "count": 0,
    "updated": 0
  },
  {
    "id": "f6adf5fd-b362-4f23-a6e5-79a0eefebac4",
    "data": [
      {
        "text": "internet access issues",
        "userDefined": false
      }
    ],
    "isTemplate": false,
    "count": 0,
    "updated": 0
  },
  {
    "id": "87d8e1df-5149-4bae-bafc-92a9553aa04c",
    "data": [
      {
        "text": "internet connection unstable",
        "userDefined": false
      }
    ],
    "isTemplate": false,
    "count": 0,
    "updated": 0
  },
  {
    "id": "5df8ec6a-c81e-46b7-86d8-2a64f1e5cd87",
    "data": [
      {
        "text": "internet connection issues",
        "userDefined": false
      }
    ],
    "isTemplate": false,
    "count": 0,
    "updated": 0
  },
  {
    "id": "5f1ea075-17ad-423c-99d0-136e919101bd",
    "data": [
      {
        "text": "internet connection problems",
        "userDefined": false
      }
    ],
    "isTemplate": false,
    "count": 0,
    "updated": 0
  },
  {
    "id": "5beb3767-1db4-421f-983c-ba15b2abf5aa",
    "data": [
      {
        "text": "internet access assistance",
        "userDefined": false
      }
    ],
    "isTemplate": false,
    "count": 0,
    "updated": 0
  },
  {
    "id": "0317dd8d-b03b-4db4-9a53-99666261ef62",
    "data": [
      {
        "text": "internet connection assistance",
        "userDefined": false
      }
    ],
    "isTemplate": false,
    "count": 0,
    "updated": 0
  },
  {
    "id": "fb3ee2f4-12a8-47c9-bef5-c5629964158d",
    "data": [
      {
        "text": "pinpoint connection issues",
        "userDefined": false
      }
    ],
    "isTemplate": false,
    "count": 0,
    "updated": 0
  },
  {
    "id": "fa655dbf-6c9d-47ec-805f-b27a42ecc6d8",
    "data": [
      {
        "text": "spot the issue my connection is having",
        "userDefined": false
      }
    ],
    "isTemplate": false,
    "count": 0,
    "updated": 0
  },
  {
    "id": "1920d899-9bb6-45f3-bf0a-7a784f457880",
    "data": [
      {
        "text": "discover my internet problem",
        "userDefined": false
      }
    ],
    "isTemplate": false,
    "count": 0,
    "updated": 0
  },
  {
    "id": "95902b51-4cf1-4b9b-8223-bf227711dbd3",
    "data": [
      {
        "text": "determine my internet issue",
        "userDefined": false
      }
    ],
    "isTemplate": false,
    "count": 0,
    "updated": 0
  },
  {
    "id": "3aeb1c95-ceb6-455e-926a-aabd3c80ffbe",
    "data": [
      {
        "text": "internet connection diagnostic",
        "userDefined": false
      }
    ],
    "isTemplate": false,
    "count": 0,
    "updated": 0
  },
  {
    "id": "35b5f80c-91c5-4871-b441-cd47a87af1be",
    "data": [
      {
        "text": "internet not working",
        "userDefined": false
      }
    ],
    "isTemplate": false,
    "count": 0,
    "updated": 0
  },
  {
    "id": "2749ef3a-18bf-47ec-9c07-809d95c2d86a",
    "data": [
      {
        "text": "diagnose my internet connection",
        "userDefined": false
      }
    ],
    "isTemplate": false,
    "count": 0,
    "updated": 0
  },
  {
    "id": "41184782-6b2b-4664-bba4-bc851533183f",
    "data": [
      {
        "text": "connection of the internet",
        "userDefined": false
      }
    ],
    "isTemplate": false,
    "count": 0,
    "updated": 0
  },
  {
    "id": "b93e6697-a094-451c-a8da-0d43acf0d1ae",
    "data": [
      {
        "text": "fix my internet connection",
        "userDefined": false
      }
    ],
    "isTemplate": false,
    "count": 0,
    "updated": 0
  },
  {
    "id": "2d9ef279-1a6f-42d3-9efc-83271680aa6b",
    "data": [
      {
        "text": "internet connectivity trouble",
        "userDefined": false
      }
    ],
    "isTemplate": false,
    "count": 0,
    "updated": 0
  },
  {
    "id": "79bd3c0f-f771-4a11-93ca-b9d79d96d3d3",
    "data": [
      {
        "text": "internet access",
        "userDefined": false
      }
    ],
    "isTemplate": false,
    "count": 0,
    "updated": 0
  },
  {
    "id": "ee1bb8b5-a2d5-4307-96ff-51e7b39d4163",
    "data": [
      {
        "text": "My problem is the internet connectivity",
        "userDefined": false
      }
    ],
    "isTemplate": false,
    "count": 0,
    "updated": 0
  },
  {
    "id": "4be1e9ec-797a-4a9b-b6fb-a5263dc3d95d",
    "data": [
      {
        "text": "My issue is my internet connection",
        "userDefined": false
      }
    ],
    "isTemplate": false,
    "count": 0,
    "updated": 0
  },
  {
    "id": "f5746fb3-26e1-47cd-bea7-c2de8427ac82",
    "data": [
      {
        "text": "internet connectivity",
        "userDefined": false
      }
    ],
    "isTemplate": false,
    "count": 0,
    "updated": 0
  },
  {
    "id": "62bd6e3c-3972-4259-9434-d569cbe014cf",
    "data": [
      {
        "text": "internet connection",
        "userDefined": false
      }
    ],
    "isTemplate": false,
    "count": 0,
    "updated": 0
  }
]