[
  {
    "id": "fb3ee2f4-12a8-47c9-bef5-c5629964158d",
    "data": [
      {
        "text": "pinpoint connection issues",
        "userDefined": false
      }
    ],
    "isTemplate": false,
    "count": 0,
    "updated": 0
  },
  {
    "id": "fa655dbf-6c9d-47ec-805f-b27a42ecc6d8",
    "data": [
      {
        "text": "spot the issue my connection is having",
        "userDefined": false
      }
    ],
    "isTemplate": false,
    "count": 0,
    "updated": 0
  },
  {
    "id": "1920d899-9bb6-45f3-bf0a-7a784f457880",
    "data": [
      {
        "text": "discover my internet problem",
        "userDefined": false
      }
    ],
    "isTemplate": false,
    "count": 0,
    "updated": 0
  },
  {
    "id": "95902b51-4cf1-4b9b-8223-bf227711dbd3",
    "data": [
      {
        "text": "determine my internet issue",
        "userDefined": false
      }
    ],
    "isTemplate": false,
    "count": 0,
    "updated": 0
  },
  {
    "id": "3aeb1c95-ceb6-455e-926a-aabd3c80ffbe",
    "data": [
      {
        "text": "internet connection diagnostic",
        "userDefined": false
      }
    ],
    "isTemplate": false,
    "count": 0,
    "updated": 0
  },
  {
    "id": "35b5f80c-91c5-4871-b441-cd47a87af1be",
    "data": [
      {
        "text": "internet not working",
        "userDefined": false
      }
    ],
    "isTemplate": false,
    "count": 0,
    "updated": 0
  },
  {
    "id": "2749ef3a-18bf-47ec-9c07-809d95c2d86a",
    "data": [
      {
        "text": "diagnose my internet connection",
        "userDefined": false
      }
    ],
    "isTemplate": false,
    "count": 0,
    "updated": 0
  },
  {
    "id": "41184782-6b2b-4664-bba4-bc851533183f",
    "data": [
      {
        "text": "connection of the internet",
        "userDefined": false
      }
    ],
    "isTemplate": false,
    "count": 0,
    "updated": 0
  },
  {
    "id": "b93e6697-a094-451c-a8da-0d43acf0d1ae",
    "data": [
      {
        "text": "fix my internet connection",
        "userDefined": false
      }
    ],
    "isTemplate": false,
    "count": 0,
    "updated": 0
  },
  {
    "id": "2d9ef279-1a6f-42d3-9efc-83271680aa6b",
    "data": [
      {
        "text": "internet connectivity trouble",
        "userDefined": false
      }
    ],
    "isTemplate": false,
    "count": 0,
    "updated": 0
  },
  {
    "id": "0f8237ee-336a-4af4-b197-f4e4c4ebfe90",
    "data": [
      {
        "text": "internet access",
        "userDefined": false
      }
    ],
    "isTemplate": false,
    "count": 0,
    "updated": 0
  },
  {
    "id": "ee1bb8b5-a2d5-4307-96ff-51e7b39d4163",
    "data": [
      {
        "text": "My problem is the internet connectivity",
        "userDefined": false
      }
    ],
    "isTemplate": false,
    "count": 0,
    "updated": 0
  },
  {
    "id": "4be1e9ec-797a-4a9b-b6fb-a5263dc3d95d",
    "data": [
      {
        "text": "My issue is my internet connection",
        "userDefined": false
      }
    ],
    "isTemplate": false,
    "count": 0,
    "updated": 0
  },
  {
    "id": "f5746fb3-26e1-47cd-bea7-c2de8427ac82",
    "data": [
      {
        "text": "internet connectivity",
        "userDefined": false
      }
    ],
    "isTemplate": false,
    "count": 0,
    "updated": 0
  },
  {
    "id": "62bd6e3c-3972-4259-9434-d569cbe014cf",
    "data": [
      {
        "text": "internet connection",
        "userDefined": false
      }
    ],
    "isTemplate": false,
    "count": 0,
    "updated": 0
  }
]