[
  {
    "id": "151398b7-c256-4b12-9fb7-ddd21031cf20",
    "data": [
      {
        "text": "the internet connectivity issues",
        "userDefined": false
      }
    ],
    "isTemplate": false,
    "count": 0,
    "updated": 0
  },
  {
    "id": "15f5a714-1056-471f-9672-db7700c2b983",
    "data": [
      {
        "text": "the internet connectivity is not good",
        "userDefined": false
      }
    ],
    "isTemplate": false,
    "count": 0,
    "updated": 0
  },
  {
    "id": "3830211d-8ece-49d6-b19f-4ee148b86992",
    "data": [
      {
        "text": "the internet connectivity is not sufficient",
        "userDefined": false
      }
    ],
    "isTemplate": false,
    "count": 0,
    "updated": 0
  },
  {
    "id": "cd2426c7-a7c2-452d-9c72-a115014ed674",
    "data": [
      {
        "text": "the internet connectivity is bad",
        "userDefined": false
      }
    ],
    "isTemplate": false,
    "count": 0,
    "updated": 0
  },
  {
    "id": "db1d35e9-1223-4250-961e-1f6871a0a252",
    "data": [
      {
        "text": "the internet connection quality is not good",
        "userDefined": false
      }
    ],
    "isTemplate": false,
    "count": 0,
    "updated": 0
  },
  {
    "id": "cb6fb451-9854-425e-a9af-dd61313d0338",
    "data": [
      {
        "text": "the internet connection quality is not sufficient",
        "userDefined": false
      }
    ],
    "isTemplate": false,
    "count": 0,
    "updated": 0
  },
  {
    "id": "27cb5ad9-c80c-4288-8299-ade40ab4303f",
    "data": [
      {
        "text": "my internet access is not working",
        "userDefined": false
      }
    ],
    "isTemplate": false,
    "count": 1,
    "updated": 0
  },
  {
    "id": "d72274f1-9285-4d11-bb32-a493d4854629",
    "data": [
      {
        "text": "my internet access isn\u0027t working",
        "userDefined": false
      }
    ],
    "isTemplate": false,
    "count": 0,
    "updated": 0
  },
  {
    "id": "3a4db35a-8d81-4998-b62b-af58586b63e8",
    "data": [
      {
        "text": "my internet access won\u0027t work",
        "userDefined": false
      }
    ],
    "isTemplate": false,
    "count": 0,
    "updated": 0
  },
  {
    "id": "f4317dad-dd00-4609-b00a-02160f114912",
    "data": [
      {
        "text": "my internet connection is not working",
        "userDefined": false
      }
    ],
    "isTemplate": false,
    "count": 0,
    "updated": 0
  },
  {
    "id": "62c97fad-08aa-45d4-940e-ae5a2400791c",
    "data": [
      {
        "text": "my internet connection is unstable",
        "userDefined": false
      }
    ],
    "isTemplate": false,
    "count": 0,
    "updated": 0
  },
  {
    "id": "f1901856-df3c-406f-9cd1-4e2674763d90",
    "data": [
      {
        "text": "my internet connection is bad",
        "userDefined": false
      }
    ],
    "isTemplate": false,
    "count": 0,
    "updated": 0
  },
  {
    "id": "0b25df57-9e6d-4bbf-80c4-fe415dd95716",
    "data": [
      {
        "text": "internet access problems",
        "userDefined": false
      }
    ],
    "isTemplate": false,
    "count": 0,
    "updated": 0
  },
  {
    "id": "11b13b06-0388-40d6-b651-661748666e63",
    "data": [
      {
        "text": "internet access issues",
        "userDefined": false
      }
    ],
    "isTemplate": false,
    "count": 0,
    "updated": 0
  },
  {
    "id": "c0b775e9-60ab-4e3c-92ba-0b43dbf282bc",
    "data": [
      {
        "text": "internet connection unstable",
        "userDefined": false
      }
    ],
    "isTemplate": false,
    "count": 0,
    "updated": 0
  },
  {
    "id": "760a56b1-d578-4ecd-ae54-6e18c0bc7c24",
    "data": [
      {
        "text": "internet connection issues",
        "userDefined": false
      }
    ],
    "isTemplate": false,
    "count": 0,
    "updated": 0
  },
  {
    "id": "d09b42de-3e75-454f-89a7-42e00b556717",
    "data": [
      {
        "text": "internet connection problems",
        "userDefined": false
      }
    ],
    "isTemplate": false,
    "count": 0,
    "updated": 0
  },
  {
    "id": "943adfce-537a-4c4b-a596-7f4886f0b8f5",
    "data": [
      {
        "text": "internet access assistance",
        "userDefined": false
      }
    ],
    "isTemplate": false,
    "count": 0,
    "updated": 0
  },
  {
    "id": "32d242d5-4ed3-4639-9715-50538a73d82e",
    "data": [
      {
        "text": "internet connection assistance",
        "userDefined": false
      }
    ],
    "isTemplate": false,
    "count": 0,
    "updated": 0
  },
  {
    "id": "fb3ee2f4-12a8-47c9-bef5-c5629964158d",
    "data": [
      {
        "text": "pinpoint connection issues",
        "userDefined": false
      }
    ],
    "isTemplate": false,
    "count": 0,
    "updated": 0
  },
  {
    "id": "fa655dbf-6c9d-47ec-805f-b27a42ecc6d8",
    "data": [
      {
        "text": "spot the issue my connection is having",
        "userDefined": false
      }
    ],
    "isTemplate": false,
    "count": 0,
    "updated": 0
  },
  {
    "id": "1920d899-9bb6-45f3-bf0a-7a784f457880",
    "data": [
      {
        "text": "discover my internet problem",
        "userDefined": false
      }
    ],
    "isTemplate": false,
    "count": 0,
    "updated": 0
  },
  {
    "id": "95902b51-4cf1-4b9b-8223-bf227711dbd3",
    "data": [
      {
        "text": "determine my internet issue",
        "userDefined": false
      }
    ],
    "isTemplate": false,
    "count": 0,
    "updated": 0
  },
  {
    "id": "3aeb1c95-ceb6-455e-926a-aabd3c80ffbe",
    "data": [
      {
        "text": "internet connection diagnostic",
        "userDefined": false
      }
    ],
    "isTemplate": false,
    "count": 0,
    "updated": 0
  },
  {
    "id": "35b5f80c-91c5-4871-b441-cd47a87af1be",
    "data": [
      {
        "text": "internet not working",
        "userDefined": false
      }
    ],
    "isTemplate": false,
    "count": 0,
    "updated": 0
  },
  {
    "id": "2749ef3a-18bf-47ec-9c07-809d95c2d86a",
    "data": [
      {
        "text": "diagnose my internet connection",
        "userDefined": false
      }
    ],
    "isTemplate": false,
    "count": 0,
    "updated": 0
  },
  {
    "id": "41184782-6b2b-4664-bba4-bc851533183f",
    "data": [
      {
        "text": "connection of the internet",
        "userDefined": false
      }
    ],
    "isTemplate": false,
    "count": 0,
    "updated": 0
  },
  {
    "id": "b93e6697-a094-451c-a8da-0d43acf0d1ae",
    "data": [
      {
        "text": "fix my internet connection",
        "userDefined": false
      }
    ],
    "isTemplate": false,
    "count": 0,
    "updated": 0
  },
  {
    "id": "2d9ef279-1a6f-42d3-9efc-83271680aa6b",
    "data": [
      {
        "text": "internet connectivity trouble",
        "userDefined": false
      }
    ],
    "isTemplate": false,
    "count": 0,
    "updated": 0
  },
  {
    "id": "1f61daca-5b2b-4fe2-8472-dff9c422e964",
    "data": [
      {
        "text": "internet access",
        "userDefined": false
      }
    ],
    "isTemplate": false,
    "count": 0,
    "updated": 0
  },
  {
    "id": "ee1bb8b5-a2d5-4307-96ff-51e7b39d4163",
    "data": [
      {
        "text": "My problem is the internet connectivity",
        "userDefined": false
      }
    ],
    "isTemplate": false,
    "count": 0,
    "updated": 0
  },
  {
    "id": "4be1e9ec-797a-4a9b-b6fb-a5263dc3d95d",
    "data": [
      {
        "text": "My issue is my internet connection",
        "userDefined": false
      }
    ],
    "isTemplate": false,
    "count": 0,
    "updated": 0
  },
  {
    "id": "f5746fb3-26e1-47cd-bea7-c2de8427ac82",
    "data": [
      {
        "text": "internet connectivity",
        "userDefined": false
      }
    ],
    "isTemplate": false,
    "count": 0,
    "updated": 0
  },
  {
    "id": "62bd6e3c-3972-4259-9434-d569cbe014cf",
    "data": [
      {
        "text": "internet connection",
        "userDefined": false
      }
    ],
    "isTemplate": false,
    "count": 0,
    "updated": 0
  }
]