[
  {
    "id": "e68428a8-e59f-468b-86a6-1a4b9257c79a",
    "data": [
      {
        "text": "no never",
        "userDefined": false
      }
    ],
    "isTemplate": false,
    "count": 0,
    "updated": 0
  },
  {
    "id": "38e56fe1-6891-4bc2-bde4-c7b8e3013d48",
    "data": [
      {
        "text": "not at all",
        "userDefined": false
      }
    ],
    "isTemplate": false,
    "count": 0,
    "updated": 0
  },
  {
    "id": "43485671-3a8c-4151-b8a4-c81d8b18587c",
    "data": [
      {
        "text": "no way",
        "userDefined": false
      }
    ],
    "isTemplate": false,
    "count": 0,
    "updated": 0
  },
  {
    "id": "a0534f55-362f-4c6e-a3a1-3db100226cf0",
    "data": [
      {
        "text": "not really",
        "userDefined": false
      }
    ],
    "isTemplate": false,
    "count": 0,
    "updated": 0
  },
  {
    "id": "c6c5b51f-6216-43eb-b0b0-1a72b85e887c",
    "data": [
      {
        "text": "no don\u0027t do it",
        "userDefined": false
      }
    ],
    "isTemplate": false,
    "count": 0,
    "updated": 0
  },
  {
    "id": "f51f4133-904f-4e4d-9eaa-9e1bc2e5b316",
    "data": [
      {
        "text": "don\u0027t put that as my name",
        "userDefined": false
      }
    ],
    "isTemplate": false,
    "count": 0,
    "updated": 0
  },
  {
    "id": "7c52cb6e-f3da-427e-970d-aab625e36ad5",
    "data": [
      {
        "text": "I don\u0027t want that for a name",
        "userDefined": false
      }
    ],
    "isTemplate": false,
    "count": 0,
    "updated": 0
  },
  {
    "id": "deb73991-712f-40fb-a72c-7f4c0d3e0fd9",
    "data": [
      {
        "text": "thanks but no",
        "userDefined": false
      }
    ],
    "isTemplate": false,
    "count": 0,
    "updated": 0
  },
  {
    "id": "fe0e28ad-d644-4a50-8ce9-717500805dd5",
    "data": [
      {
        "text": "I don\u0027t think so",
        "userDefined": false
      }
    ],
    "isTemplate": false,
    "count": 0,
    "updated": 0
  },
  {
    "id": "19bbbddd-aa3d-4e0d-b49d-abfcc84a820d",
    "data": [
      {
        "text": "not my name",
        "userDefined": false
      }
    ],
    "isTemplate": false,
    "count": 0,
    "updated": 0
  },
  {
    "id": "09df3698-ab5c-46ca-aefd-21a776766065",
    "data": [
      {
        "text": "I disagree",
        "userDefined": false
      }
    ],
    "isTemplate": false,
    "count": 0,
    "updated": 0
  },
  {
    "id": "058eddcb-ac89-402b-9ffe-a13ebaf3c249",
    "data": [
      {
        "text": "nope not really",
        "userDefined": false
      }
    ],
    "isTemplate": false,
    "count": 0,
    "updated": 0
  },
  {
    "id": "37e818da-5fc2-4afd-b1eb-f64b74acc550",
    "data": [
      {
        "text": "don\u0027t",
        "userDefined": false
      }
    ],
    "isTemplate": false,
    "count": 0,
    "updated": 0
  },
  {
    "id": "4a725bd5-018e-4f28-8bf6-0789cfa52f8d",
    "data": [
      {
        "text": "na",
        "userDefined": false
      }
    ],
    "isTemplate": false,
    "count": 0,
    "updated": 0
  },
  {
    "id": "2afa23d8-529c-4d64-85ab-4f90be51e470",
    "data": [
      {
        "text": "no don\u0027t",
        "userDefined": false
      }
    ],
    "isTemplate": false,
    "count": 0,
    "updated": 0
  },
  {
    "id": "1940e171-7611-4865-9ec6-1ef2644e48a9",
    "data": [
      {
        "text": "never",
        "userDefined": false
      }
    ],
    "isTemplate": false,
    "count": 0,
    "updated": 0
  },
  {
    "id": "0878265e-4a4e-4e2a-b811-9fa867601212",
    "data": [
      {
        "text": "nope",
        "userDefined": false
      }
    ],
    "isTemplate": false,
    "count": 0,
    "updated": 0
  },
  {
    "id": "4db7e9ab-126e-4039-8eed-5436595dafc4",
    "data": [
      {
        "text": "nah",
        "userDefined": false
      }
    ],
    "isTemplate": false,
    "count": 0,
    "updated": 0
  },
  {
    "id": "6472764d-978d-4abd-ab78-8bc28d5438c2",
    "data": [
      {
        "text": "no",
        "userDefined": false
      }
    ],
    "isTemplate": false,
    "count": 0,
    "updated": 0
  },
  {
    "id": "5d16e120-bfb9-4676-8b0b-8085814c2fe9",
    "data": [
      {
        "text": "you made a mistake with guessing my name",
        "userDefined": false
      }
    ],
    "isTemplate": false,
    "count": 0,
    "updated": 0
  },
  {
    "id": "b6500142-f3b8-49cf-ad38-401e777cb885",
    "data": [
      {
        "text": "wrong surname",
        "userDefined": false
      }
    ],
    "isTemplate": false,
    "count": 0,
    "updated": 0
  },
  {
    "id": "39cc50ae-e1c0-4880-a052-1fbde621eb9e",
    "data": [
      {
        "text": "my last name is not correct",
        "userDefined": false
      }
    ],
    "isTemplate": false,
    "count": 0,
    "updated": 0
  },
  {
    "id": "fddc4a93-b7c8-42a7-a241-7cde62f779dd",
    "data": [
      {
        "text": "no that is not my name",
        "userDefined": false
      }
    ],
    "isTemplate": false,
    "count": 0,
    "updated": 0
  },
  {
    "id": "1f7f941d-1d35-43c5-922f-9dd88ce41704",
    "data": [
      {
        "text": "you got my surname wrong",
        "userDefined": false
      }
    ],
    "isTemplate": false,
    "count": 0,
    "updated": 0
  },
  {
    "id": "7662a549-8786-4f5a-a2ce-649f70f39452",
    "data": [
      {
        "text": "that is not my family name",
        "userDefined": false
      }
    ],
    "isTemplate": false,
    "count": 0,
    "updated": 0
  },
  {
    "id": "069e96fd-da83-4514-a1df-fb97bca5ca43",
    "data": [
      {
        "text": "the last name was not correct",
        "userDefined": false
      }
    ],
    "isTemplate": false,
    "count": 0,
    "updated": 0
  },
  {
    "id": "add7ed1f-418a-425c-a38f-c53a92ebb398",
    "data": [
      {
        "text": "that is not the name a gave",
        "userDefined": false
      }
    ],
    "isTemplate": false,
    "count": 0,
    "updated": 0
  },
  {
    "id": "16135bb5-153c-4e64-8954-c1fb36dbe19b",
    "data": [
      {
        "text": "that name is an error",
        "userDefined": false
      }
    ],
    "isTemplate": false,
    "count": 0,
    "updated": 0
  }
]