[
  {
    "id": "cd017c95-463a-4a9d-8337-c83d090d1824",
    "data": [
      {
        "text": "Mister ",
        "userDefined": false
      },
      {
        "text": "Smith",
        "alias": "lastname",
        "meta": "@sys.any",
        "userDefined": false
      }
    ],
    "isTemplate": false,
    "count": 0,
    "updated": 0
  },
  {
    "id": "3e705cfa-dd65-4797-8b67-63d6e9c62730",
    "data": [
      {
        "text": "Annette ",
        "userDefined": false
      },
      {
        "text": "McClusky",
        "alias": "lastname",
        "meta": "@sys.any",
        "userDefined": false
      },
      {
        "text": " is my name",
        "userDefined": false
      }
    ],
    "isTemplate": false,
    "count": 0,
    "updated": 0
  },
  {
    "id": "0b3e81a6-4d73-49cb-8477-a17ef31074c2",
    "data": [
      {
        "text": "Angela ",
        "userDefined": false
      },
      {
        "text": "Mill",
        "alias": "lastname",
        "meta": "@sys.any",
        "userDefined": false
      },
      {
        "text": " is my full name",
        "userDefined": false
      }
    ],
    "isTemplate": false,
    "count": 0,
    "updated": 0
  },
  {
    "id": "b9559271-f1d6-463a-b832-816952155dfc",
    "data": [
      {
        "text": "My name is Clarence ",
        "userDefined": false
      },
      {
        "text": "Shires",
        "alias": "lastname",
        "meta": "@sys.any",
        "userDefined": false
      }
    ],
    "isTemplate": false,
    "count": 0,
    "updated": 0
  },
  {
    "id": "d552d34d-2607-4683-b730-31c48857b52c",
    "data": [
      {
        "text": "My full name is Sally ",
        "userDefined": false
      },
      {
        "text": "Ryland",
        "alias": "lastname",
        "meta": "@sys.any",
        "userDefined": false
      }
    ],
    "isTemplate": false,
    "count": 0,
    "updated": 0
  },
  {
    "id": "3e46d0c5-b435-4a5d-ae14-233d887e690e",
    "data": [
      {
        "text": "I\u0027m Paula",
        "meta": "@sys.ignore",
        "userDefined": false
      },
      {
        "text": " ",
        "userDefined": false
      },
      {
        "text": "Richie",
        "alias": "lastname",
        "meta": "@sys.any",
        "userDefined": false
      }
    ],
    "isTemplate": false,
    "count": 0,
    "updated": 0
  },
  {
    "id": "5054057b-eaa8-4610-b5f3-f41fab6b7efb",
    "data": [
      {
        "text": "I am Sandra ",
        "userDefined": false
      },
      {
        "text": "Naples",
        "alias": "lastname",
        "meta": "@sys.any",
        "userDefined": false
      }
    ],
    "isTemplate": false,
    "count": 0,
    "updated": 0
  },
  {
    "id": "9b50f668-f2f4-4448-b87d-56e7046d3670",
    "data": [
      {
        "text": "just ",
        "userDefined": false
      },
      {
        "text": "McClaran",
        "alias": "lastname",
        "meta": "@sys.any",
        "userDefined": false
      }
    ],
    "isTemplate": false,
    "count": 0,
    "updated": 0
  },
  {
    "id": "2b68991b-44f6-4048-9419-833e94fc4263",
    "data": [
      {
        "text": "Kittinger",
        "alias": "lastname",
        "meta": "@sys.any",
        "userDefined": false
      },
      {
        "text": " last name",
        "userDefined": false
      }
    ],
    "isTemplate": false,
    "count": 0,
    "updated": 0
  },
  {
    "id": "e04a6c30-9fda-493f-a3d2-486585fbd42d",
    "data": [
      {
        "text": "Gwan",
        "alias": "lastname",
        "meta": "@sys.any",
        "userDefined": false
      },
      {
        "text": " surname",
        "userDefined": false
      }
    ],
    "isTemplate": false,
    "count": 0,
    "updated": 0
  },
  {
    "id": "06b4af7a-c421-4615-b8ba-2756f9bbe874",
    "data": [
      {
        "text": "surname ",
        "userDefined": false
      },
      {
        "text": "Lee",
        "alias": "lastname",
        "meta": "@sys.any",
        "userDefined": false
      }
    ],
    "isTemplate": false,
    "count": 0,
    "updated": 0
  },
  {
    "id": "fa16f80c-5d7b-415d-a77b-e9c498a6fce3",
    "data": [
      {
        "text": "last name ",
        "userDefined": false
      },
      {
        "text": "McNeel",
        "alias": "lastname",
        "meta": "@sys.any",
        "userDefined": false
      }
    ],
    "isTemplate": false,
    "count": 0,
    "updated": 0
  },
  {
    "id": "293964b8-30b4-46ef-bd9f-2ee6f49dc3cc",
    "data": [
      {
        "text": "it is ",
        "userDefined": false
      },
      {
        "text": "Messing",
        "alias": "lastname",
        "meta": "@sys.any",
        "userDefined": false
      }
    ],
    "isTemplate": false,
    "count": 0,
    "updated": 0
  },
  {
    "id": "06571b20-bcd9-4913-a668-f016aa859a1d",
    "data": [
      {
        "text": "it\u0027s ",
        "userDefined": false
      },
      {
        "text": "Park",
        "alias": "lastname",
        "meta": "@sys.any",
        "userDefined": true
      }
    ],
    "isTemplate": false,
    "count": 0,
    "updated": 0
  },
  {
    "id": "3fcc5e19-ec7f-4dd4-a935-47f6837bb9db",
    "data": [
      {
        "text": "My family",
        "meta": "@sys.ignore",
        "userDefined": false
      },
      {
        "text": " name is ",
        "userDefined": false
      },
      {
        "text": "Kim",
        "alias": "lastname",
        "meta": "@sys.any",
        "userDefined": false
      }
    ],
    "isTemplate": false,
    "count": 0,
    "updated": 0
  },
  {
    "id": "7d5d1c88-7c54-442e-8515-a11620bbd245",
    "data": [
      {
        "text": "Moreno",
        "alias": "lastname",
        "meta": "@sys.any",
        "userDefined": false
      },
      {
        "text": " is ",
        "userDefined": false
      },
      {
        "text": "my family",
        "meta": "@sys.ignore",
        "userDefined": false
      },
      {
        "text": " name",
        "userDefined": false
      }
    ],
    "isTemplate": false,
    "count": 0,
    "updated": 0
  },
  {
    "id": "0b8247d5-42e7-4f5b-bdcc-e803f69333f8",
    "data": [
      {
        "text": "Professor ",
        "userDefined": false
      },
      {
        "text": "Blandon",
        "alias": "lastname",
        "meta": "@sys.any",
        "userDefined": false
      }
    ],
    "isTemplate": false,
    "count": 0,
    "updated": 0
  },
  {
    "id": "511d9675-0d92-4972-9a71-098c9f2e6b3f",
    "data": [
      {
        "text": "Dr. ",
        "userDefined": false
      },
      {
        "text": "Aarons",
        "alias": "lastname",
        "meta": "@sys.any",
        "userDefined": false
      }
    ],
    "isTemplate": false,
    "count": 0,
    "updated": 0
  },
  {
    "id": "bc0c7b91-467d-44f8-bd13-d3578f6fbb52",
    "data": [
      {
        "text": "Johnson",
        "alias": "lastname",
        "meta": "@sys.any",
        "userDefined": false
      }
    ],
    "isTemplate": false,
    "count": 0,
    "updated": 0
  },
  {
    "id": "872688e9-7bb3-48f0-be1e-fbe0dca46215",
    "data": [
      {
        "text": "Suarez",
        "alias": "lastname",
        "meta": "@sys.any",
        "userDefined": false
      }
    ],
    "isTemplate": false,
    "count": 0,
    "updated": 0
  },
  {
    "id": "3e871392-d5c2-4edf-b038-19a8c008b3f2",
    "data": [
      {
        "text": "Mr. ",
        "userDefined": false
      },
      {
        "text": "Handel",
        "alias": "lastname",
        "meta": "@sys.any",
        "userDefined": false
      }
    ],
    "isTemplate": false,
    "count": 0,
    "updated": 0
  },
  {
    "id": "68bc3cc4-7b74-4525-a10a-0d157466a966",
    "data": [
      {
        "text": "Mrs. ",
        "userDefined": false
      },
      {
        "text": "Geller",
        "alias": "lastname",
        "meta": "@sys.any",
        "userDefined": false
      }
    ],
    "isTemplate": false,
    "count": 0,
    "updated": 0
  },
  {
    "id": "fd09deef-fa33-43cf-b0d6-458de5ad2643",
    "data": [
      {
        "text": "Ms. ",
        "userDefined": false
      },
      {
        "text": "Croft",
        "alias": "lastname",
        "meta": "@sys.any",
        "userDefined": false
      }
    ],
    "isTemplate": false,
    "count": 0,
    "updated": 0
  },
  {
    "id": "bd400130-c6c7-46f8-b52a-69d90f6c32c0",
    "data": [
      {
        "text": "Mrs. ",
        "userDefined": false
      },
      {
        "text": "Zeiger",
        "alias": "lastname",
        "meta": "@sys.any",
        "userDefined": false
      }
    ],
    "isTemplate": false,
    "count": 0,
    "updated": 0
  },
  {
    "id": "cc073507-5ccd-4c02-b1f7-9c64ddf2ef6d",
    "data": [
      {
        "text": "Alonso",
        "alias": "lastname",
        "meta": "@sys.any",
        "userDefined": false
      },
      {
        "text": " is my last name",
        "userDefined": false
      }
    ],
    "isTemplate": false,
    "count": 0,
    "updated": 0
  },
  {
    "id": "e02548b5-b493-4fcb-90e2-e438ab30fbb2",
    "data": [
      {
        "text": "Ivanov",
        "alias": "lastname",
        "meta": "@sys.any",
        "userDefined": false
      },
      {
        "text": " is my surname",
        "userDefined": false
      }
    ],
    "isTemplate": false,
    "count": 0,
    "updated": 0
  },
  {
    "id": "a6fb99cb-e85c-4520-a909-22f160d2a5ec",
    "data": [
      {
        "text": "My surname is ",
        "userDefined": false
      },
      {
        "text": "Serrano",
        "alias": "lastname",
        "meta": "@sys.any",
        "userDefined": false
      }
    ],
    "isTemplate": false,
    "count": 0,
    "updated": 0
  },
  {
    "id": "b05ee2b9-71c9-4152-88ac-04ca3abb7de3",
    "data": [
      {
        "text": "My last name is ",
        "userDefined": false
      },
      {
        "text": "Barnaby",
        "alias": "lastname",
        "meta": "@sys.any",
        "userDefined": false
      }
    ],
    "isTemplate": false,
    "count": 0,
    "updated": 0
  }
]