[
  {
    "id": "5fd5e772-e2af-4a02-aa07-365d03bbc779",
    "data": [
      {
        "text": "Hansen",
        "alias": "last-name",
        "meta": "@sys.last-name",
        "userDefined": false
      }
    ],
    "isTemplate": false,
    "count": 0,
    "updated": 0
  },
  {
    "id": "2a5c02a2-5c47-4aa7-a209-ddb4e235af6a",
    "data": [
      {
        "text": "Murphy",
        "alias": "last-name",
        "meta": "@sys.last-name",
        "userDefined": false
      }
    ],
    "isTemplate": false,
    "count": 0,
    "updated": 0
  },
  {
    "id": "7eea8165-8897-4541-9e6d-9a84a74f1217",
    "data": [
      {
        "text": "Garcia",
        "alias": "last-name",
        "meta": "@sys.last-name",
        "userDefined": false
      }
    ],
    "isTemplate": false,
    "count": 0,
    "updated": 0
  },
  {
    "id": "e71df8d2-06bd-4513-8b2d-cb34621c486e",
    "data": [
      {
        "text": "Ali",
        "alias": "last-name",
        "meta": "@sys.last-name",
        "userDefined": false
      }
    ],
    "isTemplate": false,
    "count": 0,
    "updated": 0
  },
  {
    "id": "a381e8e4-20c5-4fc0-9222-906eea267179",
    "data": [
      {
        "text": "Lawson",
        "alias": "last-name",
        "meta": "@sys.last-name",
        "userDefined": false
      }
    ],
    "isTemplate": false,
    "count": 0,
    "updated": 0
  },
  {
    "id": "621ab287-9805-465e-8c93-dd3f60264c61",
    "data": [
      {
        "text": "Mohamed",
        "alias": "last-name",
        "meta": "@sys.last-name",
        "userDefined": false
      }
    ],
    "isTemplate": false,
    "count": 0,
    "updated": 0
  },
  {
    "id": "9bd298ef-c83f-4f52-bc9f-328fb27f4c4b",
    "data": [
      {
        "text": "Ms. ",
        "userDefined": false
      },
      {
        "text": "Wilson",
        "alias": "last-name",
        "meta": "@sys.last-name",
        "userDefined": true
      }
    ],
    "isTemplate": false,
    "count": 0,
    "updated": 0
  },
  {
    "id": "890ed625-3c79-41f5-b05b-fde33e0ba8a6",
    "data": [
      {
        "text": "Mrs. ",
        "userDefined": false
      },
      {
        "text": "Davis",
        "alias": "last-name",
        "meta": "@sys.last-name",
        "userDefined": true
      }
    ],
    "isTemplate": false,
    "count": 0,
    "updated": 0
  },
  {
    "id": "10fd7c75-bba2-4921-b852-593bf6c39a47",
    "data": [
      {
        "text": "Miss ",
        "userDefined": false
      },
      {
        "text": "Johnson",
        "alias": "last-name",
        "meta": "@sys.last-name",
        "userDefined": true
      }
    ],
    "isTemplate": false,
    "count": 0,
    "updated": 0
  },
  {
    "id": "47802a24-acd4-4ccc-bc19-f8bf2c0dbc1a",
    "data": [
      {
        "text": "Mr. ",
        "userDefined": false
      },
      {
        "text": "Williamson",
        "alias": "last-name",
        "meta": "@sys.last-name",
        "userDefined": true
      }
    ],
    "isTemplate": false,
    "count": 0,
    "updated": 0
  },
  {
    "id": "dafdb16e-7fbc-4c0f-abc9-9861602f85b7",
    "data": [
      {
        "text": "My surname is ",
        "userDefined": false
      },
      {
        "text": "Smith",
        "alias": "last-name",
        "meta": "@sys.last-name",
        "userDefined": true
      }
    ],
    "isTemplate": false,
    "count": 0,
    "updated": 0
  },
  {
    "id": "5ce417e1-8a60-4a4b-8d00-601f00243968",
    "data": [
      {
        "text": "My last name is ",
        "userDefined": false
      },
      {
        "text": "Jones",
        "alias": "last-name",
        "meta": "@sys.last-name",
        "userDefined": false
      }
    ],
    "isTemplate": false,
    "count": 0,
    "updated": 0
  },
  {
    "id": "d5392892-3eba-41b4-bd45-ab5372cce95c",
    "data": [
      {
        "text": "My family name is ",
        "userDefined": false
      },
      {
        "text": "Brown",
        "alias": "last-name",
        "meta": "@sys.last-name",
        "userDefined": false
      }
    ],
    "isTemplate": false,
    "count": 0,
    "updated": 0
  },
  {
    "id": "82cfa4a1-4955-4ab0-9da0-58c5aef08623",
    "data": [
      {
        "text": "It is ",
        "userDefined": false
      },
      {
        "text": "Miller",
        "alias": "last-name",
        "meta": "@sys.last-name",
        "userDefined": true
      }
    ],
    "isTemplate": false,
    "count": 0,
    "updated": 0
  },
  {
    "id": "68b00b47-112e-46c7-b40a-c2c63f67250a",
    "data": [
      {
        "text": "Lopez",
        "alias": "last-name",
        "meta": "@sys.last-name",
        "userDefined": true
      },
      {
        "text": " is my last name",
        "userDefined": false
      }
    ],
    "isTemplate": false,
    "count": 0,
    "updated": 0
  },
  {
    "id": "1f792c4f-7bfc-4fbf-a0ab-2ce596da95da",
    "data": [
      {
        "text": "King",
        "alias": "last-name",
        "meta": "@sys.last-name",
        "userDefined": true
      },
      {
        "text": " is my surname",
        "userDefined": false
      }
    ],
    "isTemplate": false,
    "count": 0,
    "updated": 0
  },
  {
    "id": "a89cc0bf-595a-48ed-8f1c-83f13b8a06b6",
    "data": [
      {
        "text": "Moore",
        "alias": "last-name",
        "meta": "@sys.last-name",
        "userDefined": true
      },
      {
        "text": " is my family name",
        "userDefined": false
      }
    ],
    "isTemplate": false,
    "count": 0,
    "updated": 0
  }
]