[
  {
    "id": "1d738593-8609-44ca-97d7-6d3f7d3f662b",
    "data": [
      {
        "text": "Moore",
        "alias": "last-name",
        "meta": "@sys.last-name",
        "userDefined": true
      },
      {
        "text": " is my family name",
        "userDefined": false
      }
    ],
    "isTemplate": false,
    "count": 0,
    "updated": 0
  },
  {
    "id": "840b9343-6507-406c-9939-6ee411733ade",
    "data": [
      {
        "text": "King",
        "alias": "last-name",
        "meta": "@sys.last-name",
        "userDefined": true
      },
      {
        "text": " is my surname",
        "userDefined": false
      }
    ],
    "isTemplate": false,
    "count": 0,
    "updated": 0
  },
  {
    "id": "d73e9303-39df-45f0-a176-4a90c00c0e1b",
    "data": [
      {
        "text": "Lopez",
        "alias": "last-name",
        "meta": "@sys.last-name",
        "userDefined": true
      },
      {
        "text": " is my last name",
        "userDefined": false
      }
    ],
    "isTemplate": false,
    "count": 0,
    "updated": 0
  },
  {
    "id": "d3c353d8-fd41-40c1-a1b6-c8dcd272136a",
    "data": [
      {
        "text": "Ms. ",
        "userDefined": false
      },
      {
        "text": "Johnson",
        "alias": "last-name",
        "meta": "@sys.last-name",
        "userDefined": true
      }
    ],
    "isTemplate": false,
    "count": 0,
    "updated": 0
  },
  {
    "id": "7709f27b-e0fd-48de-96a0-e20b2cb423f1",
    "data": [
      {
        "text": "Miss ",
        "userDefined": false
      },
      {
        "text": "Williams",
        "alias": "last-name",
        "meta": "@sys.last-name",
        "userDefined": true
      }
    ],
    "isTemplate": false,
    "count": 0,
    "updated": 0
  },
  {
    "id": "83d5990f-c0e3-44da-82d1-557634ba09a5",
    "data": [
      {
        "text": "Mrs. ",
        "userDefined": false
      },
      {
        "text": "Davis",
        "alias": "last-name",
        "meta": "@sys.last-name",
        "userDefined": true
      }
    ],
    "isTemplate": false,
    "count": 0,
    "updated": 0
  },
  {
    "id": "0e3ead3f-94af-4c17-ae56-a37d19d9d3c6",
    "data": [
      {
        "text": "Mr. ",
        "userDefined": false
      },
      {
        "text": "Wilson",
        "alias": "last-name",
        "meta": "@sys.last-name",
        "userDefined": true
      }
    ],
    "isTemplate": false,
    "count": 0,
    "updated": 0
  },
  {
    "id": "1cd23853-4fef-49f2-b7a7-752060bb1753",
    "data": [
      {
        "text": "It is ",
        "userDefined": false
      },
      {
        "text": "Miller",
        "alias": "last-name",
        "meta": "@sys.last-name",
        "userDefined": true
      }
    ],
    "isTemplate": false,
    "count": 0,
    "updated": 0
  },
  {
    "id": "9e57b7da-5395-4c94-a5b3-6966cb39c35a",
    "data": [
      {
        "text": "My family name is ",
        "userDefined": false
      },
      {
        "text": "Brown",
        "alias": "last-name",
        "meta": "@sys.last-name",
        "userDefined": false
      }
    ],
    "isTemplate": false,
    "count": 0,
    "updated": 0
  },
  {
    "id": "bcffb6e3-c416-4f07-8790-6b35509f9f7c",
    "data": [
      {
        "text": "My last name is ",
        "userDefined": false
      },
      {
        "text": "Jones",
        "alias": "last-name",
        "meta": "@sys.last-name",
        "userDefined": false
      }
    ],
    "isTemplate": false,
    "count": 0,
    "updated": 0
  },
  {
    "id": "6e35f0cb-499b-4b6f-b8e3-42311d03b3e5",
    "data": [
      {
        "text": "My surname is ",
        "userDefined": false
      },
      {
        "text": "Smith",
        "alias": "last-name",
        "meta": "@sys.last-name",
        "userDefined": true
      }
    ],
    "isTemplate": false,
    "count": 0,
    "updated": 0
  }
]