[
  {
    "id": "a0044379-234b-4d25-868f-cbe1b0cce046",
    "data": [
      {
        "text": "Mister ",
        "userDefined": false
      },
      {
        "text": "Smith",
        "alias": "lastname",
        "meta": "@sys.any",
        "userDefined": false
      }
    ],
    "isTemplate": false,
    "count": 0,
    "updated": 0
  },
  {
    "id": "d092f422-0d68-4f06-badf-be9db15c550b",
    "data": [
      {
        "text": "Annette ",
        "userDefined": false
      },
      {
        "text": "McClusky",
        "alias": "lastname",
        "meta": "@sys.any",
        "userDefined": false
      },
      {
        "text": " is my name",
        "userDefined": false
      }
    ],
    "isTemplate": false,
    "count": 0,
    "updated": 0
  },
  {
    "id": "565c8e12-3f54-4b86-9385-7a88fb52517a",
    "data": [
      {
        "text": "Angela ",
        "userDefined": false
      },
      {
        "text": "Mill",
        "alias": "lastname",
        "meta": "@sys.any",
        "userDefined": false
      },
      {
        "text": " is my full name",
        "userDefined": false
      }
    ],
    "isTemplate": false,
    "count": 0,
    "updated": 0
  },
  {
    "id": "a7f0f323-b2a2-48aa-9d7b-63f89bdcabc8",
    "data": [
      {
        "text": "My name is Clarence ",
        "userDefined": false
      },
      {
        "text": "Shires",
        "alias": "lastname",
        "meta": "@sys.any",
        "userDefined": false
      }
    ],
    "isTemplate": false,
    "count": 0,
    "updated": 0
  },
  {
    "id": "79a667cb-d7ad-4b26-9fc9-970a11e11a4c",
    "data": [
      {
        "text": "My full name is Sally ",
        "userDefined": false
      },
      {
        "text": "Ryland",
        "alias": "lastname",
        "meta": "@sys.any",
        "userDefined": false
      }
    ],
    "isTemplate": false,
    "count": 0,
    "updated": 0
  },
  {
    "id": "5127c161-384a-4fdb-ae0b-60a34d53eb32",
    "data": [
      {
        "text": "I\u0027m Paula",
        "meta": "@sys.ignore",
        "userDefined": false
      },
      {
        "text": " ",
        "userDefined": false
      },
      {
        "text": "Richie",
        "alias": "lastname",
        "meta": "@sys.any",
        "userDefined": false
      }
    ],
    "isTemplate": false,
    "count": 0,
    "updated": 0
  },
  {
    "id": "237a1d23-7b6f-46fa-9144-2e9693f3342d",
    "data": [
      {
        "text": "I am Sandra ",
        "userDefined": false
      },
      {
        "text": "Naples",
        "alias": "lastname",
        "meta": "@sys.any",
        "userDefined": false
      }
    ],
    "isTemplate": false,
    "count": 0,
    "updated": 0
  },
  {
    "id": "46fb8efd-f5c1-4a10-86f3-a850e02895e4",
    "data": [
      {
        "text": "just ",
        "userDefined": false
      },
      {
        "text": "McClaran",
        "alias": "lastname",
        "meta": "@sys.any",
        "userDefined": false
      }
    ],
    "isTemplate": false,
    "count": 0,
    "updated": 0
  },
  {
    "id": "80b82fc3-2779-4ff8-8334-ff7d81528709",
    "data": [
      {
        "text": "Kittinger",
        "alias": "lastname",
        "meta": "@sys.any",
        "userDefined": false
      },
      {
        "text": " last name",
        "userDefined": false
      }
    ],
    "isTemplate": false,
    "count": 0,
    "updated": 0
  },
  {
    "id": "48deba52-86f6-4f1e-8cf9-37f4e9deac83",
    "data": [
      {
        "text": "Gwan",
        "alias": "lastname",
        "meta": "@sys.any",
        "userDefined": false
      },
      {
        "text": " surname",
        "userDefined": false
      }
    ],
    "isTemplate": false,
    "count": 0,
    "updated": 0
  },
  {
    "id": "ad552eec-2657-40e4-8fce-77992f6b48e0",
    "data": [
      {
        "text": "surname ",
        "userDefined": false
      },
      {
        "text": "Lee",
        "alias": "lastname",
        "meta": "@sys.any",
        "userDefined": false
      }
    ],
    "isTemplate": false,
    "count": 0,
    "updated": 0
  },
  {
    "id": "1786ca18-0440-495d-b586-c8249c2012a2",
    "data": [
      {
        "text": "last name ",
        "userDefined": false
      },
      {
        "text": "McNeel",
        "alias": "lastname",
        "meta": "@sys.any",
        "userDefined": false
      }
    ],
    "isTemplate": false,
    "count": 0,
    "updated": 0
  },
  {
    "id": "836f9941-5623-4eb3-b248-699a87b050ec",
    "data": [
      {
        "text": "it is ",
        "userDefined": false
      },
      {
        "text": "Messing",
        "alias": "lastname",
        "meta": "@sys.any",
        "userDefined": false
      }
    ],
    "isTemplate": false,
    "count": 0,
    "updated": 0
  },
  {
    "id": "22756e24-0643-4fbf-8a89-8961daf2d03b",
    "data": [
      {
        "text": "it\u0027s ",
        "userDefined": false
      },
      {
        "text": "Park",
        "alias": "lastname",
        "meta": "@sys.any",
        "userDefined": true
      }
    ],
    "isTemplate": false,
    "count": 0,
    "updated": 0
  },
  {
    "id": "93873395-9135-4f8e-ac8e-2edb73cd9ab5",
    "data": [
      {
        "text": "My family",
        "meta": "@sys.ignore",
        "userDefined": false
      },
      {
        "text": " name is ",
        "userDefined": false
      },
      {
        "text": "Kim",
        "alias": "lastname",
        "meta": "@sys.any",
        "userDefined": false
      }
    ],
    "isTemplate": false,
    "count": 0,
    "updated": 0
  },
  {
    "id": "77b81634-57a5-46f7-9599-2429abbf7741",
    "data": [
      {
        "text": "Moreno",
        "alias": "lastname",
        "meta": "@sys.any",
        "userDefined": false
      },
      {
        "text": " is ",
        "userDefined": false
      },
      {
        "text": "my family",
        "meta": "@sys.ignore",
        "userDefined": false
      },
      {
        "text": " name",
        "userDefined": false
      }
    ],
    "isTemplate": false,
    "count": 0,
    "updated": 0
  },
  {
    "id": "ae78d0d8-2e88-4857-a221-4b1a4001b68a",
    "data": [
      {
        "text": "Professor ",
        "userDefined": false
      },
      {
        "text": "Blandon",
        "alias": "lastname",
        "meta": "@sys.any",
        "userDefined": false
      }
    ],
    "isTemplate": false,
    "count": 0,
    "updated": 0
  },
  {
    "id": "1759494f-3a70-4450-a60c-ef36b55af269",
    "data": [
      {
        "text": "Dr. ",
        "userDefined": false
      },
      {
        "text": "Aarons",
        "alias": "lastname",
        "meta": "@sys.any",
        "userDefined": false
      }
    ],
    "isTemplate": false,
    "count": 0,
    "updated": 0
  },
  {
    "id": "7fee8977-d69e-4d71-947b-2623a355557a",
    "data": [
      {
        "text": "Johnson",
        "alias": "lastname",
        "meta": "@sys.any",
        "userDefined": false
      }
    ],
    "isTemplate": false,
    "count": 0,
    "updated": 0
  },
  {
    "id": "57695333-e3bf-464a-afc8-0a9d79339724",
    "data": [
      {
        "text": "Suarez",
        "alias": "lastname",
        "meta": "@sys.any",
        "userDefined": false
      }
    ],
    "isTemplate": false,
    "count": 0,
    "updated": 0
  },
  {
    "id": "4199bda1-d2dc-420a-a1a7-fb7bdd08f2af",
    "data": [
      {
        "text": "Mr. ",
        "userDefined": false
      },
      {
        "text": "Handel",
        "alias": "lastname",
        "meta": "@sys.any",
        "userDefined": false
      }
    ],
    "isTemplate": false,
    "count": 0,
    "updated": 0
  },
  {
    "id": "c1517929-cf4d-4a06-89d3-21c69959604c",
    "data": [
      {
        "text": "Mrs. ",
        "userDefined": false
      },
      {
        "text": "Geller",
        "alias": "lastname",
        "meta": "@sys.any",
        "userDefined": false
      }
    ],
    "isTemplate": false,
    "count": 0,
    "updated": 0
  },
  {
    "id": "c111b36b-5a89-494f-af19-3638037697da",
    "data": [
      {
        "text": "Ms. ",
        "userDefined": false
      },
      {
        "text": "Croft",
        "alias": "lastname",
        "meta": "@sys.any",
        "userDefined": false
      }
    ],
    "isTemplate": false,
    "count": 0,
    "updated": 0
  },
  {
    "id": "247a10f6-1f9f-427b-8a60-a7d9762608a5",
    "data": [
      {
        "text": "Mrs. ",
        "userDefined": false
      },
      {
        "text": "Zeiger",
        "alias": "lastname",
        "meta": "@sys.any",
        "userDefined": false
      }
    ],
    "isTemplate": false,
    "count": 0,
    "updated": 0
  },
  {
    "id": "5d0b9634-4496-4cbd-a07c-62f94e678288",
    "data": [
      {
        "text": "Alonso",
        "alias": "lastname",
        "meta": "@sys.any",
        "userDefined": false
      },
      {
        "text": " is my last name",
        "userDefined": false
      }
    ],
    "isTemplate": false,
    "count": 0,
    "updated": 0
  },
  {
    "id": "b9b80525-443d-4146-8fb6-16690fc8a306",
    "data": [
      {
        "text": "Ivanov",
        "alias": "lastname",
        "meta": "@sys.any",
        "userDefined": false
      },
      {
        "text": " is my surname",
        "userDefined": false
      }
    ],
    "isTemplate": false,
    "count": 0,
    "updated": 0
  },
  {
    "id": "832f610f-bcd8-41af-aedc-c2cb8eb72247",
    "data": [
      {
        "text": "My surname is ",
        "userDefined": false
      },
      {
        "text": "Serrano",
        "alias": "lastname",
        "meta": "@sys.any",
        "userDefined": false
      }
    ],
    "isTemplate": false,
    "count": 0,
    "updated": 0
  },
  {
    "id": "98c3a6f9-e2a8-4a3e-b806-ba4f16c9dc63",
    "data": [
      {
        "text": "My last name is ",
        "userDefined": false
      },
      {
        "text": "Barnaby",
        "alias": "lastname",
        "meta": "@sys.any",
        "userDefined": false
      }
    ],
    "isTemplate": false,
    "count": 0,
    "updated": 0
  }
]