[
  {
    "id": "27f4ab96-671d-4e0e-b0bc-ced977d48e84",
    "data": [
      {
        "text": "Lereditx",
        "alias": "last-name",
        "meta": "@sys.any",
        "userDefined": true
      }
    ],
    "isTemplate": false,
    "count": 0,
    "updated": 0
  },
  {
    "id": "2ae58029-1b07-4e58-849b-4b2a0afd946d",
    "data": [
      {
        "text": "Tumar",
        "alias": "last-name",
        "meta": "@sys.any",
        "userDefined": true
      }
    ],
    "isTemplate": false,
    "count": 0,
    "updated": 0
  },
  {
    "id": "d1df4bf0-bc71-4bd6-9810-f445070a6415",
    "data": [
      {
        "text": "Hachmann",
        "alias": "last-name",
        "meta": "@sys.any",
        "userDefined": true
      }
    ],
    "isTemplate": false,
    "count": 0,
    "updated": 0
  },
  {
    "id": "c63756a2-e86d-4c41-bcf8-1d8c77720be9",
    "data": [
      {
        "text": "Jodottir",
        "alias": "last-name",
        "meta": "@sys.any",
        "userDefined": true
      }
    ],
    "isTemplate": false,
    "count": 0,
    "updated": 0
  },
  {
    "id": "4c3ce050-87d4-4cb4-ab4c-f2b314070303",
    "data": [
      {
        "text": "Gusu",
        "alias": "last-name",
        "meta": "@sys.any",
        "userDefined": true
      }
    ],
    "isTemplate": false,
    "count": 0,
    "updated": 0
  },
  {
    "id": "e8b017a6-f1e4-4643-a629-433f92252e1d",
    "data": [
      {
        "text": "Powak",
        "alias": "last-name",
        "meta": "@sys.any",
        "userDefined": true
      }
    ],
    "isTemplate": false,
    "count": 0,
    "updated": 0
  },
  {
    "id": "36b9e7db-bc2f-4d71-a6d0-90b52d5de306",
    "data": [
      {
        "text": "McLeod",
        "alias": "last-name",
        "meta": "@sys.any",
        "userDefined": true
      },
      {
        "text": " is my last name",
        "userDefined": false
      }
    ],
    "isTemplate": false,
    "count": 0,
    "updated": 0
  },
  {
    "id": "b9866680-941e-45c1-8008-7fa254749031",
    "data": [
      {
        "text": "My surname is ",
        "userDefined": false
      },
      {
        "text": "Heth",
        "alias": "last-name",
        "meta": "@sys.any",
        "userDefined": true
      }
    ],
    "isTemplate": false,
    "count": 0,
    "updated": 0
  },
  {
    "id": "5cbd5700-ca50-45f9-9ebe-6eedd6cbc609",
    "data": [
      {
        "text": "Mr. ",
        "userDefined": false
      },
      {
        "text": "Wang",
        "alias": "last-name",
        "meta": "@sys.any",
        "userDefined": true
      }
    ],
    "isTemplate": false,
    "count": 0,
    "updated": 0
  },
  {
    "id": "9c5750f0-7810-4fdb-8cbb-d100c8b09af2",
    "data": [
      {
        "text": "Mrs. ",
        "userDefined": false
      },
      {
        "text": "Zhang",
        "alias": "last-name",
        "meta": "@sys.any",
        "userDefined": true
      }
    ],
    "isTemplate": false,
    "count": 0,
    "updated": 0
  },
  {
    "id": "54f11aff-3cbf-4518-96e6-9232cfdf3b5f",
    "data": [
      {
        "text": "Miss ",
        "userDefined": false
      },
      {
        "text": "Yang",
        "alias": "last-name",
        "meta": "@sys.any",
        "userDefined": true
      }
    ],
    "isTemplate": false,
    "count": 0,
    "updated": 0
  },
  {
    "id": "7de3c450-cdae-426f-842f-a55df6da38be",
    "data": [
      {
        "text": "Ms. ",
        "userDefined": false
      },
      {
        "text": "Li",
        "alias": "last-name",
        "meta": "@sys.any",
        "userDefined": true
      }
    ],
    "isTemplate": false,
    "count": 0,
    "updated": 0
  },
  {
    "id": "06d460ea-6bba-45d2-b131-070168300b4f",
    "data": [
      {
        "text": "My family name is ",
        "userDefined": false
      },
      {
        "text": "Liu",
        "alias": "last-name",
        "meta": "@sys.any",
        "userDefined": true
      }
    ],
    "isTemplate": false,
    "count": 0,
    "updated": 0
  },
  {
    "id": "7ab2e268-b7a1-4d66-9d54-2357b234fc29",
    "data": [
      {
        "text": "My last name is ",
        "userDefined": false
      },
      {
        "text": "Paris",
        "alias": "last-name",
        "meta": "@sys.any",
        "userDefined": true
      }
    ],
    "isTemplate": false,
    "count": 0,
    "updated": 0
  },
  {
    "id": "4c7bd082-1120-480d-900e-4479a5896309",
    "data": [
      {
        "text": "Given surname is ",
        "userDefined": false
      },
      {
        "text": "Abbington",
        "alias": "last-name",
        "meta": "@sys.any",
        "userDefined": true
      }
    ],
    "isTemplate": false,
    "count": 0,
    "updated": 0
  },
  {
    "id": "16f6962e-f363-4ec6-aabc-88a499e86205",
    "data": [
      {
        "text": "Kumar",
        "alias": "last-name",
        "meta": "@sys.any",
        "userDefined": true
      },
      {
        "text": " is my surname",
        "userDefined": false
      }
    ],
    "isTemplate": false,
    "count": 0,
    "updated": 0
  }
]