[
  {
    "id": "00f0af39-f452-46e1-971c-8baad567fac5",
    "data": [
      {
        "text": "Mister ",
        "userDefined": false
      },
      {
        "text": "Smith",
        "alias": "lastname",
        "meta": "@sys.person",
        "userDefined": false
      }
    ],
    "isTemplate": false,
    "count": 0,
    "updated": 0
  },
  {
    "id": "b2e1f117-c3db-4922-9059-b63aa8abd48a",
    "data": [
      {
        "text": "Annette ",
        "userDefined": false
      },
      {
        "text": "McClusky",
        "alias": "lastname",
        "meta": "@sys.person",
        "userDefined": false
      },
      {
        "text": " is my name",
        "userDefined": false
      }
    ],
    "isTemplate": false,
    "count": 0,
    "updated": 0
  },
  {
    "id": "c2ad280c-43c4-4a1b-953b-385f27ca3d69",
    "data": [
      {
        "text": "Angela ",
        "userDefined": false
      },
      {
        "text": "Mill",
        "alias": "lastname",
        "meta": "@sys.person",
        "userDefined": false
      },
      {
        "text": " is my full name",
        "userDefined": false
      }
    ],
    "isTemplate": false,
    "count": 0,
    "updated": 0
  },
  {
    "id": "6c988b3c-6155-4e07-a1e9-0866beb2e1df",
    "data": [
      {
        "text": "My name is Clarence ",
        "userDefined": false
      },
      {
        "text": "Shires",
        "alias": "lastname",
        "meta": "@sys.person",
        "userDefined": false
      }
    ],
    "isTemplate": false,
    "count": 0,
    "updated": 0
  },
  {
    "id": "7bd92ca4-1110-40ed-93b8-a7dfdb6538b2",
    "data": [
      {
        "text": "My full name is Sally ",
        "userDefined": false
      },
      {
        "text": "Ryland",
        "alias": "lastname",
        "meta": "@sys.person",
        "userDefined": false
      }
    ],
    "isTemplate": false,
    "count": 0,
    "updated": 0
  },
  {
    "id": "7c74bd1a-8dad-44a1-961e-4e8318c8fcee",
    "data": [
      {
        "text": "I\u0027m Paula",
        "meta": "@sys.ignore",
        "userDefined": false
      },
      {
        "text": " ",
        "userDefined": false
      },
      {
        "text": "Richie",
        "alias": "lastname",
        "meta": "@sys.person",
        "userDefined": false
      }
    ],
    "isTemplate": false,
    "count": 0,
    "updated": 0
  },
  {
    "id": "cc525b36-8ef5-4b23-8c10-c14a2f0003cd",
    "data": [
      {
        "text": "I am Sandra ",
        "userDefined": false
      },
      {
        "text": "Naples",
        "alias": "lastname",
        "meta": "@sys.person",
        "userDefined": false
      }
    ],
    "isTemplate": false,
    "count": 0,
    "updated": 0
  },
  {
    "id": "7b69cd75-fa91-4d83-9da4-93dd3260ba1b",
    "data": [
      {
        "text": "just ",
        "userDefined": false
      },
      {
        "text": "McClaran",
        "alias": "lastname",
        "meta": "@sys.person",
        "userDefined": false
      }
    ],
    "isTemplate": false,
    "count": 0,
    "updated": 0
  },
  {
    "id": "7eedb41b-165e-4960-bcbf-c9c5a97a5191",
    "data": [
      {
        "text": "Kittinger",
        "alias": "lastname",
        "meta": "@sys.person",
        "userDefined": false
      },
      {
        "text": " last name",
        "userDefined": false
      }
    ],
    "isTemplate": false,
    "count": 0,
    "updated": 0
  },
  {
    "id": "14603701-cb0a-4b3f-a053-aad6f83d9123",
    "data": [
      {
        "text": "Gwan",
        "alias": "lastname",
        "meta": "@sys.person",
        "userDefined": false
      },
      {
        "text": " surname",
        "userDefined": false
      }
    ],
    "isTemplate": false,
    "count": 0,
    "updated": 0
  },
  {
    "id": "ba1b259d-75b8-4530-b9b6-ccf162bd1a50",
    "data": [
      {
        "text": "surname ",
        "userDefined": false
      },
      {
        "text": "Lee",
        "alias": "lastname",
        "meta": "@sys.person",
        "userDefined": false
      }
    ],
    "isTemplate": false,
    "count": 0,
    "updated": 0
  },
  {
    "id": "272eab83-8974-451f-b634-7dc811a741ab",
    "data": [
      {
        "text": "last name ",
        "userDefined": false
      },
      {
        "text": "McNeel",
        "alias": "lastname",
        "meta": "@sys.person",
        "userDefined": false
      }
    ],
    "isTemplate": false,
    "count": 0,
    "updated": 0
  },
  {
    "id": "b4ee86b4-4ff2-4556-b250-f34ee564342c",
    "data": [
      {
        "text": "it is ",
        "userDefined": false
      },
      {
        "text": "Messing",
        "alias": "lastname",
        "meta": "@sys.person",
        "userDefined": false
      }
    ],
    "isTemplate": false,
    "count": 0,
    "updated": 0
  },
  {
    "id": "5b493f9f-d675-40fb-a582-139564e2ea7c",
    "data": [
      {
        "text": "it\u0027s ",
        "userDefined": false
      },
      {
        "text": "Park",
        "alias": "lastname",
        "meta": "@sys.person",
        "userDefined": true
      }
    ],
    "isTemplate": false,
    "count": 0,
    "updated": 0
  },
  {
    "id": "0a95b362-ba43-44e3-9f81-96e43ab8a362",
    "data": [
      {
        "text": "My family",
        "meta": "@sys.ignore",
        "userDefined": false
      },
      {
        "text": " name is ",
        "userDefined": false
      },
      {
        "text": "Kim",
        "alias": "lastname",
        "meta": "@sys.person",
        "userDefined": false
      }
    ],
    "isTemplate": false,
    "count": 0,
    "updated": 0
  },
  {
    "id": "51065c08-053e-4988-aabf-919e24a6fe95",
    "data": [
      {
        "text": "Moreno",
        "alias": "lastname",
        "meta": "@sys.person",
        "userDefined": false
      },
      {
        "text": " is ",
        "userDefined": false
      },
      {
        "text": "my family",
        "meta": "@sys.ignore",
        "userDefined": false
      },
      {
        "text": " name",
        "userDefined": false
      }
    ],
    "isTemplate": false,
    "count": 0,
    "updated": 0
  },
  {
    "id": "48130118-bc9c-49c2-812b-7d741e52e4f4",
    "data": [
      {
        "text": "Professor ",
        "userDefined": false
      },
      {
        "text": "Blandon",
        "alias": "lastname",
        "meta": "@sys.person",
        "userDefined": false
      }
    ],
    "isTemplate": false,
    "count": 0,
    "updated": 0
  },
  {
    "id": "a8517cdb-e011-4709-a974-e188d4edd779",
    "data": [
      {
        "text": "Dr. ",
        "userDefined": false
      },
      {
        "text": "Aarons",
        "alias": "lastname",
        "meta": "@sys.person",
        "userDefined": false
      }
    ],
    "isTemplate": false,
    "count": 0,
    "updated": 0
  },
  {
    "id": "6ed37b27-ada5-453a-8586-98d01d979b46",
    "data": [
      {
        "text": "Johnson",
        "alias": "lastname",
        "meta": "@sys.person",
        "userDefined": false
      }
    ],
    "isTemplate": false,
    "count": 0,
    "updated": 0
  },
  {
    "id": "2f53416d-a880-4c04-a90a-b05df0b5575a",
    "data": [
      {
        "text": "Suarez",
        "alias": "lastname",
        "meta": "@sys.person",
        "userDefined": false
      }
    ],
    "isTemplate": false,
    "count": 0,
    "updated": 0
  },
  {
    "id": "85264ad6-8e45-45e2-8bfe-28bd521c6be0",
    "data": [
      {
        "text": "Mr. ",
        "userDefined": false
      },
      {
        "text": "Handel",
        "alias": "lastname",
        "meta": "@sys.person",
        "userDefined": false
      }
    ],
    "isTemplate": false,
    "count": 0,
    "updated": 0
  },
  {
    "id": "f643d4ca-fb44-4187-a9f2-f430c5f5521d",
    "data": [
      {
        "text": "Mrs. ",
        "userDefined": false
      },
      {
        "text": "Geller",
        "alias": "lastname",
        "meta": "@sys.person",
        "userDefined": false
      }
    ],
    "isTemplate": false,
    "count": 0,
    "updated": 0
  },
  {
    "id": "5ad4178c-90ca-4a97-8cd1-af3c6a97ba1f",
    "data": [
      {
        "text": "Ms. ",
        "userDefined": false
      },
      {
        "text": "Croft",
        "alias": "lastname",
        "meta": "@sys.person",
        "userDefined": false
      }
    ],
    "isTemplate": false,
    "count": 0,
    "updated": 0
  },
  {
    "id": "7a5650b2-9df2-42f9-bb5a-ef9aaa7f727f",
    "data": [
      {
        "text": "Mrs. ",
        "userDefined": false
      },
      {
        "text": "Zeiger",
        "alias": "lastname",
        "meta": "@sys.person",
        "userDefined": false
      }
    ],
    "isTemplate": false,
    "count": 0,
    "updated": 0
  },
  {
    "id": "ae9846b2-91d2-40fc-85f1-b6062459cbf4",
    "data": [
      {
        "text": "Alonso",
        "alias": "lastname",
        "meta": "@sys.person",
        "userDefined": false
      },
      {
        "text": " is my last name",
        "userDefined": false
      }
    ],
    "isTemplate": false,
    "count": 0,
    "updated": 0
  },
  {
    "id": "1af2c1e1-2777-4443-a634-8c38a42ab8c2",
    "data": [
      {
        "text": "Ivanov",
        "alias": "lastname",
        "meta": "@sys.person",
        "userDefined": false
      },
      {
        "text": " is my surname",
        "userDefined": false
      }
    ],
    "isTemplate": false,
    "count": 0,
    "updated": 0
  },
  {
    "id": "6ece568d-d501-43b3-ad38-3f4da34d51ff",
    "data": [
      {
        "text": "My surname is ",
        "userDefined": false
      },
      {
        "text": "Serrano",
        "alias": "lastname",
        "meta": "@sys.person",
        "userDefined": false
      }
    ],
    "isTemplate": false,
    "count": 0,
    "updated": 0
  },
  {
    "id": "ba4e4b7f-3c6f-49ef-b575-1b7896bac3bc",
    "data": [
      {
        "text": "My last name is ",
        "userDefined": false
      },
      {
        "text": "Barnaby",
        "alias": "lastname",
        "meta": "@sys.person",
        "userDefined": false
      }
    ],
    "isTemplate": false,
    "count": 0,
    "updated": 0
  }
]