[
  {
    "id": "93e00cbd-8809-4fac-a1b4-40780ec62d69",
    "data": [
      {
        "text": "solution didn\u0027t work",
        "userDefined": false
      }
    ],
    "isTemplate": false,
    "count": 0,
    "updated": 0
  },
  {
    "id": "1032f6c1-cac9-4ac3-bf48-5d57ff24e2ae",
    "data": [
      {
        "text": "solution did not work",
        "userDefined": false
      }
    ],
    "isTemplate": false,
    "count": 0,
    "updated": 0
  },
  {
    "id": "e651c841-20b9-4393-b550-d9b9f68b88a6",
    "data": [
      {
        "text": "connection not fixed",
        "userDefined": false
      }
    ],
    "isTemplate": false,
    "count": 0,
    "updated": 0
  },
  {
    "id": "1d4835d2-519a-4ee6-8e30-19ab7ca935e2",
    "data": [
      {
        "text": "internet connection not fixed",
        "userDefined": false
      }
    ],
    "isTemplate": false,
    "count": 0,
    "updated": 0
  },
  {
    "id": "d795b997-604d-4c09-aebf-12c2f353da66",
    "data": [
      {
        "text": "it is not resolved",
        "userDefined": false
      }
    ],
    "isTemplate": false,
    "count": 0,
    "updated": 0
  },
  {
    "id": "085ae83c-f547-430e-966c-4999bd1b8326",
    "data": [
      {
        "text": "the issue is not resolved",
        "userDefined": false
      }
    ],
    "isTemplate": false,
    "count": 0,
    "updated": 0
  },
  {
    "id": "ef9c83a8-e10c-4032-af97-eb78fdf5d193",
    "data": [
      {
        "text": "device still has connection issues",
        "userDefined": false
      }
    ],
    "isTemplate": false,
    "count": 0,
    "updated": 0
  },
  {
    "id": "f422b4da-4a85-4c69-aba6-a7e8ca98f442",
    "data": [
      {
        "text": "device still has connection problems",
        "userDefined": false
      }
    ],
    "isTemplate": false,
    "count": 0,
    "updated": 0
  },
  {
    "id": "1df384f6-7f58-4078-8b0c-5c4864e43a4b",
    "data": [
      {
        "text": "device\u0027s issue has not been fixed",
        "userDefined": false
      }
    ],
    "isTemplate": false,
    "count": 0,
    "updated": 0
  },
  {
    "id": "e4fca358-4da2-4f11-a7b8-17a8bd2fb135",
    "data": [
      {
        "text": "it did not fix",
        "userDefined": false
      }
    ],
    "isTemplate": false,
    "count": 0,
    "updated": 0
  },
  {
    "id": "48b40198-3e7f-4fe7-9046-5cebb63d8939",
    "data": [
      {
        "text": "it did not",
        "userDefined": false
      }
    ],
    "isTemplate": false,
    "count": 0,
    "updated": 0
  },
  {
    "id": "b88cd51b-f4ba-4846-9e9c-b4f8f54ba4b0",
    "data": [
      {
        "text": "there still is a connection problem",
        "userDefined": false
      }
    ],
    "isTemplate": false,
    "count": 0,
    "updated": 0
  },
  {
    "id": "2a8b2c25-bc9b-407c-b7f1-a191b72b5754",
    "data": [
      {
        "text": "there still is a connection issue",
        "userDefined": false
      }
    ],
    "isTemplate": false,
    "count": 0,
    "updated": 0
  },
  {
    "id": "b324f31c-3eef-4bc8-8d44-9199e6e64ab3",
    "data": [
      {
        "text": "did not help",
        "userDefined": false
      }
    ],
    "isTemplate": false,
    "count": 0,
    "updated": 0
  },
  {
    "id": "5fd199e6-e17b-4615-8be9-8a1802525c75",
    "data": [
      {
        "text": "did not fix",
        "userDefined": false
      }
    ],
    "isTemplate": false,
    "count": 0,
    "updated": 0
  },
  {
    "id": "3cf60b5a-59a9-417c-b2da-f5aec783f6af",
    "data": [
      {
        "text": "didn\u0027t fix",
        "userDefined": false
      }
    ],
    "isTemplate": false,
    "count": 0,
    "updated": 0
  },
  {
    "id": "8c13a293-9d31-46b0-82c7-e21870235804",
    "data": [
      {
        "text": "didn\u0027t help",
        "userDefined": false
      }
    ],
    "isTemplate": false,
    "count": 0,
    "updated": 0
  },
  {
    "id": "2d8b96a8-ed23-45c5-a9a2-5365a701a404",
    "data": [
      {
        "text": "didn\u0027t work",
        "userDefined": false
      }
    ],
    "isTemplate": false,
    "count": 0,
    "updated": 0
  },
  {
    "id": "afe231ac-782d-422b-bd5b-6ae5fb9e1a7b",
    "data": [
      {
        "text": "did not work",
        "userDefined": false
      }
    ],
    "isTemplate": false,
    "count": 0,
    "updated": 0
  },
  {
    "id": "16c6bd69-e80d-472b-8c00-7a4fd9d78015",
    "data": [
      {
        "text": "thanks but no",
        "userDefined": false
      }
    ],
    "isTemplate": false,
    "count": 0,
    "updated": 0
  },
  {
    "id": "ee13b3d1-fcf4-4698-be51-64eab11df021",
    "data": [
      {
        "text": "no way",
        "userDefined": false
      }
    ],
    "isTemplate": false,
    "count": 0,
    "updated": 0
  },
  {
    "id": "d7626f84-0c6f-4fa6-ae46-21c738fe1596",
    "data": [
      {
        "text": "no",
        "userDefined": false
      }
    ],
    "isTemplate": false,
    "count": 2,
    "updated": 0
  },
  {
    "id": "d89de15b-86ba-45ef-8485-5e0534166c68",
    "data": [
      {
        "text": "no no don\u0027t",
        "userDefined": false
      }
    ],
    "isTemplate": false,
    "count": 0,
    "updated": 0
  },
  {
    "id": "bcbf34b2-019a-4df0-ac8d-9068afe88458",
    "data": [
      {
        "text": "na",
        "userDefined": false
      }
    ],
    "isTemplate": false,
    "count": 0,
    "updated": 0
  },
  {
    "id": "efff9919-9f09-4d48-869d-c641f6d3c42f",
    "data": [
      {
        "text": "no it isn\u0027t",
        "userDefined": false
      }
    ],
    "isTemplate": false,
    "count": 1,
    "updated": 0
  },
  {
    "id": "b07bdf24-9af4-4eb1-bf4d-a4d6cff5b487",
    "data": [
      {
        "text": "don\u0027t",
        "userDefined": false
      }
    ],
    "isTemplate": false,
    "count": 0,
    "updated": 0
  },
  {
    "id": "03661f05-accb-4702-b3c1-192a90409b1e",
    "data": [
      {
        "text": "nah I\u0027m good",
        "userDefined": false
      }
    ],
    "isTemplate": false,
    "count": 1,
    "updated": 0
  },
  {
    "id": "86f7dbb9-bcb6-4dd8-8a57-5fe58b82c42c",
    "data": [
      {
        "text": "no I cannot",
        "userDefined": false
      }
    ],
    "isTemplate": false,
    "count": 1,
    "updated": 0
  },
  {
    "id": "d2efe34d-6f36-4e3c-9e68-7948e26ce788",
    "data": [
      {
        "text": "I can\u0027t",
        "userDefined": false
      }
    ],
    "isTemplate": false,
    "count": 0,
    "updated": 0
  },
  {
    "id": "5640dd25-656e-4dcf-bee6-9aa0d64a13eb",
    "data": [
      {
        "text": "nothing",
        "userDefined": false
      }
    ],
    "isTemplate": false,
    "count": 0,
    "updated": 0
  },
  {
    "id": "47d3e545-e835-4890-9e8d-89b5bb5770bd",
    "data": [
      {
        "text": "no that\u0027s okay",
        "userDefined": false
      }
    ],
    "isTemplate": false,
    "count": 0,
    "updated": 0
  },
  {
    "id": "e2a79dc9-7319-45f6-8298-f71ef738f51f",
    "data": [
      {
        "text": "no not really",
        "userDefined": false
      }
    ],
    "isTemplate": false,
    "count": 0,
    "updated": 0
  },
  {
    "id": "56a39a63-f65c-40a4-b490-64ef37c10c32",
    "data": [
      {
        "text": "nope not really",
        "userDefined": false
      }
    ],
    "isTemplate": false,
    "count": 0,
    "updated": 0
  },
  {
    "id": "c232737c-f1a8-40af-ab25-a1421fc512f9",
    "data": [
      {
        "text": "nope",
        "userDefined": false
      }
    ],
    "isTemplate": false,
    "count": 1,
    "updated": 0
  },
  {
    "id": "c424df78-3dcb-4dd0-b785-3f0f36e3474b",
    "data": [
      {
        "text": "thanks but not this time",
        "userDefined": false
      }
    ],
    "isTemplate": false,
    "count": 1,
    "updated": 0
  },
  {
    "id": "cbaf03d5-793f-4e7d-b48b-2af40026b6ff",
    "data": [
      {
        "text": "I don\u0027t think so",
        "userDefined": false
      }
    ],
    "isTemplate": false,
    "count": 1,
    "updated": 0
  },
  {
    "id": "26c9017c-3d49-43f4-938e-9e8c884fce7b",
    "data": [
      {
        "text": "I disagree",
        "userDefined": false
      }
    ],
    "isTemplate": false,
    "count": 2,
    "updated": 0
  },
  {
    "id": "b062c342-b504-4a09-aa53-b48a87d84f51",
    "data": [
      {
        "text": "no maybe next time",
        "userDefined": false
      }
    ],
    "isTemplate": false,
    "count": 0,
    "updated": 0
  },
  {
    "id": "f9f7c078-9c35-42ae-b815-0fc3d4840647",
    "data": [
      {
        "text": "not this time",
        "userDefined": false
      }
    ],
    "isTemplate": false,
    "count": 0,
    "updated": 0
  },
  {
    "id": "1b4e5922-2d40-4abc-b690-e5b31a99f55a",
    "data": [
      {
        "text": "no don\u0027t",
        "userDefined": false
      }
    ],
    "isTemplate": false,
    "count": 0,
    "updated": 0
  },
  {
    "id": "2a8cc66e-cb78-4f33-949e-f8d0f7340548",
    "data": [
      {
        "text": "no we are good",
        "userDefined": false
      }
    ],
    "isTemplate": false,
    "count": 0,
    "updated": 0
  },
  {
    "id": "c22f61fc-b5ac-413b-a081-62c315234c7a",
    "data": [
      {
        "text": "don\u0027t do it",
        "userDefined": false
      }
    ],
    "isTemplate": false,
    "count": 3,
    "updated": 0
  },
  {
    "id": "c89837c6-0020-4169-88fb-681d1983a130",
    "data": [
      {
        "text": "no that\u0027s be all",
        "userDefined": false
      }
    ],
    "isTemplate": false,
    "count": 0,
    "updated": 0
  },
  {
    "id": "fc2d603b-2477-4227-9377-cf2548538132",
    "data": [
      {
        "text": "not right now",
        "userDefined": false
      }
    ],
    "isTemplate": false,
    "count": 0,
    "updated": 0
  },
  {
    "id": "729611ff-4574-409b-9e20-9784914a87d4",
    "data": [
      {
        "text": "nothing else thanks",
        "userDefined": false
      }
    ],
    "isTemplate": false,
    "count": 0,
    "updated": 0
  },
  {
    "id": "bdafd430-0736-4e5d-aa6f-1c39f0115161",
    "data": [
      {
        "text": "no thanks",
        "userDefined": false
      }
    ],
    "isTemplate": false,
    "count": 0,
    "updated": 0
  },
  {
    "id": "41e2f1b0-d664-46ca-a395-1b4092949cc2",
    "data": [
      {
        "text": "no that\u0027s ok",
        "userDefined": false
      }
    ],
    "isTemplate": false,
    "count": 1,
    "updated": 0
  },
  {
    "id": "af3aa011-ac71-411f-a1b8-2819f45ce469",
    "data": [
      {
        "text": "I don\u0027t want that",
        "userDefined": false
      }
    ],
    "isTemplate": false,
    "count": 0,
    "updated": 0
  },
  {
    "id": "cdbf0523-5332-4197-9942-0336256552c6",
    "data": [
      {
        "text": "definitely not",
        "userDefined": false
      }
    ],
    "isTemplate": false,
    "count": 3,
    "updated": 0
  },
  {
    "id": "8e233fc8-a8dc-43e0-b1a8-cb0f85f8b4c1",
    "data": [
      {
        "text": "nothing else",
        "userDefined": false
      }
    ],
    "isTemplate": false,
    "count": 1,
    "updated": 0
  },
  {
    "id": "3b51673c-82c3-419a-97fc-096ebbb249c3",
    "data": [
      {
        "text": "not",
        "userDefined": false
      }
    ],
    "isTemplate": false,
    "count": 0,
    "updated": 0
  },
  {
    "id": "adf15f7a-10c4-496a-88c7-9cb025e54cf9",
    "data": [
      {
        "text": "not at all",
        "userDefined": false
      }
    ],
    "isTemplate": false,
    "count": 0,
    "updated": 0
  },
  {
    "id": "5be9fac3-b535-464e-8934-539abf331c25",
    "data": [
      {
        "text": "no never",
        "userDefined": false
      }
    ],
    "isTemplate": false,
    "count": 0,
    "updated": 0
  },
  {
    "id": "fda02ea0-681a-42d3-a65e-655f59c42f79",
    "data": [
      {
        "text": "never",
        "userDefined": false
      }
    ],
    "isTemplate": false,
    "count": 0,
    "updated": 0
  },
  {
    "id": "c55d572e-8616-44b8-8b3c-c811e2684d94",
    "data": [
      {
        "text": "no way no",
        "userDefined": false
      }
    ],
    "isTemplate": false,
    "count": 0,
    "updated": 0
  },
  {
    "id": "65ea4bac-9904-42ad-af03-bd978cfff2b5",
    "data": [
      {
        "text": "not really",
        "userDefined": false
      }
    ],
    "isTemplate": false,
    "count": 0,
    "updated": 0
  },
  {
    "id": "5a6ab0e6-9afb-41df-8ccb-7f82dea83dc2",
    "data": [
      {
        "text": "nah",
        "userDefined": false
      }
    ],
    "isTemplate": false,
    "count": 2,
    "updated": 0
  },
  {
    "id": "97b270f2-9d66-4dcd-a128-a32d8a965ee1",
    "data": [
      {
        "text": "I don\u0027t",
        "userDefined": false
      }
    ],
    "isTemplate": false,
    "count": 0,
    "updated": 0
  },
  {
    "id": "3e22963a-e20e-45a5-8447-981f09db986a",
    "data": [
      {
        "text": "I don\u0027t want",
        "userDefined": false
      }
    ],
    "isTemplate": false,
    "count": 0,
    "updated": 0
  },
  {
    "id": "18c6a411-9aa4-4952-8c2c-af6d0cd9f6eb",
    "data": [
      {
        "text": "not ",
        "userDefined": false
      },
      {
        "text": "today",
        "meta": "@sys.ignore",
        "userDefined": false
      }
    ],
    "isTemplate": false,
    "count": 0,
    "updated": 0
  },
  {
    "id": "8b195c45-a0fa-4525-97ac-88497750d0b9",
    "data": [
      {
        "text": "not interested",
        "userDefined": false
      }
    ],
    "isTemplate": false,
    "count": 0,
    "updated": 0
  },
  {
    "id": "77534772-adbc-484f-b83d-9e0f241a97a2",
    "data": [
      {
        "text": "no that\u0027s fine thank you",
        "userDefined": false
      }
    ],
    "isTemplate": false,
    "count": 0,
    "updated": 0
  },
  {
    "id": "d782f6db-7b3c-4315-bf34-a3e9a3997c21",
    "data": [
      {
        "text": "I\u0027m not",
        "userDefined": false
      }
    ],
    "isTemplate": false,
    "count": 3,
    "updated": 0
  }
]