[
  {
    "id": "084a8929-a4c9-49c4-b44c-7d7d9cf27451",
    "data": [
      {
        "text": "wireless connection is bad",
        "userDefined": false
      }
    ],
    "isTemplate": false,
    "count": 0,
    "updated": 0
  },
  {
    "id": "1adaebbb-4fae-476d-a361-a74c570c40cf",
    "data": [
      {
        "text": "wifi is bad",
        "userDefined": false
      }
    ],
    "isTemplate": false,
    "count": 0,
    "updated": 0
  },
  {
    "id": "51aa7038-b46a-4481-be4a-357a4bc8c795",
    "data": [
      {
        "text": "wireless connection is not good",
        "userDefined": false
      }
    ],
    "isTemplate": false,
    "count": 0,
    "updated": 0
  },
  {
    "id": "db835fe0-e38c-4094-ac5d-98040fa3093c",
    "data": [
      {
        "text": "wifi is not good",
        "userDefined": false
      }
    ],
    "isTemplate": false,
    "count": 0,
    "updated": 0
  },
  {
    "id": "20bef2a1-ddd6-4dd2-ad01-96d3f7271fc3",
    "data": [
      {
        "text": "internet connection is not good",
        "userDefined": false
      }
    ],
    "isTemplate": false,
    "count": 0,
    "updated": 0
  },
  {
    "id": "6b7599b6-be63-4b7a-9722-414e30a556f1",
    "data": [
      {
        "text": "internet connection needs to be better",
        "userDefined": false
      }
    ],
    "isTemplate": false,
    "count": 0,
    "updated": 0
  },
  {
    "id": "854a6aec-9f14-45a6-9553-ffe814b4f750",
    "data": [
      {
        "text": "the connection is not good",
        "userDefined": false
      }
    ],
    "isTemplate": false,
    "count": 0,
    "updated": 0
  },
  {
    "id": "c5d5d453-0dba-43b3-a668-dfad8c6de7ee",
    "data": [
      {
        "text": "the connection is bad",
        "userDefined": false
      }
    ],
    "isTemplate": false,
    "count": 0,
    "updated": 0
  },
  {
    "id": "2c02f612-3467-4e81-942d-e8b30657fba8",
    "data": [
      {
        "text": "it didn\u0027t resolve",
        "userDefined": false
      }
    ],
    "isTemplate": false,
    "count": 0,
    "updated": 0
  },
  {
    "id": "069bb2fd-2c06-433e-ad18-804f36e00c0c",
    "data": [
      {
        "text": "did not resolve",
        "userDefined": false
      }
    ],
    "isTemplate": false,
    "count": 0,
    "updated": 0
  },
  {
    "id": "a56776c3-3b04-4c74-af21-1f603287beaa",
    "data": [
      {
        "text": "my connection needs to be fixed",
        "userDefined": false
      }
    ],
    "isTemplate": false,
    "count": 0,
    "updated": 0
  },
  {
    "id": "fe5da74c-03ff-45bd-8fb9-27aa8d80ed94",
    "data": [
      {
        "text": "my connection is the worst",
        "userDefined": false
      }
    ],
    "isTemplate": false,
    "count": 0,
    "updated": 0
  },
  {
    "id": "179adb2e-e0f6-4769-9832-099c20abe3c2",
    "data": [
      {
        "text": "my connection is not great",
        "userDefined": false
      }
    ],
    "isTemplate": false,
    "count": 0,
    "updated": 0
  },
  {
    "id": "cac0319d-4bb7-419b-8b25-db9441a24e90",
    "data": [
      {
        "text": "my connection is bad",
        "userDefined": false
      }
    ],
    "isTemplate": false,
    "count": 0,
    "updated": 0
  },
  {
    "id": "c4992eb9-ebdc-4227-8342-5bea0ad0ce75",
    "data": [
      {
        "text": "my connection is not good",
        "userDefined": false
      }
    ],
    "isTemplate": false,
    "count": 0,
    "updated": 0
  },
  {
    "id": "b6975570-f532-4ed3-b52c-7dc409f98c4f",
    "data": [
      {
        "text": "still have connection issues",
        "userDefined": false
      }
    ],
    "isTemplate": false,
    "count": 0,
    "updated": 0
  },
  {
    "id": "c70beef8-d3ab-4be7-b84f-28f70575f565",
    "data": [
      {
        "text": "still have internet connection issue",
        "userDefined": false
      }
    ],
    "isTemplate": false,
    "count": 0,
    "updated": 0
  },
  {
    "id": "8cc0e19b-932f-4338-98be-bc41548e9247",
    "data": [
      {
        "text": "the issue is not fixed",
        "userDefined": false
      }
    ],
    "isTemplate": false,
    "count": 0,
    "updated": 0
  },
  {
    "id": "f96aeace-0229-48b4-b0b1-e5605c513ebc",
    "data": [
      {
        "text": "it is not fixed",
        "userDefined": false
      }
    ],
    "isTemplate": false,
    "count": 0,
    "updated": 0
  },
  {
    "id": "7f30c1b0-237c-4107-88b6-3b2774e058e0",
    "data": [
      {
        "text": "solution didn\u0027t work",
        "userDefined": false
      }
    ],
    "isTemplate": false,
    "count": 0,
    "updated": 0
  },
  {
    "id": "817416ca-6d7c-403f-99d4-e0d092b2d977",
    "data": [
      {
        "text": "solution did not work",
        "userDefined": false
      }
    ],
    "isTemplate": false,
    "count": 0,
    "updated": 0
  },
  {
    "id": "80f8447a-7c00-4a2c-a034-2cac9a730b50",
    "data": [
      {
        "text": "still need help",
        "userDefined": false
      }
    ],
    "isTemplate": false,
    "count": 0,
    "updated": 0
  },
  {
    "id": "36862697-4f67-481f-8caf-035d94eaa79b",
    "data": [
      {
        "text": "it didn\u0027t help",
        "userDefined": false
      }
    ],
    "isTemplate": false,
    "count": 0,
    "updated": 0
  },
  {
    "id": "b2de6c5b-e479-459c-8f7d-925899d5bcf9",
    "data": [
      {
        "text": "it didn\u0027t fix it",
        "userDefined": false
      }
    ],
    "isTemplate": false,
    "count": 0,
    "updated": 0
  },
  {
    "id": "6a80920b-c434-44a6-9a69-457251025f7a",
    "data": [
      {
        "text": "it did not fix it",
        "userDefined": false
      }
    ],
    "isTemplate": false,
    "count": 0,
    "updated": 0
  },
  {
    "id": "1a244c8b-a12e-4d04-a802-5099af660f68",
    "data": [
      {
        "text": "it didn\u0027t work",
        "userDefined": false
      }
    ],
    "isTemplate": false,
    "count": 0,
    "updated": 0
  },
  {
    "id": "f3b58941-32db-4e34-905a-e7b15e4aceaa",
    "data": [
      {
        "text": "it did not work",
        "userDefined": false
      }
    ],
    "isTemplate": false,
    "count": 0,
    "updated": 0
  },
  {
    "id": "1d7b72f2-9ab0-4174-99a6-7c643de3fedb",
    "data": [
      {
        "text": "did not work",
        "userDefined": false
      }
    ],
    "isTemplate": false,
    "count": 0,
    "updated": 0
  },
  {
    "id": "a6706e3f-d5c7-4b07-aad8-e6c65f893a81",
    "data": [
      {
        "text": "didn\u0027t work",
        "userDefined": false
      }
    ],
    "isTemplate": false,
    "count": 0,
    "updated": 0
  },
  {
    "id": "48ab84bf-1c54-45b5-9be2-9e8a3e99d10c",
    "data": [
      {
        "text": "thanks but no",
        "userDefined": false
      }
    ],
    "isTemplate": false,
    "count": 0,
    "updated": 0
  },
  {
    "id": "5095e6f0-3141-4a94-a72c-7c8aa859af7a",
    "data": [
      {
        "text": "no way",
        "userDefined": false
      }
    ],
    "isTemplate": false,
    "count": 0,
    "updated": 0
  },
  {
    "id": "00b4e858-47a4-45db-991f-9bb0cb8f93e1",
    "data": [
      {
        "text": "no",
        "userDefined": false
      }
    ],
    "isTemplate": false,
    "count": 2,
    "updated": 0
  },
  {
    "id": "d5e095ab-73a1-430e-8a5d-68cc6b118e9e",
    "data": [
      {
        "text": "no no don\u0027t",
        "userDefined": false
      }
    ],
    "isTemplate": false,
    "count": 0,
    "updated": 0
  },
  {
    "id": "2a369654-9103-4f95-822b-1df1ef203f0e",
    "data": [
      {
        "text": "na",
        "userDefined": false
      }
    ],
    "isTemplate": false,
    "count": 0,
    "updated": 0
  },
  {
    "id": "c5e8d8e7-6c87-4e1d-86bb-637f51a0fe82",
    "data": [
      {
        "text": "no it isn\u0027t",
        "userDefined": false
      }
    ],
    "isTemplate": false,
    "count": 1,
    "updated": 0
  },
  {
    "id": "58917553-fc5e-4858-bdaf-e0bb6b63ba64",
    "data": [
      {
        "text": "don\u0027t",
        "userDefined": false
      }
    ],
    "isTemplate": false,
    "count": 0,
    "updated": 0
  },
  {
    "id": "221e5af4-0219-4412-b926-84a44633d689",
    "data": [
      {
        "text": "nah I\u0027m good",
        "userDefined": false
      }
    ],
    "isTemplate": false,
    "count": 1,
    "updated": 0
  },
  {
    "id": "f28c0d8d-804a-47b2-8e8b-570aa2e7ce4c",
    "data": [
      {
        "text": "no I cannot",
        "userDefined": false
      }
    ],
    "isTemplate": false,
    "count": 1,
    "updated": 0
  },
  {
    "id": "2e8a4901-60c1-4b14-aba7-b71fd25898a3",
    "data": [
      {
        "text": "I can\u0027t",
        "userDefined": false
      }
    ],
    "isTemplate": false,
    "count": 0,
    "updated": 0
  },
  {
    "id": "3ddb682d-22b6-454d-97f6-608bf975d455",
    "data": [
      {
        "text": "nothing",
        "userDefined": false
      }
    ],
    "isTemplate": false,
    "count": 0,
    "updated": 0
  },
  {
    "id": "8ca5767f-2552-4817-af9a-92f56a97ae79",
    "data": [
      {
        "text": "no that\u0027s okay",
        "userDefined": false
      }
    ],
    "isTemplate": false,
    "count": 0,
    "updated": 0
  },
  {
    "id": "6f19d21b-33ab-49dc-b23f-1913d7737334",
    "data": [
      {
        "text": "no not really",
        "userDefined": false
      }
    ],
    "isTemplate": false,
    "count": 0,
    "updated": 0
  },
  {
    "id": "3e8398d8-64c4-437f-be0a-1188b89ed310",
    "data": [
      {
        "text": "nope not really",
        "userDefined": false
      }
    ],
    "isTemplate": false,
    "count": 0,
    "updated": 0
  },
  {
    "id": "13a4611e-424e-4d6b-9d74-d407b1f351f8",
    "data": [
      {
        "text": "nope",
        "userDefined": false
      }
    ],
    "isTemplate": false,
    "count": 1,
    "updated": 0
  },
  {
    "id": "2621b550-0594-4f51-b9c4-e968fa52e3d9",
    "data": [
      {
        "text": "thanks but not this time",
        "userDefined": false
      }
    ],
    "isTemplate": false,
    "count": 1,
    "updated": 0
  },
  {
    "id": "27cfd11a-3118-4613-8345-20e5137a0084",
    "data": [
      {
        "text": "I don\u0027t think so",
        "userDefined": false
      }
    ],
    "isTemplate": false,
    "count": 1,
    "updated": 0
  },
  {
    "id": "b86db7dc-9a16-4778-b56b-f64dd2e5ce53",
    "data": [
      {
        "text": "I disagree",
        "userDefined": false
      }
    ],
    "isTemplate": false,
    "count": 2,
    "updated": 0
  },
  {
    "id": "a22a5be8-a3bc-47d0-9590-417fbee3101a",
    "data": [
      {
        "text": "no maybe next time",
        "userDefined": false
      }
    ],
    "isTemplate": false,
    "count": 0,
    "updated": 0
  },
  {
    "id": "19e9fbee-d3d0-4b55-8cd1-6216eed964b2",
    "data": [
      {
        "text": "not this time",
        "userDefined": false
      }
    ],
    "isTemplate": false,
    "count": 0,
    "updated": 0
  },
  {
    "id": "b260432c-262e-4a34-a246-40664cf8d24c",
    "data": [
      {
        "text": "no don\u0027t",
        "userDefined": false
      }
    ],
    "isTemplate": false,
    "count": 0,
    "updated": 0
  },
  {
    "id": "3b92b14b-e53a-49aa-abf7-167176bcbc96",
    "data": [
      {
        "text": "no we are good",
        "userDefined": false
      }
    ],
    "isTemplate": false,
    "count": 0,
    "updated": 0
  },
  {
    "id": "92158b34-9bd5-4df8-86df-098117d1c2e0",
    "data": [
      {
        "text": "don\u0027t do it",
        "userDefined": false
      }
    ],
    "isTemplate": false,
    "count": 3,
    "updated": 0
  },
  {
    "id": "90449d82-8463-4c74-a2da-66c4083e70ba",
    "data": [
      {
        "text": "no that\u0027s be all",
        "userDefined": false
      }
    ],
    "isTemplate": false,
    "count": 0,
    "updated": 0
  },
  {
    "id": "92063e9f-16fd-457d-b988-3ccc61fe6f4a",
    "data": [
      {
        "text": "not right now",
        "userDefined": false
      }
    ],
    "isTemplate": false,
    "count": 0,
    "updated": 0
  },
  {
    "id": "e8cfd84e-bebe-4bda-b76b-90fcd3dac6ae",
    "data": [
      {
        "text": "nothing else thanks",
        "userDefined": false
      }
    ],
    "isTemplate": false,
    "count": 0,
    "updated": 0
  },
  {
    "id": "eba97bba-209c-4472-984f-3abbfd77446e",
    "data": [
      {
        "text": "no thanks",
        "userDefined": false
      }
    ],
    "isTemplate": false,
    "count": 0,
    "updated": 0
  },
  {
    "id": "fef80ccf-9665-4d2d-9eff-1189b7273832",
    "data": [
      {
        "text": "no that\u0027s ok",
        "userDefined": false
      }
    ],
    "isTemplate": false,
    "count": 1,
    "updated": 0
  },
  {
    "id": "3bdd273d-be80-4fc1-8a03-5f442d5a8383",
    "data": [
      {
        "text": "I don\u0027t want that",
        "userDefined": false
      }
    ],
    "isTemplate": false,
    "count": 0,
    "updated": 0
  },
  {
    "id": "bbaaaf82-f48f-4524-8e4f-0aab0f107594",
    "data": [
      {
        "text": "definitely not",
        "userDefined": false
      }
    ],
    "isTemplate": false,
    "count": 3,
    "updated": 0
  },
  {
    "id": "37595801-a1df-451d-b666-ca6281ed6134",
    "data": [
      {
        "text": "nothing else",
        "userDefined": false
      }
    ],
    "isTemplate": false,
    "count": 1,
    "updated": 0
  },
  {
    "id": "564a892d-b82c-4577-837c-e5fc74fc5557",
    "data": [
      {
        "text": "not",
        "userDefined": false
      }
    ],
    "isTemplate": false,
    "count": 0,
    "updated": 0
  },
  {
    "id": "66e797a5-a5f4-4d32-ba3a-70b6ebe4d813",
    "data": [
      {
        "text": "not at all",
        "userDefined": false
      }
    ],
    "isTemplate": false,
    "count": 0,
    "updated": 0
  },
  {
    "id": "81727916-b742-452b-96b2-f9ec972521ef",
    "data": [
      {
        "text": "no never",
        "userDefined": false
      }
    ],
    "isTemplate": false,
    "count": 0,
    "updated": 0
  },
  {
    "id": "1d7f6c94-1d61-4642-8d45-34f453f87a6b",
    "data": [
      {
        "text": "never",
        "userDefined": false
      }
    ],
    "isTemplate": false,
    "count": 0,
    "updated": 0
  },
  {
    "id": "846359b6-f5e1-4b64-a91b-1121c9aef499",
    "data": [
      {
        "text": "no way no",
        "userDefined": false
      }
    ],
    "isTemplate": false,
    "count": 0,
    "updated": 0
  },
  {
    "id": "8e93aa63-f3e8-48fe-a0b9-5856d4f0d4f5",
    "data": [
      {
        "text": "not really",
        "userDefined": false
      }
    ],
    "isTemplate": false,
    "count": 0,
    "updated": 0
  },
  {
    "id": "098826d6-e02e-4e73-943d-111d1a0bb464",
    "data": [
      {
        "text": "nah",
        "userDefined": false
      }
    ],
    "isTemplate": false,
    "count": 2,
    "updated": 0
  },
  {
    "id": "c64c94b4-2193-46bf-8f53-c8e0ff6353e3",
    "data": [
      {
        "text": "I don\u0027t",
        "userDefined": false
      }
    ],
    "isTemplate": false,
    "count": 0,
    "updated": 0
  },
  {
    "id": "6a270810-6743-47e3-8a4b-f477a38879c7",
    "data": [
      {
        "text": "I don\u0027t want",
        "userDefined": false
      }
    ],
    "isTemplate": false,
    "count": 0,
    "updated": 0
  },
  {
    "id": "fe471e38-fde2-4c5a-bac3-14b4d1fe888b",
    "data": [
      {
        "text": "not ",
        "userDefined": false
      },
      {
        "text": "today",
        "meta": "@sys.ignore",
        "userDefined": false
      }
    ],
    "isTemplate": false,
    "count": 0,
    "updated": 0
  },
  {
    "id": "21f5088f-9122-4dcb-bcf5-c372bbc34b51",
    "data": [
      {
        "text": "not interested",
        "userDefined": false
      }
    ],
    "isTemplate": false,
    "count": 0,
    "updated": 0
  },
  {
    "id": "0197d1d5-e7e5-4a89-b7d0-0f5e30dfde37",
    "data": [
      {
        "text": "no that\u0027s fine thank you",
        "userDefined": false
      }
    ],
    "isTemplate": false,
    "count": 0,
    "updated": 0
  },
  {
    "id": "71c7c09c-ee78-4132-b71e-e79d1410f165",
    "data": [
      {
        "text": "I\u0027m not",
        "userDefined": false
      }
    ],
    "isTemplate": false,
    "count": 3,
    "updated": 0
  }
]