[
  {
    "id": "25ff0089-0bfb-45c6-9a3e-79661a9c02ab",
    "data": [
      {
        "text": "wireless connection is bad",
        "userDefined": false
      }
    ],
    "isTemplate": false,
    "count": 0,
    "updated": 0
  },
  {
    "id": "3e6e4fb1-ceea-48cf-aa31-9c8679c945b2",
    "data": [
      {
        "text": "wifi is bad",
        "userDefined": false
      }
    ],
    "isTemplate": false,
    "count": 0,
    "updated": 0
  },
  {
    "id": "58149cb1-7bba-4daf-84eb-fa9d72569624",
    "data": [
      {
        "text": "wireless connection is not good",
        "userDefined": false
      }
    ],
    "isTemplate": false,
    "count": 0,
    "updated": 0
  },
  {
    "id": "515098a7-c17e-4fdc-9fcd-a2e1acc6993e",
    "data": [
      {
        "text": "wifi is not good",
        "userDefined": false
      }
    ],
    "isTemplate": false,
    "count": 0,
    "updated": 0
  },
  {
    "id": "806395e3-8924-43a5-90d9-1d78ab286492",
    "data": [
      {
        "text": "internet connection is not good",
        "userDefined": false
      }
    ],
    "isTemplate": false,
    "count": 0,
    "updated": 0
  },
  {
    "id": "a0af2180-ec74-4821-a674-d8fc489ecfef",
    "data": [
      {
        "text": "internet connection needs to be better",
        "userDefined": false
      }
    ],
    "isTemplate": false,
    "count": 0,
    "updated": 0
  },
  {
    "id": "b1e3c4a6-2760-4d34-afa8-8fe79a23680b",
    "data": [
      {
        "text": "the connection is not good",
        "userDefined": false
      }
    ],
    "isTemplate": false,
    "count": 0,
    "updated": 0
  },
  {
    "id": "5dbd377f-98ea-456b-8cbc-434adcccc599",
    "data": [
      {
        "text": "the connection is bad",
        "userDefined": false
      }
    ],
    "isTemplate": false,
    "count": 0,
    "updated": 0
  },
  {
    "id": "bb6e9612-0a8b-44dc-8676-4907b633e442",
    "data": [
      {
        "text": "it didn\u0027t resolve",
        "userDefined": false
      }
    ],
    "isTemplate": false,
    "count": 0,
    "updated": 0
  },
  {
    "id": "84448907-7642-4b90-b757-9a20af5ff7bb",
    "data": [
      {
        "text": "did not resolve",
        "userDefined": false
      }
    ],
    "isTemplate": false,
    "count": 0,
    "updated": 0
  },
  {
    "id": "8e6e9923-a7a5-4013-966a-4bdb10b0efa0",
    "data": [
      {
        "text": "my connection needs to be fixed",
        "userDefined": false
      }
    ],
    "isTemplate": false,
    "count": 0,
    "updated": 0
  },
  {
    "id": "146e4806-d3b4-40a7-8c49-11994b8042d4",
    "data": [
      {
        "text": "my connection is the worst",
        "userDefined": false
      }
    ],
    "isTemplate": false,
    "count": 0,
    "updated": 0
  },
  {
    "id": "8912bb6d-4998-45e6-aa34-3441bbf16b51",
    "data": [
      {
        "text": "my connection is not great",
        "userDefined": false
      }
    ],
    "isTemplate": false,
    "count": 0,
    "updated": 0
  },
  {
    "id": "e6256c1c-c663-44d6-9800-03723583f084",
    "data": [
      {
        "text": "my connection is bad",
        "userDefined": false
      }
    ],
    "isTemplate": false,
    "count": 0,
    "updated": 0
  },
  {
    "id": "26ccafd1-c1af-4a4a-a139-1cc3737803f1",
    "data": [
      {
        "text": "my connection is not good",
        "userDefined": false
      }
    ],
    "isTemplate": false,
    "count": 0,
    "updated": 0
  },
  {
    "id": "5cd18bfa-70a0-44c7-a377-e22daf7a2d5b",
    "data": [
      {
        "text": "still have connection issues",
        "userDefined": false
      }
    ],
    "isTemplate": false,
    "count": 0,
    "updated": 0
  },
  {
    "id": "00af850a-2345-46a4-823a-431dc7e3f9c2",
    "data": [
      {
        "text": "still have internet connection issue",
        "userDefined": false
      }
    ],
    "isTemplate": false,
    "count": 0,
    "updated": 0
  },
  {
    "id": "47a388e7-a807-4376-90dc-47df95225e7d",
    "data": [
      {
        "text": "the issue is not fixed",
        "userDefined": false
      }
    ],
    "isTemplate": false,
    "count": 0,
    "updated": 0
  },
  {
    "id": "0a734d0b-4bdd-4e90-995e-37f6e131e631",
    "data": [
      {
        "text": "it is not fixed",
        "userDefined": false
      }
    ],
    "isTemplate": false,
    "count": 0,
    "updated": 0
  },
  {
    "id": "762f936a-610f-47e5-9b58-b419366a2f12",
    "data": [
      {
        "text": "solution didn\u0027t work",
        "userDefined": false
      }
    ],
    "isTemplate": false,
    "count": 0,
    "updated": 0
  },
  {
    "id": "1f8239d8-eb28-4793-b30f-bb216d972221",
    "data": [
      {
        "text": "solution did not work",
        "userDefined": false
      }
    ],
    "isTemplate": false,
    "count": 0,
    "updated": 0
  },
  {
    "id": "9e1ce913-5305-4b78-aeaf-5b19213dff7b",
    "data": [
      {
        "text": "still need help",
        "userDefined": false
      }
    ],
    "isTemplate": false,
    "count": 0,
    "updated": 0
  },
  {
    "id": "b95857ac-2b23-43dd-8cf8-5bbfef53bbb7",
    "data": [
      {
        "text": "it didn\u0027t help",
        "userDefined": false
      }
    ],
    "isTemplate": false,
    "count": 0,
    "updated": 0
  },
  {
    "id": "ea3513ff-6a18-4774-aae1-6c232c9c974f",
    "data": [
      {
        "text": "it didn\u0027t fix it",
        "userDefined": false
      }
    ],
    "isTemplate": false,
    "count": 0,
    "updated": 0
  },
  {
    "id": "fb823a73-3588-454a-ac5c-cce2edad588e",
    "data": [
      {
        "text": "it did not fix it",
        "userDefined": false
      }
    ],
    "isTemplate": false,
    "count": 0,
    "updated": 0
  },
  {
    "id": "1170bca8-c189-454c-ba51-049af1e012da",
    "data": [
      {
        "text": "it didn\u0027t work",
        "userDefined": false
      }
    ],
    "isTemplate": false,
    "count": 0,
    "updated": 0
  },
  {
    "id": "182d4a2c-82bf-424a-846b-0571b6b03a95",
    "data": [
      {
        "text": "it did not work",
        "userDefined": false
      }
    ],
    "isTemplate": false,
    "count": 0,
    "updated": 0
  },
  {
    "id": "19172a8f-38f6-48c9-8dec-32c9ab33adb8",
    "data": [
      {
        "text": "did not work",
        "userDefined": false
      }
    ],
    "isTemplate": false,
    "count": 0,
    "updated": 0
  },
  {
    "id": "303b265d-aa30-4fcb-abae-05ed83b58452",
    "data": [
      {
        "text": "didn\u0027t work",
        "userDefined": false
      }
    ],
    "isTemplate": false,
    "count": 0,
    "updated": 0
  },
  {
    "id": "48ab84bf-1c54-45b5-9be2-9e8a3e99d10c",
    "data": [
      {
        "text": "thanks but no",
        "userDefined": false
      }
    ],
    "isTemplate": false,
    "count": 0,
    "updated": 0
  },
  {
    "id": "5095e6f0-3141-4a94-a72c-7c8aa859af7a",
    "data": [
      {
        "text": "no way",
        "userDefined": false
      }
    ],
    "isTemplate": false,
    "count": 0,
    "updated": 0
  },
  {
    "id": "00b4e858-47a4-45db-991f-9bb0cb8f93e1",
    "data": [
      {
        "text": "no",
        "userDefined": false
      }
    ],
    "isTemplate": false,
    "count": 2,
    "updated": 0
  },
  {
    "id": "d5e095ab-73a1-430e-8a5d-68cc6b118e9e",
    "data": [
      {
        "text": "no no don\u0027t",
        "userDefined": false
      }
    ],
    "isTemplate": false,
    "count": 0,
    "updated": 0
  },
  {
    "id": "2a369654-9103-4f95-822b-1df1ef203f0e",
    "data": [
      {
        "text": "na",
        "userDefined": false
      }
    ],
    "isTemplate": false,
    "count": 0,
    "updated": 0
  },
  {
    "id": "c5e8d8e7-6c87-4e1d-86bb-637f51a0fe82",
    "data": [
      {
        "text": "no it isn\u0027t",
        "userDefined": false
      }
    ],
    "isTemplate": false,
    "count": 1,
    "updated": 0
  },
  {
    "id": "58917553-fc5e-4858-bdaf-e0bb6b63ba64",
    "data": [
      {
        "text": "don\u0027t",
        "userDefined": false
      }
    ],
    "isTemplate": false,
    "count": 0,
    "updated": 0
  },
  {
    "id": "221e5af4-0219-4412-b926-84a44633d689",
    "data": [
      {
        "text": "nah I\u0027m good",
        "userDefined": false
      }
    ],
    "isTemplate": false,
    "count": 1,
    "updated": 0
  },
  {
    "id": "f28c0d8d-804a-47b2-8e8b-570aa2e7ce4c",
    "data": [
      {
        "text": "no I cannot",
        "userDefined": false
      }
    ],
    "isTemplate": false,
    "count": 1,
    "updated": 0
  },
  {
    "id": "2e8a4901-60c1-4b14-aba7-b71fd25898a3",
    "data": [
      {
        "text": "I can\u0027t",
        "userDefined": false
      }
    ],
    "isTemplate": false,
    "count": 0,
    "updated": 0
  },
  {
    "id": "3ddb682d-22b6-454d-97f6-608bf975d455",
    "data": [
      {
        "text": "nothing",
        "userDefined": false
      }
    ],
    "isTemplate": false,
    "count": 0,
    "updated": 0
  },
  {
    "id": "8ca5767f-2552-4817-af9a-92f56a97ae79",
    "data": [
      {
        "text": "no that\u0027s okay",
        "userDefined": false
      }
    ],
    "isTemplate": false,
    "count": 0,
    "updated": 0
  },
  {
    "id": "6f19d21b-33ab-49dc-b23f-1913d7737334",
    "data": [
      {
        "text": "no not really",
        "userDefined": false
      }
    ],
    "isTemplate": false,
    "count": 0,
    "updated": 0
  },
  {
    "id": "3e8398d8-64c4-437f-be0a-1188b89ed310",
    "data": [
      {
        "text": "nope not really",
        "userDefined": false
      }
    ],
    "isTemplate": false,
    "count": 0,
    "updated": 0
  },
  {
    "id": "13a4611e-424e-4d6b-9d74-d407b1f351f8",
    "data": [
      {
        "text": "nope",
        "userDefined": false
      }
    ],
    "isTemplate": false,
    "count": 1,
    "updated": 0
  },
  {
    "id": "2621b550-0594-4f51-b9c4-e968fa52e3d9",
    "data": [
      {
        "text": "thanks but not this time",
        "userDefined": false
      }
    ],
    "isTemplate": false,
    "count": 1,
    "updated": 0
  },
  {
    "id": "27cfd11a-3118-4613-8345-20e5137a0084",
    "data": [
      {
        "text": "I don\u0027t think so",
        "userDefined": false
      }
    ],
    "isTemplate": false,
    "count": 1,
    "updated": 0
  },
  {
    "id": "b86db7dc-9a16-4778-b56b-f64dd2e5ce53",
    "data": [
      {
        "text": "I disagree",
        "userDefined": false
      }
    ],
    "isTemplate": false,
    "count": 2,
    "updated": 0
  },
  {
    "id": "a22a5be8-a3bc-47d0-9590-417fbee3101a",
    "data": [
      {
        "text": "no maybe next time",
        "userDefined": false
      }
    ],
    "isTemplate": false,
    "count": 0,
    "updated": 0
  },
  {
    "id": "19e9fbee-d3d0-4b55-8cd1-6216eed964b2",
    "data": [
      {
        "text": "not this time",
        "userDefined": false
      }
    ],
    "isTemplate": false,
    "count": 0,
    "updated": 0
  },
  {
    "id": "b260432c-262e-4a34-a246-40664cf8d24c",
    "data": [
      {
        "text": "no don\u0027t",
        "userDefined": false
      }
    ],
    "isTemplate": false,
    "count": 0,
    "updated": 0
  },
  {
    "id": "3b92b14b-e53a-49aa-abf7-167176bcbc96",
    "data": [
      {
        "text": "no we are good",
        "userDefined": false
      }
    ],
    "isTemplate": false,
    "count": 0,
    "updated": 0
  },
  {
    "id": "92158b34-9bd5-4df8-86df-098117d1c2e0",
    "data": [
      {
        "text": "don\u0027t do it",
        "userDefined": false
      }
    ],
    "isTemplate": false,
    "count": 3,
    "updated": 0
  },
  {
    "id": "90449d82-8463-4c74-a2da-66c4083e70ba",
    "data": [
      {
        "text": "no that\u0027s be all",
        "userDefined": false
      }
    ],
    "isTemplate": false,
    "count": 0,
    "updated": 0
  },
  {
    "id": "92063e9f-16fd-457d-b988-3ccc61fe6f4a",
    "data": [
      {
        "text": "not right now",
        "userDefined": false
      }
    ],
    "isTemplate": false,
    "count": 0,
    "updated": 0
  },
  {
    "id": "e8cfd84e-bebe-4bda-b76b-90fcd3dac6ae",
    "data": [
      {
        "text": "nothing else thanks",
        "userDefined": false
      }
    ],
    "isTemplate": false,
    "count": 0,
    "updated": 0
  },
  {
    "id": "eba97bba-209c-4472-984f-3abbfd77446e",
    "data": [
      {
        "text": "no thanks",
        "userDefined": false
      }
    ],
    "isTemplate": false,
    "count": 0,
    "updated": 0
  },
  {
    "id": "fef80ccf-9665-4d2d-9eff-1189b7273832",
    "data": [
      {
        "text": "no that\u0027s ok",
        "userDefined": false
      }
    ],
    "isTemplate": false,
    "count": 1,
    "updated": 0
  },
  {
    "id": "3bdd273d-be80-4fc1-8a03-5f442d5a8383",
    "data": [
      {
        "text": "I don\u0027t want that",
        "userDefined": false
      }
    ],
    "isTemplate": false,
    "count": 0,
    "updated": 0
  },
  {
    "id": "bbaaaf82-f48f-4524-8e4f-0aab0f107594",
    "data": [
      {
        "text": "definitely not",
        "userDefined": false
      }
    ],
    "isTemplate": false,
    "count": 3,
    "updated": 0
  },
  {
    "id": "37595801-a1df-451d-b666-ca6281ed6134",
    "data": [
      {
        "text": "nothing else",
        "userDefined": false
      }
    ],
    "isTemplate": false,
    "count": 1,
    "updated": 0
  },
  {
    "id": "564a892d-b82c-4577-837c-e5fc74fc5557",
    "data": [
      {
        "text": "not",
        "userDefined": false
      }
    ],
    "isTemplate": false,
    "count": 0,
    "updated": 0
  },
  {
    "id": "66e797a5-a5f4-4d32-ba3a-70b6ebe4d813",
    "data": [
      {
        "text": "not at all",
        "userDefined": false
      }
    ],
    "isTemplate": false,
    "count": 0,
    "updated": 0
  },
  {
    "id": "81727916-b742-452b-96b2-f9ec972521ef",
    "data": [
      {
        "text": "no never",
        "userDefined": false
      }
    ],
    "isTemplate": false,
    "count": 0,
    "updated": 0
  },
  {
    "id": "1d7f6c94-1d61-4642-8d45-34f453f87a6b",
    "data": [
      {
        "text": "never",
        "userDefined": false
      }
    ],
    "isTemplate": false,
    "count": 0,
    "updated": 0
  },
  {
    "id": "846359b6-f5e1-4b64-a91b-1121c9aef499",
    "data": [
      {
        "text": "no way no",
        "userDefined": false
      }
    ],
    "isTemplate": false,
    "count": 0,
    "updated": 0
  },
  {
    "id": "8e93aa63-f3e8-48fe-a0b9-5856d4f0d4f5",
    "data": [
      {
        "text": "not really",
        "userDefined": false
      }
    ],
    "isTemplate": false,
    "count": 0,
    "updated": 0
  },
  {
    "id": "098826d6-e02e-4e73-943d-111d1a0bb464",
    "data": [
      {
        "text": "nah",
        "userDefined": false
      }
    ],
    "isTemplate": false,
    "count": 2,
    "updated": 0
  },
  {
    "id": "c64c94b4-2193-46bf-8f53-c8e0ff6353e3",
    "data": [
      {
        "text": "I don\u0027t",
        "userDefined": false
      }
    ],
    "isTemplate": false,
    "count": 0,
    "updated": 0
  },
  {
    "id": "6a270810-6743-47e3-8a4b-f477a38879c7",
    "data": [
      {
        "text": "I don\u0027t want",
        "userDefined": false
      }
    ],
    "isTemplate": false,
    "count": 0,
    "updated": 0
  },
  {
    "id": "fe471e38-fde2-4c5a-bac3-14b4d1fe888b",
    "data": [
      {
        "text": "not ",
        "userDefined": false
      },
      {
        "text": "today",
        "meta": "@sys.ignore",
        "userDefined": false
      }
    ],
    "isTemplate": false,
    "count": 0,
    "updated": 0
  },
  {
    "id": "21f5088f-9122-4dcb-bcf5-c372bbc34b51",
    "data": [
      {
        "text": "not interested",
        "userDefined": false
      }
    ],
    "isTemplate": false,
    "count": 0,
    "updated": 0
  },
  {
    "id": "0197d1d5-e7e5-4a89-b7d0-0f5e30dfde37",
    "data": [
      {
        "text": "no that\u0027s fine thank you",
        "userDefined": false
      }
    ],
    "isTemplate": false,
    "count": 0,
    "updated": 0
  },
  {
    "id": "71c7c09c-ee78-4132-b71e-e79d1410f165",
    "data": [
      {
        "text": "I\u0027m not",
        "userDefined": false
      }
    ],
    "isTemplate": false,
    "count": 3,
    "updated": 0
  }
]