[
  {
    "id": "17717068-5613-421d-8d9c-05c55e46ca82",
    "data": [
      {
        "text": "read database",
        "userDefined": false
      }
    ],
    "isTemplate": false,
    "count": 0,
    "updated": 0
  },
  {
    "id": "4aa4c300-936a-407d-be98-bc342b1baca1",
    "data": [
      {
        "text": "read the db",
        "userDefined": false
      }
    ],
    "isTemplate": false,
    "count": 0,
    "updated": 0
  },
  {
    "id": "582d20e6-8dfa-49a2-ac7c-42c08f91c42f",
    "data": [
      {
        "text": "get data from db",
        "userDefined": false
      }
    ],
    "isTemplate": false,
    "count": 0,
    "updated": 0
  },
  {
    "id": "85403d67-ed91-4a0c-b5d2-9490d3671c08",
    "data": [
      {
        "text": "read data from database",
        "userDefined": false
      }
    ],
    "isTemplate": false,
    "count": 0,
    "updated": 0
  },
  {
    "id": "701a99f4-8e1b-43b4-a58e-572fa530a392",
    "data": [
      {
        "text": "read data from db",
        "userDefined": false
      }
    ],
    "isTemplate": false,
    "count": 0,
    "updated": 0
  },
  {
    "id": "f8afdbaf-439a-4abe-a052-a17cd4330987",
    "data": [
      {
        "text": "read from db",
        "userDefined": false
      }
    ],
    "isTemplate": false,
    "count": 0,
    "updated": 0
  },
  {
    "id": "78959b50-502b-473d-8beb-1f15d07d53ac",
    "data": [
      {
        "text": "read from database",
        "userDefined": false
      }
    ],
    "isTemplate": false,
    "count": 0,
    "updated": 0
  }
]