[
  {
    "id": "454021d1-dc40-449e-a9d5-72528243e646",
    "data": [
      {
        "text": "read database",
        "userDefined": false
      }
    ],
    "isTemplate": false,
    "count": 0,
    "updated": 0
  },
  {
    "id": "d90b467c-69b5-4326-93ee-20ac7453250d",
    "data": [
      {
        "text": "read the db",
        "userDefined": false
      }
    ],
    "isTemplate": false,
    "count": 0,
    "updated": 0
  },
  {
    "id": "28b564f8-acf0-4e06-b65f-84c0209626c1",
    "data": [
      {
        "text": "get data from db",
        "userDefined": false
      }
    ],
    "isTemplate": false,
    "count": 0,
    "updated": 0
  },
  {
    "id": "a5f00cf0-a956-49eb-ba97-4045d61b991d",
    "data": [
      {
        "text": "read data from database",
        "userDefined": false
      }
    ],
    "isTemplate": false,
    "count": 0,
    "updated": 0
  },
  {
    "id": "e610107c-b063-4766-b010-30618776610e",
    "data": [
      {
        "text": "read data from db",
        "userDefined": false
      }
    ],
    "isTemplate": false,
    "count": 0,
    "updated": 0
  },
  {
    "id": "4ba8d341-9b96-4e80-9f98-74d0a87f44ef",
    "data": [
      {
        "text": "read from db",
        "userDefined": false
      }
    ],
    "isTemplate": false,
    "count": 0,
    "updated": 0
  },
  {
    "id": "ce2e3937-b286-490b-8b37-1db5aa3f755c",
    "data": [
      {
        "text": "read from database",
        "userDefined": false
      }
    ],
    "isTemplate": false,
    "count": 0,
    "updated": 0
  }
]