[
  {
    "id": "ebcf1649-76a1-4498-8308-abbd32892eb8",
    "data": [
      {
        "text": "hi",
        "userDefined": false
      }
    ],
    "isTemplate": false,
    "count": 0,
    "updated": 0
  },
  {
    "id": "5d631033-8509-4d43-b851-7f62a8b80c1c",
    "data": [
      {
        "text": "sluggish internet",
        "userDefined": false
      }
    ],
    "isTemplate": false,
    "count": 0,
    "updated": 0
  },
  {
    "id": "49545cf9-dc44-425d-b64e-71fc26fb58c2",
    "data": [
      {
        "text": "laggy internet",
        "userDefined": false
      }
    ],
    "isTemplate": false,
    "count": 0,
    "updated": 0
  },
  {
    "id": "2772a7b7-16cd-4fef-ad9c-a70292a48e15",
    "data": [
      {
        "text": "internet connection is slowing",
        "userDefined": false
      }
    ],
    "isTemplate": false,
    "count": 0,
    "updated": 0
  },
  {
    "id": "cb05a01d-1e04-40a2-a245-781170ad4464",
    "data": [
      {
        "text": "my connection is slow",
        "userDefined": false
      }
    ],
    "isTemplate": false,
    "count": 0,
    "updated": 0
  },
  {
    "id": "fd856dae-4754-47e9-a74b-ee8ff314b20c",
    "data": [
      {
        "text": "internet is slow",
        "userDefined": false
      }
    ],
    "isTemplate": false,
    "count": 0,
    "updated": 0
  },
  {
    "id": "cb3f55ec-8a6c-4520-bcaf-3742e5a4e8f3",
    "data": [
      {
        "text": "internet connection is slow",
        "userDefined": false
      }
    ],
    "isTemplate": false,
    "count": 0,
    "updated": 0
  },
  {
    "id": "0ca375bf-6152-45df-8748-e32a2564c8fa",
    "data": [
      {
        "text": "internet connection is slowing down",
        "userDefined": false
      }
    ],
    "isTemplate": false,
    "count": 0,
    "updated": 0
  },
  {
    "id": "2e42eaa0-3264-4fb0-ae58-e15bac3e5f51",
    "data": [
      {
        "text": "slowness of internet connection",
        "userDefined": false
      }
    ],
    "isTemplate": false,
    "count": 0,
    "updated": 0
  },
  {
    "id": "ed827e10-1f0d-412e-b33f-fcf1905c5a1f",
    "data": [
      {
        "text": "internet connection has reduced speed",
        "userDefined": false
      }
    ],
    "isTemplate": false,
    "count": 0,
    "updated": 0
  },
  {
    "id": "08bd1633-afc2-4391-93cc-336b8b2ab50d",
    "data": [
      {
        "text": "internet connection slow",
        "userDefined": false
      }
    ],
    "isTemplate": false,
    "count": 0,
    "updated": 0
  },
  {
    "id": "7601f861-d62b-4ebe-99ea-12c115196005",
    "data": [
      {
        "text": "laggish",
        "userDefined": false
      }
    ],
    "isTemplate": false,
    "count": 0,
    "updated": 0
  },
  {
    "id": "1929362a-88b6-4ffb-8908-50be092fac19",
    "data": [
      {
        "text": "laggy",
        "userDefined": false
      }
    ],
    "isTemplate": false,
    "count": 0,
    "updated": 0
  },
  {
    "id": "13692819-4c36-47fc-97db-fa2bd2b36788",
    "data": [
      {
        "text": "sluggy",
        "userDefined": false
      }
    ],
    "isTemplate": false,
    "count": 0,
    "updated": 0
  },
  {
    "id": "d8fad385-a5c4-4411-8719-e85cd02373ec",
    "data": [
      {
        "text": "sluggish",
        "userDefined": false
      }
    ],
    "isTemplate": false,
    "count": 0,
    "updated": 0
  },
  {
    "id": "14fc9845-90b0-48e0-968d-809f01c70f00",
    "data": [
      {
        "text": "slow down",
        "userDefined": false
      }
    ],
    "isTemplate": false,
    "count": 0,
    "updated": 0
  },
  {
    "id": "3563f497-cde7-4217-ab48-2da7faf5c697",
    "data": [
      {
        "text": "slow",
        "userDefined": false
      }
    ],
    "isTemplate": false,
    "count": 0,
    "updated": 0
  }
]