[
  {
    "id": "1f10ce12-7baa-4df2-beee-5596e53432fa",
    "data": [
      {
        "text": "The PC is iMac Pro",
        "userDefined": false
      }
    ],
    "isTemplate": false,
    "count": 0,
    "updated": 0
  },
  {
    "id": "5e8e82d2-f9f5-4cef-a6ca-87394f6131e7",
    "data": [
      {
        "text": "My personal computer is iMac",
        "userDefined": false
      }
    ],
    "isTemplate": false,
    "count": 0,
    "updated": 0
  },
  {
    "id": "bd693242-f19d-4564-814f-6aa0b7cdb162",
    "data": [
      {
        "text": "I use a Mac Pro",
        "userDefined": false
      }
    ],
    "isTemplate": false,
    "count": 0,
    "updated": 0
  },
  {
    "id": "dbecd9c1-c4ce-40ce-a13b-60e6c5f9e371",
    "data": [
      {
        "text": "My computer is a Mac mini",
        "userDefined": false
      }
    ],
    "isTemplate": false,
    "count": 0,
    "updated": 0
  },
  {
    "id": "49e1b37e-0796-43d5-b4b8-46321bb5217c",
    "data": [
      {
        "text": "I own only apple products",
        "userDefined": false
      }
    ],
    "isTemplate": false,
    "count": 0,
    "updated": 0
  },
  {
    "id": "8aa3efe6-690b-467d-875a-02af6640933b",
    "data": [
      {
        "text": "I like apple products",
        "userDefined": false
      }
    ],
    "isTemplate": false,
    "count": 0,
    "updated": 0
  },
  {
    "id": "097da5cd-d17f-4e31-8c6c-eca54e66ac0e",
    "data": [
      {
        "text": "I own an MacBook Air",
        "userDefined": false
      }
    ],
    "isTemplate": false,
    "count": 0,
    "updated": 0
  },
  {
    "id": "5f394391-deea-4963-9c1c-d4b76bbfba7f",
    "data": [
      {
        "text": "My device is a MacBook Pro",
        "userDefined": false
      }
    ],
    "isTemplate": false,
    "count": 0,
    "updated": 0
  },
  {
    "id": "5120ede7-8f88-4b51-bc89-bf327329566a",
    "data": [
      {
        "text": "My device is a Mac",
        "userDefined": false
      }
    ],
    "isTemplate": false,
    "count": 0,
    "updated": 0
  },
  {
    "id": "5149f54b-4947-4323-adf9-9ff11c748627",
    "data": [
      {
        "text": "I am using a mac",
        "userDefined": false
      }
    ],
    "isTemplate": false,
    "count": 0,
    "updated": 0
  }
]