[
  {
    "id": "52af5d82-3311-4b81-8c2d-d3303822389a",
    "data": [
      {
        "text": "guest internet access",
        "userDefined": false
      }
    ],
    "isTemplate": false,
    "count": 0,
    "updated": 0
  },
  {
    "id": "9bba7c93-8366-452a-8392-48723f1e4e64",
    "data": [
      {
        "text": "guest network access",
        "userDefined": false
      }
    ],
    "isTemplate": false,
    "count": 0,
    "updated": 0
  },
  {
    "id": "4dc0e389-4ba2-4e86-bae0-e237c4b6bd3a",
    "data": [
      {
        "text": "set up a public wifi network separate from my main network",
        "userDefined": false
      }
    ],
    "isTemplate": false,
    "count": 0,
    "updated": 0
  },
  {
    "id": "2bca18fa-58d8-4c15-ab2d-0506b3fb3470",
    "data": [
      {
        "text": "set up a public internet connection",
        "userDefined": false
      }
    ],
    "isTemplate": false,
    "count": 0,
    "updated": 0
  },
  {
    "id": "a2fdb71f-b2ae-4e69-86f5-f8c358205858",
    "data": [
      {
        "text": "internet for the public",
        "userDefined": false
      }
    ],
    "isTemplate": false,
    "count": 0,
    "updated": 0
  },
  {
    "id": "5556761b-aadb-4ae0-a757-247354425d20",
    "data": [
      {
        "text": "wireless access for anybody",
        "userDefined": false
      }
    ],
    "isTemplate": false,
    "count": 0,
    "updated": 0
  },
  {
    "id": "48f04dbd-5b48-49d0-9d56-c4456cabab80",
    "data": [
      {
        "text": "online access for others",
        "userDefined": false
      }
    ],
    "isTemplate": false,
    "count": 0,
    "updated": 0
  },
  {
    "id": "757df1e7-6bfb-4a2a-8429-ff8e6675532a",
    "data": [
      {
        "text": "internet access for visitors",
        "userDefined": false
      }
    ],
    "isTemplate": false,
    "count": 0,
    "updated": 0
  },
  {
    "id": "abfd0a29-dcdf-4ad3-9e5e-ce15a54d18e1",
    "data": [
      {
        "text": "What is guest wifi used for",
        "userDefined": false
      }
    ],
    "isTemplate": false,
    "count": 0,
    "updated": 0
  },
  {
    "id": "49e9cb26-d1f4-4934-82fd-6afda3de8d3c",
    "data": [
      {
        "text": "What is a guest network",
        "userDefined": false
      }
    ],
    "isTemplate": false,
    "count": 0,
    "updated": 0
  },
  {
    "id": "9afd6409-5871-4573-b8b1-4bd1d470bc1a",
    "data": [
      {
        "text": "guest wifi access",
        "userDefined": false
      }
    ],
    "isTemplate": false,
    "count": 0,
    "updated": 0
  },
  {
    "id": "13e12c74-d85b-4dd7-a5ff-3c1d97a8535e",
    "data": [
      {
        "text": "How do I set up a wireless connection for other people",
        "userDefined": false
      }
    ],
    "isTemplate": false,
    "count": 0,
    "updated": 0
  },
  {
    "id": "1d3d6eb9-3aab-4909-9241-e3c70163e1f3",
    "data": [
      {
        "text": "Assist me in putting up visitor internet access",
        "userDefined": false
      }
    ],
    "isTemplate": false,
    "count": 0,
    "updated": 0
  },
  {
    "id": "7c81a5ac-dcaf-4b79-8d03-880510520d08",
    "data": [
      {
        "text": "guest wireless access",
        "userDefined": false
      }
    ],
    "isTemplate": false,
    "count": 0,
    "updated": 0
  },
  {
    "id": "22157e63-7eae-47d4-b366-46b0ddc825aa",
    "data": [
      {
        "text": "guest wireless",
        "userDefined": false
      }
    ],
    "isTemplate": false,
    "count": 0,
    "updated": 0
  },
  {
    "id": "22aa99d1-1995-42f1-90bd-f78aa05e74bb",
    "data": [
      {
        "text": "guest wireless network",
        "userDefined": false
      }
    ],
    "isTemplate": false,
    "count": 0,
    "updated": 0
  },
  {
    "id": "184c33b2-81a3-4bae-a71d-8a3926e76630",
    "data": [
      {
        "text": "Help me set up internet access for my friends",
        "userDefined": false
      }
    ],
    "isTemplate": false,
    "count": 0,
    "updated": 0
  },
  {
    "id": "ae1620c4-4026-4a33-b05f-b44e5a8467f4",
    "data": [
      {
        "text": "I need a separate network for visitors",
        "userDefined": false
      }
    ],
    "isTemplate": false,
    "count": 0,
    "updated": 0
  },
  {
    "id": "37785ac6-3be4-4b1e-bd6b-102ab8b961e3",
    "data": [
      {
        "text": "I need help setting up a wireless network for guests",
        "userDefined": false
      }
    ],
    "isTemplate": false,
    "count": 0,
    "updated": 0
  },
  {
    "id": "4290d385-c8c0-4772-8157-95b155675b9d",
    "data": [
      {
        "text": "I want to set up my guest Wi-Fi",
        "userDefined": false
      }
    ],
    "isTemplate": false,
    "count": 0,
    "updated": 0
  },
  {
    "id": "7f4f2029-bc8e-411a-a734-6cd6e12a67d3",
    "data": [
      {
        "text": "guest wifi",
        "userDefined": false
      }
    ],
    "isTemplate": false,
    "count": 0,
    "updated": 0
  },
  {
    "id": "0910d933-23d1-4319-bfdd-01ecd7da4dd0",
    "data": [
      {
        "text": "guest network",
        "userDefined": false
      }
    ],
    "isTemplate": false,
    "count": 0,
    "updated": 0
  }
]