[
  {
    "id": "7bb06968-a700-48a4-8a00-47e4252a4abf",
    "data": [
      {
        "text": "explain it to me",
        "userDefined": false
      }
    ],
    "isTemplate": false,
    "count": 0,
    "updated": 0
  },
  {
    "id": "9dda520e-964e-4185-9a3d-269c768ef39f",
    "data": [
      {
        "text": "i don\u0027t know the settings",
        "userDefined": false
      }
    ],
    "isTemplate": false,
    "count": 0,
    "updated": 0
  },
  {
    "id": "3e00eceb-ff94-44de-a01f-5d39c0d359a8",
    "data": [
      {
        "text": "i don\u0027t know the security settings",
        "userDefined": false
      }
    ],
    "isTemplate": false,
    "count": 0,
    "updated": 0
  },
  {
    "id": "172df9e0-f3b3-483a-8f45-42289b4a251c",
    "data": [
      {
        "text": "i don\u0027t understand the security settings",
        "userDefined": false
      }
    ],
    "isTemplate": false,
    "count": 0,
    "updated": 0
  },
  {
    "id": "e2e671ba-121a-49a1-9ad1-4b33d672a1b4",
    "data": [
      {
        "text": "explain to me the security settings",
        "userDefined": false
      }
    ],
    "isTemplate": false,
    "count": 0,
    "updated": 0
  },
  {
    "id": "4b20eefd-53ca-41d6-8883-adaf875da35a",
    "data": [
      {
        "text": "explain to me",
        "userDefined": false
      }
    ],
    "isTemplate": false,
    "count": 0,
    "updated": 0
  },
  {
    "id": "1a6e3500-0725-48c6-a0d1-b5e906cd8f06",
    "data": [
      {
        "text": "could you explain it to me",
        "userDefined": false
      }
    ],
    "isTemplate": false,
    "count": 0,
    "updated": 0
  },
  {
    "id": "2743ba0b-50af-4048-a2d8-42075f6c1e85",
    "data": [
      {
        "text": "would you explain it to me",
        "userDefined": false
      }
    ],
    "isTemplate": false,
    "count": 0,
    "updated": 0
  },
  {
    "id": "c84b77c8-ddad-4ffe-8cfe-c98454832e0e",
    "data": [
      {
        "text": "i need you to explain it to me",
        "userDefined": false
      }
    ],
    "isTemplate": false,
    "count": 0,
    "updated": 0
  },
  {
    "id": "2180483a-6339-4b56-bbd3-8aeb46dae486",
    "data": [
      {
        "text": "i need help",
        "userDefined": false
      }
    ],
    "isTemplate": false,
    "count": 0,
    "updated": 0
  },
  {
    "id": "7f975218-cfac-443a-bc7a-87b96e24247b",
    "data": [
      {
        "text": "i need help understanding",
        "userDefined": false
      }
    ],
    "isTemplate": false,
    "count": 0,
    "updated": 0
  },
  {
    "id": "b859abc0-8726-4c87-b895-927139875be6",
    "data": [
      {
        "text": "please explain the various types of security",
        "userDefined": false
      }
    ],
    "isTemplate": false,
    "count": 0,
    "updated": 0
  },
  {
    "id": "32fd55eb-e09b-4b31-9029-4c8c0bba0742",
    "data": [
      {
        "text": "please explain the various types",
        "userDefined": false
      }
    ],
    "isTemplate": false,
    "count": 0,
    "updated": 0
  },
  {
    "id": "5a2d47f8-91d7-4b48-a5f7-284c62cd645f",
    "data": [
      {
        "text": "please explain",
        "userDefined": false
      }
    ],
    "isTemplate": false,
    "count": 0,
    "updated": 0
  },
  {
    "id": "a7c8b8d3-f514-4878-bc7f-a0bd1a9018a6",
    "data": [
      {
        "text": "please explain the settings",
        "userDefined": false
      }
    ],
    "isTemplate": false,
    "count": 0,
    "updated": 0
  },
  {
    "id": "d942ce44-b67a-4ebf-91fe-ec2f8bdf37ed",
    "data": [
      {
        "text": "i need the settings explained",
        "userDefined": false
      }
    ],
    "isTemplate": false,
    "count": 0,
    "updated": 0
  },
  {
    "id": "c49303d6-9b3a-453c-82e8-00e6ae80d584",
    "data": [
      {
        "text": "i need the security settings explained",
        "userDefined": false
      }
    ],
    "isTemplate": false,
    "count": 0,
    "updated": 0
  },
  {
    "id": "c38b556d-0d3b-412b-b521-3e3aa5eaa997",
    "data": [
      {
        "text": "i need it explained",
        "userDefined": false
      }
    ],
    "isTemplate": false,
    "count": 0,
    "updated": 0
  },
  {
    "id": "88034c71-c60a-49d3-b759-a4a2b45c11bc",
    "data": [
      {
        "text": "I want to learn more about security types",
        "userDefined": false
      }
    ],
    "isTemplate": false,
    "count": 0,
    "updated": 0
  },
  {
    "id": "802118ad-8ef6-4fc6-83ef-7a81900a0a7c",
    "data": [
      {
        "text": "I don\u0027t know anything about encryption types",
        "userDefined": false
      }
    ],
    "isTemplate": false,
    "count": 0,
    "updated": 0
  },
  {
    "id": "093411e3-8b5b-4c2f-a0eb-ab945b2d7401",
    "data": [
      {
        "text": "which encryption should I choose",
        "userDefined": false
      }
    ],
    "isTemplate": false,
    "count": 0,
    "updated": 0
  },
  {
    "id": "7cdfc626-5d44-4f84-bf9e-fbb12b2e087f",
    "data": [
      {
        "text": "which security type is the best",
        "userDefined": false
      }
    ],
    "isTemplate": false,
    "count": 0,
    "updated": 0
  },
  {
    "id": "6ad44e9b-3fed-4013-8ae6-5f5ba2e371ee",
    "data": [
      {
        "text": "which security type is the best option",
        "userDefined": false
      }
    ],
    "isTemplate": false,
    "count": 0,
    "updated": 0
  },
  {
    "id": "e5838ddb-382e-4d58-98bd-445810771cb6",
    "data": [
      {
        "text": "yes I want to know which security type I should choose",
        "userDefined": false
      }
    ],
    "isTemplate": false,
    "count": 0,
    "updated": 0
  },
  {
    "id": "ec27aed4-e815-49cc-9836-0034d13496b8",
    "data": [
      {
        "text": "yes",
        "userDefined": false
      }
    ],
    "isTemplate": false,
    "count": 1,
    "updated": 0
  },
  {
    "id": "00cfaf3d-47cc-4a93-8d16-07ccbddde1db",
    "data": [
      {
        "text": "okay I will",
        "userDefined": false
      }
    ],
    "isTemplate": false,
    "count": 2,
    "updated": 0
  },
  {
    "id": "0818f1ff-c285-466b-b1f1-dbafc3767522",
    "data": [
      {
        "text": "why not",
        "userDefined": false
      }
    ],
    "isTemplate": false,
    "count": 0,
    "updated": 0
  },
  {
    "id": "dfe51806-a220-48b5-9c18-647f5982d75b",
    "data": [
      {
        "text": "yes that\u0027s alright",
        "userDefined": false
      }
    ],
    "isTemplate": false,
    "count": 0,
    "updated": 0
  },
  {
    "id": "829edfa8-129e-4e31-8e02-71c79a7925bb",
    "data": [
      {
        "text": "yes I do",
        "userDefined": false
      }
    ],
    "isTemplate": false,
    "count": 0,
    "updated": 0
  },
  {
    "id": "fc0652b9-9ebc-44f8-af76-d66432fd51ca",
    "data": [
      {
        "text": "exactly",
        "userDefined": false
      }
    ],
    "isTemplate": false,
    "count": 1,
    "updated": 0
  },
  {
    "id": "e3f00f74-a552-40bc-b937-1ed83aa0f855",
    "data": [
      {
        "text": "of course",
        "userDefined": false
      }
    ],
    "isTemplate": false,
    "count": 0,
    "updated": 0
  },
  {
    "id": "04a95fd6-6b77-47e5-ab2a-d9ad39bd2116",
    "data": [
      {
        "text": "yep that\u0027s ok",
        "userDefined": false
      }
    ],
    "isTemplate": false,
    "count": 0,
    "updated": 0
  },
  {
    "id": "3123e6ef-a92d-486b-ad12-fe6e32ca0332",
    "data": [
      {
        "text": "okay",
        "userDefined": false
      }
    ],
    "isTemplate": false,
    "count": 1,
    "updated": 0
  },
  {
    "id": "169e202f-8ab1-4a22-b00c-759e844cfcf6",
    "data": [
      {
        "text": "ok",
        "userDefined": false
      }
    ],
    "isTemplate": false,
    "count": 1,
    "updated": 0
  },
  {
    "id": "cb10a985-e996-47aa-98e0-dbdd3de09530",
    "data": [
      {
        "text": "for sure",
        "userDefined": false
      }
    ],
    "isTemplate": false,
    "count": 0,
    "updated": 0
  },
  {
    "id": "cddc104e-bb5e-40e2-b23c-fe53331a53fa",
    "data": [
      {
        "text": "sg",
        "userDefined": false
      }
    ],
    "isTemplate": false,
    "count": 0,
    "updated": 0
  },
  {
    "id": "90a3bf18-bb23-45e1-a76d-dfa0f956f421",
    "data": [
      {
        "text": "yes that\u0027t ok",
        "userDefined": false
      }
    ],
    "isTemplate": false,
    "count": 0,
    "updated": 0
  },
  {
    "id": "d7f7de96-11ab-4553-ac8b-4eb4788f52aa",
    "data": [
      {
        "text": "I agree",
        "userDefined": false
      }
    ],
    "isTemplate": false,
    "count": 2,
    "updated": 0
  },
  {
    "id": "4b855e50-815b-4766-8a65-3f3696bfb405",
    "data": [
      {
        "text": "yes you can do it",
        "userDefined": false
      }
    ],
    "isTemplate": false,
    "count": 0,
    "updated": 0
  },
  {
    "id": "9a458060-2f81-4617-9a2e-c9c044868052",
    "data": [
      {
        "text": "I don\u0027t mind",
        "userDefined": false
      }
    ],
    "isTemplate": false,
    "count": 3,
    "updated": 0
  },
  {
    "id": "e96bae9c-19cb-455c-a718-a43f4ac95036",
    "data": [
      {
        "text": "that one works",
        "userDefined": false
      }
    ],
    "isTemplate": false,
    "count": 0,
    "updated": 0
  },
  {
    "id": "ac580b87-5c8d-4203-ba3d-54c19790f676",
    "data": [
      {
        "text": "that works",
        "userDefined": false
      }
    ],
    "isTemplate": false,
    "count": 0,
    "updated": 0
  },
  {
    "id": "ecfda53c-d858-451d-92f9-30de7d2ba7c0",
    "data": [
      {
        "text": "sure why not",
        "userDefined": false
      }
    ],
    "isTemplate": false,
    "count": 0,
    "updated": 0
  },
  {
    "id": "0ab7fb0d-f12d-46a7-9381-b41e8b1f041b",
    "data": [
      {
        "text": "perfect",
        "userDefined": false
      }
    ],
    "isTemplate": false,
    "count": 0,
    "updated": 0
  },
  {
    "id": "637a3fe1-0410-4373-807d-fe979a98be0a",
    "data": [
      {
        "text": "yep that\u0027s right",
        "userDefined": false
      }
    ],
    "isTemplate": false,
    "count": 1,
    "updated": 0
  },
  {
    "id": "5f2cd486-4bfe-415d-93f2-8a45752c8556",
    "data": [
      {
        "text": "I think so",
        "userDefined": false
      }
    ],
    "isTemplate": false,
    "count": 0,
    "updated": 0
  },
  {
    "id": "c0b04e26-a901-4458-b6a8-c00024563f0b",
    "data": [
      {
        "text": "yes I agree",
        "userDefined": false
      }
    ],
    "isTemplate": false,
    "count": 1,
    "updated": 0
  },
  {
    "id": "dd4243f6-586b-47ca-8642-019c2b9c6e51",
    "data": [
      {
        "text": "sure",
        "userDefined": false
      }
    ],
    "isTemplate": false,
    "count": 2,
    "updated": 0
  },
  {
    "id": "30bf434b-fd65-4cda-9932-cda806782696",
    "data": [
      {
        "text": "sounds correct",
        "userDefined": false
      }
    ],
    "isTemplate": false,
    "count": 1,
    "updated": 0
  },
  {
    "id": "dfb4da08-f253-4548-986a-e50fcdff177f",
    "data": [
      {
        "text": "sounds good",
        "userDefined": false
      }
    ],
    "isTemplate": false,
    "count": 0,
    "updated": 0
  },
  {
    "id": "fc6df19d-4390-4d53-b5d4-53122e741835",
    "data": [
      {
        "text": "that\u0027s correct",
        "userDefined": false
      }
    ],
    "isTemplate": false,
    "count": 0,
    "updated": 0
  },
  {
    "id": "0051821c-03cb-412b-9c58-13a8ff1ad40d",
    "data": [
      {
        "text": "go ahead",
        "userDefined": false
      }
    ],
    "isTemplate": false,
    "count": 1,
    "updated": 0
  },
  {
    "id": "911efdef-98ba-456a-a81e-f1a3ce930d23",
    "data": [
      {
        "text": "do it",
        "userDefined": false
      }
    ],
    "isTemplate": false,
    "count": 1,
    "updated": 0
  },
  {
    "id": "3631414b-d56b-45ae-baa6-5dfd4b1a9a39",
    "data": [
      {
        "text": "it\u0027s fine",
        "userDefined": false
      }
    ],
    "isTemplate": false,
    "count": 0,
    "updated": 0
  },
  {
    "id": "ca2ea2a2-c26f-4d2a-a229-224f4e32bf4e",
    "data": [
      {
        "text": "yeah",
        "userDefined": false
      }
    ],
    "isTemplate": false,
    "count": 0,
    "updated": 0
  },
  {
    "id": "fd9bd60d-cefb-40c1-a252-1dc116e22434",
    "data": [
      {
        "text": "yes please",
        "userDefined": false
      }
    ],
    "isTemplate": false,
    "count": 0,
    "updated": 0
  },
  {
    "id": "c9e10605-13ee-4119-8234-362a646784e4",
    "data": [
      {
        "text": "it\u0027s okay",
        "userDefined": false
      }
    ],
    "isTemplate": false,
    "count": 0,
    "updated": 0
  },
  {
    "id": "40bcade1-2972-45ae-82df-ca5e9be29d29",
    "data": [
      {
        "text": "alright why not",
        "userDefined": false
      }
    ],
    "isTemplate": false,
    "count": 0,
    "updated": 0
  },
  {
    "id": "40fe2a1b-e1ec-4c05-af0e-54e13d580d37",
    "data": [
      {
        "text": "alright",
        "userDefined": false
      }
    ],
    "isTemplate": false,
    "count": 0,
    "updated": 0
  },
  {
    "id": "71da398b-6787-4e20-9a6d-e5b21de81532",
    "data": [
      {
        "text": "right",
        "userDefined": false
      }
    ],
    "isTemplate": false,
    "count": 0,
    "updated": 0
  },
  {
    "id": "befc1e47-595e-4695-894f-021f0c80c56a",
    "data": [
      {
        "text": "it looks perfect",
        "userDefined": false
      }
    ],
    "isTemplate": false,
    "count": 0,
    "updated": 0
  },
  {
    "id": "400476c5-6d4f-48ef-b37f-0d8c2c1cacfd",
    "data": [
      {
        "text": "yes I can",
        "userDefined": false
      }
    ],
    "isTemplate": false,
    "count": 0,
    "updated": 0
  },
  {
    "id": "5154b7bb-1bb9-4522-b072-274af5cd4800",
    "data": [
      {
        "text": "yup",
        "userDefined": false
      }
    ],
    "isTemplate": false,
    "count": 0,
    "updated": 0
  },
  {
    "id": "a4afd58c-e620-4f85-b78d-638e5b425785",
    "data": [
      {
        "text": "yep",
        "userDefined": false
      }
    ],
    "isTemplate": false,
    "count": 0,
    "updated": 0
  },
  {
    "id": "c67ac158-6d4b-43e1-9773-57e3d0d5c887",
    "data": [
      {
        "text": "confirm",
        "userDefined": false
      }
    ],
    "isTemplate": false,
    "count": 1,
    "updated": 0
  },
  {
    "id": "62d2fbd3-6ceb-4ce9-bdce-fe277be78746",
    "data": [
      {
        "text": "absolutely",
        "userDefined": false
      }
    ],
    "isTemplate": false,
    "count": 1,
    "updated": 0
  }
]