[
  {
    "id": "0777ab2b-98aa-497a-a637-ed90a4d60d7e",
    "data": [
      {
        "text": "I own a Linux Desktop",
        "userDefined": false
      }
    ],
    "isTemplate": false,
    "count": 0,
    "updated": 0
  },
  {
    "id": "b48f45de-f6cf-4422-9e5d-f894809416a4",
    "data": [
      {
        "text": "I have a home computer with linux installed",
        "userDefined": false
      }
    ],
    "isTemplate": false,
    "count": 0,
    "updated": 0
  },
  {
    "id": "a1134b8a-84ef-4551-a801-6db3ebe9285d",
    "data": [
      {
        "text": "I have a laptop with linux installed",
        "userDefined": false
      }
    ],
    "isTemplate": false,
    "count": 0,
    "updated": 0
  },
  {
    "id": "4654a532-12fe-46d4-84a7-915b947e59f4",
    "data": [
      {
        "text": "Linux computer",
        "userDefined": false
      }
    ],
    "isTemplate": false,
    "count": 0,
    "updated": 0
  },
  {
    "id": "fd60e40f-e858-44af-8e4e-01418b2887b2",
    "data": [
      {
        "text": "Linux Laptop",
        "userDefined": false
      }
    ],
    "isTemplate": false,
    "count": 0,
    "updated": 0
  },
  {
    "id": "8b3b44fa-25a0-4d0a-8b4d-71d816713d0d",
    "data": [
      {
        "text": "The computer is a linux",
        "userDefined": false
      }
    ],
    "isTemplate": false,
    "count": 0,
    "updated": 0
  },
  {
    "id": "203ab4b7-70be-4574-b794-dfdf627406d5",
    "data": [
      {
        "text": "The PC is a Linux",
        "userDefined": false
      }
    ],
    "isTemplate": false,
    "count": 0,
    "updated": 0
  },
  {
    "id": "604c8ec9-19e6-4dab-ac74-a5dde58b7dac",
    "data": [
      {
        "text": "My operating system is Linux",
        "userDefined": false
      }
    ],
    "isTemplate": false,
    "count": 0,
    "updated": 0
  },
  {
    "id": "939054cb-c525-4a25-89cd-ad565724cfda",
    "data": [
      {
        "text": "My OS is Linux",
        "userDefined": false
      }
    ],
    "isTemplate": false,
    "count": 0,
    "updated": 0
  },
  {
    "id": "5dc8a84b-5809-4557-93c6-68b9805ce524",
    "data": [
      {
        "text": "My laptop uses Linux",
        "userDefined": false
      }
    ],
    "isTemplate": false,
    "count": 0,
    "updated": 0
  },
  {
    "id": "1c354a88-a592-4bdc-aedb-a3482a53e039",
    "data": [
      {
        "text": "I use a linux machine",
        "userDefined": false
      }
    ],
    "isTemplate": false,
    "count": 0,
    "updated": 0
  }
]