[
  {
    "id": "f48e94a7-0205-4d18-a10f-7afeb92d2b65",
    "data": [
      {
        "text": "password for wi-fi",
        "userDefined": false
      }
    ],
    "isTemplate": false,
    "count": 0,
    "updated": 0
  },
  {
    "id": "18946dc5-bef9-492b-b273-33acc013e370",
    "data": [
      {
        "text": "password for wireless",
        "userDefined": false
      }
    ],
    "isTemplate": false,
    "count": 0,
    "updated": 0
  },
  {
    "id": "87ca4ae0-f1df-4842-954b-83b7ec0461eb",
    "data": [
      {
        "text": "password for wifi",
        "userDefined": false
      }
    ],
    "isTemplate": false,
    "count": 0,
    "updated": 0
  },
  {
    "id": "d7426519-f3ef-4dc4-9951-eaf3ab50ea61",
    "data": [
      {
        "text": "wireless network password",
        "userDefined": false
      }
    ],
    "isTemplate": false,
    "count": 0,
    "updated": 0
  },
  {
    "id": "45997b7c-0502-4d04-949a-ceccc3b675d8",
    "data": [
      {
        "text": "assist me in recovering my wifi password",
        "userDefined": false
      }
    ],
    "isTemplate": false,
    "count": 0,
    "updated": 0
  },
  {
    "id": "c49d4ea3-0442-4eea-b6a6-12c30bfb1b28",
    "data": [
      {
        "text": "help me find my passcode",
        "userDefined": false
      }
    ],
    "isTemplate": false,
    "count": 0,
    "updated": 0
  },
  {
    "id": "739d77be-5036-42b6-8936-a07adc1e96f4",
    "data": [
      {
        "text": "My password should work but isn\u0027t",
        "userDefined": false
      }
    ],
    "isTemplate": false,
    "count": 0,
    "updated": 0
  },
  {
    "id": "2658d9a0-5c41-48dd-a282-5173c825356f",
    "data": [
      {
        "text": "My wireless password is not working",
        "userDefined": false
      }
    ],
    "isTemplate": false,
    "count": 0,
    "updated": 0
  },
  {
    "id": "34a00ffa-7a02-4996-9975-432f7da8fff2",
    "data": [
      {
        "text": "How to find wireless password",
        "userDefined": false
      }
    ],
    "isTemplate": false,
    "count": 0,
    "updated": 0
  },
  {
    "id": "de2cce73-6659-4f1b-900a-4d6a4ac67c79",
    "data": [
      {
        "text": "Where can I find the network password",
        "userDefined": false
      }
    ],
    "isTemplate": false,
    "count": 0,
    "updated": 0
  },
  {
    "id": "9c1de5fe-dd61-4df6-846b-015ac8b10ec9",
    "data": [
      {
        "text": "wifi password",
        "userDefined": false
      }
    ],
    "isTemplate": false,
    "count": 0,
    "updated": 0
  },
  {
    "id": "0e46c1c1-0ac4-49ca-8cca-58da3f7aef82",
    "data": [
      {
        "text": "I need the network\u0027s passcode",
        "userDefined": false
      }
    ],
    "isTemplate": false,
    "count": 0,
    "updated": 0
  },
  {
    "id": "0ccfb645-71fe-4d1d-860b-9d76f05c1719",
    "data": [
      {
        "text": "Can I find the password for the wireless network",
        "userDefined": false
      }
    ],
    "isTemplate": false,
    "count": 0,
    "updated": 0
  },
  {
    "id": "03c94cc3-0243-48e6-b60f-15ab9e996818",
    "data": [
      {
        "text": "Where do I find my password for the internet",
        "userDefined": false
      }
    ],
    "isTemplate": false,
    "count": 0,
    "updated": 0
  },
  {
    "id": "8d140470-39fd-476d-84a0-f6f95667b9ca",
    "data": [
      {
        "text": "I can\u0027t remember my password for the wifi",
        "userDefined": false
      }
    ],
    "isTemplate": false,
    "count": 0,
    "updated": 0
  },
  {
    "id": "c34d2ade-a27c-408c-aefe-d32e6624abf0",
    "data": [
      {
        "text": "wireless password",
        "userDefined": false
      }
    ],
    "isTemplate": false,
    "count": 1,
    "updated": 0
  },
  {
    "id": "51a3a27d-53fd-4c41-88f4-104f3cafc677",
    "data": [
      {
        "text": "I forgot the wireless access passcode",
        "userDefined": false
      }
    ],
    "isTemplate": false,
    "count": 0,
    "updated": 0
  },
  {
    "id": "0af4d7d6-79b7-47e0-b9ee-0a699dd54ee6",
    "data": [
      {
        "text": "need my wifi password",
        "userDefined": false
      }
    ],
    "isTemplate": false,
    "count": 0,
    "updated": 0
  },
  {
    "id": "13723f99-003e-4464-934e-90ab23be52f8",
    "data": [
      {
        "text": "forgotten wireless password",
        "userDefined": false
      }
    ],
    "isTemplate": false,
    "count": 0,
    "updated": 0
  },
  {
    "id": "babad46e-588d-44d4-82e2-696be364993f",
    "data": [
      {
        "text": "forgot wifi password",
        "userDefined": false
      }
    ],
    "isTemplate": false,
    "count": 0,
    "updated": 0
  },
  {
    "id": "d795c7ba-f9bb-44c5-b07e-139a813e0995",
    "data": [
      {
        "text": "Wi-Fi password",
        "userDefined": false
      }
    ],
    "isTemplate": false,
    "count": 0,
    "updated": 0
  }
]