[
  {
    "id": "d7ed9cea-028f-4207-9a87-01c7f601409b",
    "data": [
      {
        "text": "i need to set up a wireless network for visitors",
        "userDefined": false
      }
    ],
    "isTemplate": false,
    "count": 0,
    "updated": 0
  },
  {
    "id": "98e1cd8d-9b53-4b7d-abc3-6f529ea58313",
    "data": [
      {
        "text": "i need to set up a network",
        "userDefined": false
      }
    ],
    "isTemplate": false,
    "count": 0,
    "updated": 0
  },
  {
    "id": "c9150395-eaf4-4a21-8371-12ecb60bd5a6",
    "data": [
      {
        "text": "i need to set up",
        "userDefined": false
      }
    ],
    "isTemplate": false,
    "count": 0,
    "updated": 0
  },
  {
    "id": "c7aa4535-261c-4c70-90bf-30c6d67c42b1",
    "data": [
      {
        "text": "i need to set up a guest network",
        "userDefined": false
      }
    ],
    "isTemplate": false,
    "count": 0,
    "updated": 0
  },
  {
    "id": "27adba3e-cef5-43bb-9556-91f1273ff21d",
    "data": [
      {
        "text": "i am looking to set up a guest network",
        "userDefined": false
      }
    ],
    "isTemplate": false,
    "count": 0,
    "updated": 0
  },
  {
    "id": "3e459128-6077-4518-b792-24a0bb8ad53f",
    "data": [
      {
        "text": "i am looking to set up a guest",
        "userDefined": false
      }
    ],
    "isTemplate": false,
    "count": 0,
    "updated": 0
  },
  {
    "id": "c8d00122-55eb-4a53-99dd-7ccd0c96766b",
    "data": [
      {
        "text": "i want to set up a wireless network for guests",
        "userDefined": false
      }
    ],
    "isTemplate": false,
    "count": 0,
    "updated": 0
  },
  {
    "id": "f79901c0-420b-4259-b361-3e8acf4de340",
    "data": [
      {
        "text": "i want to set up guest wi-fi",
        "userDefined": false
      }
    ],
    "isTemplate": false,
    "count": 0,
    "updated": 0
  },
  {
    "id": "ed06f1e1-f3f0-4251-8aef-0bfd1cac0486",
    "data": [
      {
        "text": "i want to set up guest wifi",
        "userDefined": false
      }
    ],
    "isTemplate": false,
    "count": 0,
    "updated": 0
  },
  {
    "id": "8120c828-e909-45eb-9ea1-1e6b793ece4c",
    "data": [
      {
        "text": "i want to set up access for visitors",
        "userDefined": false
      }
    ],
    "isTemplate": false,
    "count": 0,
    "updated": 0
  },
  {
    "id": "eb972cdb-5ee2-4e24-8c7f-d72bb49e6281",
    "data": [
      {
        "text": "i want to set up access for guests",
        "userDefined": false
      }
    ],
    "isTemplate": false,
    "count": 0,
    "updated": 0
  },
  {
    "id": "d82bf68a-5cc0-4b42-98bb-615b699ff327",
    "data": [
      {
        "text": "i would like to set up a guest network",
        "userDefined": false
      }
    ],
    "isTemplate": false,
    "count": 0,
    "updated": 0
  },
  {
    "id": "1a7c14a9-3170-41a2-ac20-ce81b954fecb",
    "data": [
      {
        "text": "i would like to set up",
        "userDefined": false
      }
    ],
    "isTemplate": false,
    "count": 0,
    "updated": 0
  },
  {
    "id": "72d70e89-d7ae-45c7-8cb8-37a665bdecbb",
    "data": [
      {
        "text": "i want a guest network option",
        "userDefined": false
      }
    ],
    "isTemplate": false,
    "count": 0,
    "updated": 0
  },
  {
    "id": "a22f257e-a05f-4520-b511-7d7768e38be7",
    "data": [
      {
        "text": "i want to set up guest access",
        "userDefined": false
      }
    ],
    "isTemplate": false,
    "count": 0,
    "updated": 0
  },
  {
    "id": "4e1b796d-85aa-41a1-9e70-3abec645e103",
    "data": [
      {
        "text": "i want to set up a guest network",
        "userDefined": false
      }
    ],
    "isTemplate": false,
    "count": 0,
    "updated": 0
  },
  {
    "id": "628c83e9-2d92-421a-b4ef-e91356824d04",
    "data": [
      {
        "text": "i want to set up",
        "userDefined": false
      }
    ],
    "isTemplate": false,
    "count": 0,
    "updated": 0
  },
  {
    "id": "d80ea3ef-533f-4685-8dcb-2e729d50ad69",
    "data": [
      {
        "text": "I need internet access for visitors",
        "userDefined": false
      }
    ],
    "isTemplate": false,
    "count": 0,
    "updated": 0
  },
  {
    "id": "273407ab-356b-4891-8c26-0f549e5389fd",
    "data": [
      {
        "text": "need help trying to create a wifi network for a public space",
        "userDefined": false
      }
    ],
    "isTemplate": false,
    "count": 0,
    "updated": 0
  },
  {
    "id": "e1c6e141-decf-4bc4-9360-1c243614c94a",
    "data": [
      {
        "text": "I need a guest Wi-Fi",
        "userDefined": false
      }
    ],
    "isTemplate": false,
    "count": 0,
    "updated": 0
  },
  {
    "id": "4673e167-28e2-4d26-a4c6-fd07ba78e44d",
    "data": [
      {
        "text": "I want to set up an internet connection for others",
        "userDefined": false
      }
    ],
    "isTemplate": false,
    "count": 0,
    "updated": 0
  },
  {
    "id": "9e9329d0-56ed-4cbe-9441-d7a0149089bd",
    "data": [
      {
        "text": "I want to create a public access network",
        "userDefined": false
      }
    ],
    "isTemplate": false,
    "count": 0,
    "updated": 0
  },
  {
    "id": "6514ce69-0514-48ec-87f0-184c6f8b1db2",
    "data": [
      {
        "text": "I need help with setting up a wireless access for visitors",
        "userDefined": false
      }
    ],
    "isTemplate": false,
    "count": 0,
    "updated": 0
  },
  {
    "id": "b16c3c9c-0526-49fe-a8da-6fc823aeec18",
    "data": [
      {
        "text": "I want to set up a wireless connection dedicated to guests",
        "userDefined": false
      }
    ],
    "isTemplate": false,
    "count": 0,
    "updated": 0
  },
  {
    "id": "5511a14c-62bb-4382-aea3-2ea7c5d62d86",
    "data": [
      {
        "text": "yes",
        "userDefined": false
      }
    ],
    "isTemplate": false,
    "count": 1,
    "updated": 0
  },
  {
    "id": "04d1456c-675a-44ba-bfc3-45aed32e2d10",
    "data": [
      {
        "text": "okay I will",
        "userDefined": false
      }
    ],
    "isTemplate": false,
    "count": 2,
    "updated": 0
  },
  {
    "id": "56b0b682-3241-4a5d-81fd-72923bd654ff",
    "data": [
      {
        "text": "why not",
        "userDefined": false
      }
    ],
    "isTemplate": false,
    "count": 0,
    "updated": 0
  },
  {
    "id": "98d0a62d-0216-4292-b629-abbee55428aa",
    "data": [
      {
        "text": "yes that\u0027s alright",
        "userDefined": false
      }
    ],
    "isTemplate": false,
    "count": 0,
    "updated": 0
  },
  {
    "id": "076611b1-460e-4c9b-b2d1-5677415709a5",
    "data": [
      {
        "text": "yes I do",
        "userDefined": false
      }
    ],
    "isTemplate": false,
    "count": 0,
    "updated": 0
  },
  {
    "id": "4785a45c-656a-4a31-8a57-ce32bd620e7b",
    "data": [
      {
        "text": "exactly",
        "userDefined": false
      }
    ],
    "isTemplate": false,
    "count": 1,
    "updated": 0
  },
  {
    "id": "17740efe-a8a2-4002-b4f9-84eca38efceb",
    "data": [
      {
        "text": "of course",
        "userDefined": false
      }
    ],
    "isTemplate": false,
    "count": 0,
    "updated": 0
  },
  {
    "id": "4f2d4bfa-d0a5-495d-8606-361659857e45",
    "data": [
      {
        "text": "yep that\u0027s ok",
        "userDefined": false
      }
    ],
    "isTemplate": false,
    "count": 0,
    "updated": 0
  },
  {
    "id": "99686e48-7de3-44a4-b33b-e1a3791ff35b",
    "data": [
      {
        "text": "okay",
        "userDefined": false
      }
    ],
    "isTemplate": false,
    "count": 1,
    "updated": 0
  },
  {
    "id": "de9ef0f8-a183-4f57-b75f-d63b65578652",
    "data": [
      {
        "text": "ok",
        "userDefined": false
      }
    ],
    "isTemplate": false,
    "count": 1,
    "updated": 0
  },
  {
    "id": "ebf28811-658f-43b9-ad9a-e8e65e1c2d74",
    "data": [
      {
        "text": "for sure",
        "userDefined": false
      }
    ],
    "isTemplate": false,
    "count": 0,
    "updated": 0
  },
  {
    "id": "79ef4e23-69e4-4789-9635-3c91fc89a46a",
    "data": [
      {
        "text": "sg",
        "userDefined": false
      }
    ],
    "isTemplate": false,
    "count": 0,
    "updated": 0
  },
  {
    "id": "64b31428-0e0e-43cc-a767-3cbec3c96830",
    "data": [
      {
        "text": "yes that\u0027t ok",
        "userDefined": false
      }
    ],
    "isTemplate": false,
    "count": 0,
    "updated": 0
  },
  {
    "id": "3b3c9bec-e262-4933-b623-caa9493b2c3f",
    "data": [
      {
        "text": "I agree",
        "userDefined": false
      }
    ],
    "isTemplate": false,
    "count": 2,
    "updated": 0
  },
  {
    "id": "cbda236d-dc5a-412f-96fa-3c599edd9321",
    "data": [
      {
        "text": "yes you can do it",
        "userDefined": false
      }
    ],
    "isTemplate": false,
    "count": 0,
    "updated": 0
  },
  {
    "id": "a52c46f1-45ba-4d2e-9eca-69621cd5ad29",
    "data": [
      {
        "text": "I don\u0027t mind",
        "userDefined": false
      }
    ],
    "isTemplate": false,
    "count": 3,
    "updated": 0
  },
  {
    "id": "e5e00c1c-854f-40ef-803d-16b9d25e0669",
    "data": [
      {
        "text": "that one works",
        "userDefined": false
      }
    ],
    "isTemplate": false,
    "count": 0,
    "updated": 0
  },
  {
    "id": "727fc515-56cc-4a38-a0b8-70607e4d270a",
    "data": [
      {
        "text": "that works",
        "userDefined": false
      }
    ],
    "isTemplate": false,
    "count": 0,
    "updated": 0
  },
  {
    "id": "3750651e-045f-450a-b745-c7d764f2d728",
    "data": [
      {
        "text": "sure why not",
        "userDefined": false
      }
    ],
    "isTemplate": false,
    "count": 0,
    "updated": 0
  },
  {
    "id": "36c1f5bc-9c72-4f73-b7fa-528b19ed38e4",
    "data": [
      {
        "text": "perfect",
        "userDefined": false
      }
    ],
    "isTemplate": false,
    "count": 0,
    "updated": 0
  },
  {
    "id": "ec0719f9-b442-455c-8dd1-e7b02d22e921",
    "data": [
      {
        "text": "yep that\u0027s right",
        "userDefined": false
      }
    ],
    "isTemplate": false,
    "count": 1,
    "updated": 0
  },
  {
    "id": "184e93a1-e0bb-444c-aaf4-1e29f1a3cd0d",
    "data": [
      {
        "text": "I think so",
        "userDefined": false
      }
    ],
    "isTemplate": false,
    "count": 0,
    "updated": 0
  },
  {
    "id": "8b7abab2-e6af-4351-846d-4da61a50ceb7",
    "data": [
      {
        "text": "yes I agree",
        "userDefined": false
      }
    ],
    "isTemplate": false,
    "count": 1,
    "updated": 0
  },
  {
    "id": "bf70fb6b-e027-4ad0-94de-c7c89d6d50fe",
    "data": [
      {
        "text": "sure",
        "userDefined": false
      }
    ],
    "isTemplate": false,
    "count": 2,
    "updated": 0
  },
  {
    "id": "d86f90e4-b3af-4123-99d8-b5c32fce823e",
    "data": [
      {
        "text": "sounds correct",
        "userDefined": false
      }
    ],
    "isTemplate": false,
    "count": 1,
    "updated": 0
  },
  {
    "id": "221eecfc-fdc0-4343-ae08-ce23054a0d52",
    "data": [
      {
        "text": "sounds good",
        "userDefined": false
      }
    ],
    "isTemplate": false,
    "count": 0,
    "updated": 0
  },
  {
    "id": "b8febcaf-a306-42fb-b66a-295e2b3d1a44",
    "data": [
      {
        "text": "that\u0027s correct",
        "userDefined": false
      }
    ],
    "isTemplate": false,
    "count": 0,
    "updated": 0
  },
  {
    "id": "4cade7bb-cad8-4d07-8442-369ee5db1d3e",
    "data": [
      {
        "text": "go ahead",
        "userDefined": false
      }
    ],
    "isTemplate": false,
    "count": 1,
    "updated": 0
  },
  {
    "id": "26f61c81-261e-418b-b76b-7fdcc6ada0fe",
    "data": [
      {
        "text": "do it",
        "userDefined": false
      }
    ],
    "isTemplate": false,
    "count": 1,
    "updated": 0
  },
  {
    "id": "45cdd60e-ba84-47c3-8109-82403eaafb29",
    "data": [
      {
        "text": "it\u0027s fine",
        "userDefined": false
      }
    ],
    "isTemplate": false,
    "count": 0,
    "updated": 0
  },
  {
    "id": "93c621af-cffa-404a-b97f-37ddaa3714d0",
    "data": [
      {
        "text": "yeah",
        "userDefined": false
      }
    ],
    "isTemplate": false,
    "count": 0,
    "updated": 0
  },
  {
    "id": "a8eb87dc-0b85-4015-9b0e-15bd9de0e223",
    "data": [
      {
        "text": "yes please",
        "userDefined": false
      }
    ],
    "isTemplate": false,
    "count": 0,
    "updated": 0
  },
  {
    "id": "7b8dd218-42c3-4fc7-9b9a-40db7417493f",
    "data": [
      {
        "text": "it\u0027s okay",
        "userDefined": false
      }
    ],
    "isTemplate": false,
    "count": 0,
    "updated": 0
  },
  {
    "id": "d8d26b3a-8c86-46b1-b9bf-ac5c185ed728",
    "data": [
      {
        "text": "alright why not",
        "userDefined": false
      }
    ],
    "isTemplate": false,
    "count": 0,
    "updated": 0
  },
  {
    "id": "d3bab2eb-3d9d-4ea0-a991-cd1db6b6948a",
    "data": [
      {
        "text": "alright",
        "userDefined": false
      }
    ],
    "isTemplate": false,
    "count": 0,
    "updated": 0
  },
  {
    "id": "29d9f36a-142f-4d69-91b0-94806ab63a3d",
    "data": [
      {
        "text": "right",
        "userDefined": false
      }
    ],
    "isTemplate": false,
    "count": 0,
    "updated": 0
  },
  {
    "id": "637e783f-0f00-47f5-97f5-2d460547f7b4",
    "data": [
      {
        "text": "it looks perfect",
        "userDefined": false
      }
    ],
    "isTemplate": false,
    "count": 0,
    "updated": 0
  },
  {
    "id": "dd1bf2d5-2df7-4387-a67a-b4be79369989",
    "data": [
      {
        "text": "yes I can",
        "userDefined": false
      }
    ],
    "isTemplate": false,
    "count": 0,
    "updated": 0
  },
  {
    "id": "7f0f0108-b8ac-48f0-a9d6-fdcb92d757b9",
    "data": [
      {
        "text": "yup",
        "userDefined": false
      }
    ],
    "isTemplate": false,
    "count": 0,
    "updated": 0
  },
  {
    "id": "84d28c18-ba4e-4d92-a3e0-6fd79e530468",
    "data": [
      {
        "text": "yep",
        "userDefined": false
      }
    ],
    "isTemplate": false,
    "count": 0,
    "updated": 0
  },
  {
    "id": "3d6f5207-2e6f-4b73-832a-0f07c8453fd2",
    "data": [
      {
        "text": "confirm",
        "userDefined": false
      }
    ],
    "isTemplate": false,
    "count": 1,
    "updated": 0
  },
  {
    "id": "01f621ed-fb15-49ea-98b1-2b15f8f03654",
    "data": [
      {
        "text": "absolutely",
        "userDefined": false
      }
    ],
    "isTemplate": false,
    "count": 1,
    "updated": 0
  }
]