[
  {
    "id": "a5c092f9-d8a2-44ac-b187-3478ed17e194",
    "data": [
      {
        "text": "Linux notebook",
        "userDefined": false
      }
    ],
    "isTemplate": false,
    "count": 0,
    "updated": 0
  },
  {
    "id": "1b0450a1-3d7d-40e0-b303-4af2aa08aea8",
    "data": [
      {
        "text": "computer is a linux",
        "userDefined": false
      }
    ],
    "isTemplate": false,
    "count": 0,
    "updated": 0
  },
  {
    "id": "6e191c8b-5d9d-463e-87fa-1f9710553d76",
    "data": [
      {
        "text": "pc is a linux",
        "userDefined": false
      }
    ],
    "isTemplate": false,
    "count": 0,
    "updated": 0
  },
  {
    "id": "488e6b57-f029-418e-b997-82c9492c98e5",
    "data": [
      {
        "text": "Linux",
        "userDefined": false
      }
    ],
    "isTemplate": false,
    "count": 0,
    "updated": 0
  },
  {
    "id": "48cbba5c-88d4-49a3-bd2b-515e1ee68a26",
    "data": [
      {
        "text": "I own a Linux Desktop",
        "userDefined": false
      }
    ],
    "isTemplate": false,
    "count": 0,
    "updated": 0
  },
  {
    "id": "2439cba4-dabe-445a-9f47-e14f0a63f3a0",
    "data": [
      {
        "text": "I have a home computer with linux installed",
        "userDefined": false
      }
    ],
    "isTemplate": false,
    "count": 0,
    "updated": 0
  },
  {
    "id": "d9c7232f-ea50-4eb0-940d-6d2b5fb728e3",
    "data": [
      {
        "text": "I have a laptop with linux installed",
        "userDefined": false
      }
    ],
    "isTemplate": false,
    "count": 0,
    "updated": 0
  },
  {
    "id": "56dee794-8728-49af-9176-30b4acdbc9c8",
    "data": [
      {
        "text": "Linux computer",
        "userDefined": false
      }
    ],
    "isTemplate": false,
    "count": 0,
    "updated": 0
  },
  {
    "id": "8e7c59c7-a766-424e-b0f9-706db2f9145c",
    "data": [
      {
        "text": "Linux Laptop",
        "userDefined": false
      }
    ],
    "isTemplate": false,
    "count": 0,
    "updated": 0
  },
  {
    "id": "dcf9d711-a077-4437-96ac-e5f1e4ea6a0d",
    "data": [
      {
        "text": "The computer is a linux",
        "userDefined": false
      }
    ],
    "isTemplate": false,
    "count": 0,
    "updated": 0
  },
  {
    "id": "83ee12c6-ca6d-494e-b6b4-20e57e39ff09",
    "data": [
      {
        "text": "The PC is a Linux",
        "userDefined": false
      }
    ],
    "isTemplate": false,
    "count": 0,
    "updated": 0
  },
  {
    "id": "5b933f2a-6463-4005-8a4a-c440c88c5ead",
    "data": [
      {
        "text": "My operating system is Linux",
        "userDefined": false
      }
    ],
    "isTemplate": false,
    "count": 0,
    "updated": 0
  },
  {
    "id": "787303ae-d665-457d-a879-cc7ff20fc547",
    "data": [
      {
        "text": "My OS is Linux",
        "userDefined": false
      }
    ],
    "isTemplate": false,
    "count": 0,
    "updated": 0
  },
  {
    "id": "f34a12c9-74be-42c4-a998-ce66daf099a0",
    "data": [
      {
        "text": "My laptop uses Linux",
        "userDefined": false
      }
    ],
    "isTemplate": false,
    "count": 0,
    "updated": 0
  },
  {
    "id": "14297b0f-dafe-4e64-96ec-4e4ad61b1e98",
    "data": [
      {
        "text": "I use a linux machine",
        "userDefined": false
      }
    ],
    "isTemplate": false,
    "count": 0,
    "updated": 0
  }
]