[
  {
    "id": "3708078b-c1ec-490a-9e0e-fa36091a7cbc",
    "data": [
      {
        "text": "diagnosing wifi",
        "userDefined": false
      }
    ],
    "isTemplate": false,
    "count": 0,
    "updated": 0
  },
  {
    "id": "2e8b30c1-caab-43bc-bd94-85b10968adf9",
    "data": [
      {
        "text": "diagnosing wireless",
        "userDefined": false
      }
    ],
    "isTemplate": false,
    "count": 0,
    "updated": 0
  },
  {
    "id": "2c13ed5b-46f8-4cfd-b1ff-3dc7d76dbc60",
    "data": [
      {
        "text": "diagnosing wireless connection",
        "userDefined": false
      }
    ],
    "isTemplate": false,
    "count": 0,
    "updated": 0
  },
  {
    "id": "0824ca07-2534-49f4-8bed-01e973bd2abb",
    "data": [
      {
        "text": "connection",
        "userDefined": false
      }
    ],
    "isTemplate": false,
    "count": 0,
    "updated": 0
  },
  {
    "id": "a519f66b-5cd2-4586-a7b2-2dbb7e120bad",
    "data": [
      {
        "text": "diagnosing connection",
        "userDefined": false
      }
    ],
    "isTemplate": false,
    "count": 0,
    "updated": 0
  },
  {
    "id": "98cadfc8-4fe4-465c-ba80-52fb9ca0c6c2",
    "data": [
      {
        "text": "Wi-Fi internet",
        "userDefined": false
      }
    ],
    "isTemplate": false,
    "count": 0,
    "updated": 0
  },
  {
    "id": "5672705a-4d89-4d04-8e40-aacc85b5ab6e",
    "data": [
      {
        "text": "Wi-Fi access",
        "userDefined": false
      }
    ],
    "isTemplate": false,
    "count": 0,
    "updated": 0
  },
  {
    "id": "22e283b3-3a17-4b9b-ae90-4d644a088fa4",
    "data": [
      {
        "text": "wifi access",
        "userDefined": false
      }
    ],
    "isTemplate": false,
    "count": 1,
    "updated": 0
  },
  {
    "id": "8dd9a11e-7570-4f4a-803c-49a71342a87a",
    "data": [
      {
        "text": "wireless access",
        "userDefined": false
      }
    ],
    "isTemplate": false,
    "count": 0,
    "updated": 0
  },
  {
    "id": "2bf04d01-6176-4385-acb0-47d1fa3e475a",
    "data": [
      {
        "text": "wifi internet",
        "userDefined": false
      }
    ],
    "isTemplate": false,
    "count": 0,
    "updated": 0
  },
  {
    "id": "00973cba-dc99-407e-a6e5-36473b82362e",
    "data": [
      {
        "text": "wireless internet",
        "userDefined": false
      }
    ],
    "isTemplate": false,
    "count": 0,
    "updated": 0
  },
  {
    "id": "3f76c8e4-877b-4289-a393-537dc001b028",
    "data": [
      {
        "text": "The issue is my wireless access",
        "userDefined": false
      }
    ],
    "isTemplate": false,
    "count": 0,
    "updated": 0
  },
  {
    "id": "af0a7902-e21d-43ab-8abe-112e1dde9de4",
    "data": [
      {
        "text": "The trouble is my online access",
        "userDefined": false
      }
    ],
    "isTemplate": false,
    "count": 0,
    "updated": 0
  },
  {
    "id": "ec228ee8-f079-4a20-9256-47133d96d440",
    "data": [
      {
        "text": "I am having problems with my wireless network",
        "userDefined": false
      }
    ],
    "isTemplate": false,
    "count": 0,
    "updated": 0
  },
  {
    "id": "5513d212-f4ed-4471-b1b6-6b2cfdc1a5e4",
    "data": [
      {
        "text": "Wi-Fi connection",
        "userDefined": false
      }
    ],
    "isTemplate": false,
    "count": 0,
    "updated": 0
  },
  {
    "id": "c0f14dec-d71d-4b54-8abd-5ca1ef6f103d",
    "data": [
      {
        "text": "resolve my Wi-Fi",
        "userDefined": false
      }
    ],
    "isTemplate": false,
    "count": 0,
    "updated": 0
  },
  {
    "id": "f41b4c0d-e0dd-43b3-a54c-b9ed9e9db17c",
    "data": [
      {
        "text": "diagnose my wifi",
        "userDefined": false
      }
    ],
    "isTemplate": false,
    "count": 0,
    "updated": 0
  },
  {
    "id": "0166b0aa-3f65-456e-a2dc-3c8bcb0bf644",
    "data": [
      {
        "text": "online connection isn\u0027t working",
        "userDefined": false
      }
    ],
    "isTemplate": false,
    "count": 0,
    "updated": 0
  },
  {
    "id": "e358cbcd-cc62-44a3-9052-4114f605d00a",
    "data": [
      {
        "text": "bad network",
        "userDefined": false
      }
    ],
    "isTemplate": false,
    "count": 0,
    "updated": 0
  },
  {
    "id": "322df26d-218f-4795-b460-b6982e845485",
    "data": [
      {
        "text": "help me fix my wifi access",
        "userDefined": false
      }
    ],
    "isTemplate": false,
    "count": 0,
    "updated": 0
  },
  {
    "id": "f88b31f2-0fc2-45b6-9f7b-235d8efa8875",
    "data": [
      {
        "text": "I need assistance with my wifi",
        "userDefined": false
      }
    ],
    "isTemplate": false,
    "count": 0,
    "updated": 0
  },
  {
    "id": "81790be3-a633-4b26-bd27-12617f51dd77",
    "data": [
      {
        "text": "Wi-Fi",
        "userDefined": false
      }
    ],
    "isTemplate": false,
    "count": 0,
    "updated": 0
  },
  {
    "id": "42d056f8-16d9-412e-a8aa-973e178fb1ce",
    "data": [
      {
        "text": "wifi",
        "userDefined": false
      }
    ],
    "isTemplate": false,
    "count": 0,
    "updated": 0
  },
  {
    "id": "58a674ed-3f49-495d-ae4e-9a7368928737",
    "data": [
      {
        "text": "wireless",
        "userDefined": false
      }
    ],
    "isTemplate": false,
    "count": 1,
    "updated": 0
  },
  {
    "id": "33f29384-dd06-40cc-bf2f-49a7401f6e6f",
    "data": [
      {
        "text": "wifi connection",
        "userDefined": false
      }
    ],
    "isTemplate": false,
    "count": 0,
    "updated": 0
  },
  {
    "id": "4a3f8225-3f4c-4516-a7e9-68ec1bd7dd7e",
    "data": [
      {
        "text": "wireless connection",
        "userDefined": false
      }
    ],
    "isTemplate": false,
    "count": 0,
    "updated": 0
  }
]