[
  {
    "id": "b6246e13-3a9d-4c1c-9a9a-904d0073f55e",
    "data": [
      {
        "text": "explain it to me",
        "userDefined": false
      }
    ],
    "isTemplate": false,
    "count": 0,
    "updated": 0
  },
  {
    "id": "51fa599d-4e63-4eb3-91aa-8912b80fa92b",
    "data": [
      {
        "text": "i don\u0027t know the settings",
        "userDefined": false
      }
    ],
    "isTemplate": false,
    "count": 0,
    "updated": 0
  },
  {
    "id": "0cb72922-1ec0-466b-ae4b-78b76010dab4",
    "data": [
      {
        "text": "i don\u0027t know the security settings",
        "userDefined": false
      }
    ],
    "isTemplate": false,
    "count": 0,
    "updated": 0
  },
  {
    "id": "fde25154-6a6a-49f9-9b46-7d9ce7885abe",
    "data": [
      {
        "text": "i don\u0027t understand the security settings",
        "userDefined": false
      }
    ],
    "isTemplate": false,
    "count": 0,
    "updated": 0
  },
  {
    "id": "d740463a-ae7c-438c-9a4e-2e943bc37b3e",
    "data": [
      {
        "text": "explain to me the security settings",
        "userDefined": false
      }
    ],
    "isTemplate": false,
    "count": 0,
    "updated": 0
  },
  {
    "id": "21ccd554-a1bd-477f-a90d-3a1ef2c7731e",
    "data": [
      {
        "text": "explain to me",
        "userDefined": false
      }
    ],
    "isTemplate": false,
    "count": 0,
    "updated": 0
  },
  {
    "id": "95ed4e02-e5ed-4047-85c2-c3003392da62",
    "data": [
      {
        "text": "could you explain it to me",
        "userDefined": false
      }
    ],
    "isTemplate": false,
    "count": 0,
    "updated": 0
  },
  {
    "id": "a413b7e1-cf27-4321-b522-dcf55ff6dde6",
    "data": [
      {
        "text": "would you explain it to me",
        "userDefined": false
      }
    ],
    "isTemplate": false,
    "count": 0,
    "updated": 0
  },
  {
    "id": "621dee20-6fdb-4eb7-a49c-c0b32a4bbe37",
    "data": [
      {
        "text": "i need you to explain it to me",
        "userDefined": false
      }
    ],
    "isTemplate": false,
    "count": 0,
    "updated": 0
  },
  {
    "id": "3445ea17-b0c5-4b33-abb8-957e91fcdf4c",
    "data": [
      {
        "text": "i need help",
        "userDefined": false
      }
    ],
    "isTemplate": false,
    "count": 0,
    "updated": 0
  },
  {
    "id": "e25506c3-03b4-460e-9618-17beef75e98d",
    "data": [
      {
        "text": "i need help understanding",
        "userDefined": false
      }
    ],
    "isTemplate": false,
    "count": 0,
    "updated": 0
  },
  {
    "id": "6795bb7d-c4d5-4c82-adcd-e1be28cef353",
    "data": [
      {
        "text": "please explain the various types of security",
        "userDefined": false
      }
    ],
    "isTemplate": false,
    "count": 0,
    "updated": 0
  },
  {
    "id": "07aa020a-b53b-4bad-892e-13a11a347300",
    "data": [
      {
        "text": "please explain the various types",
        "userDefined": false
      }
    ],
    "isTemplate": false,
    "count": 0,
    "updated": 0
  },
  {
    "id": "e6d8710b-21bd-49c1-9063-517aebf53855",
    "data": [
      {
        "text": "please explain",
        "userDefined": false
      }
    ],
    "isTemplate": false,
    "count": 0,
    "updated": 0
  },
  {
    "id": "9074e973-1c7a-493c-8eaf-1584229f07d5",
    "data": [
      {
        "text": "please explain the settings",
        "userDefined": false
      }
    ],
    "isTemplate": false,
    "count": 0,
    "updated": 0
  },
  {
    "id": "eae9fb59-0a19-47e3-a836-53a3969b6de1",
    "data": [
      {
        "text": "i need the settings explained",
        "userDefined": false
      }
    ],
    "isTemplate": false,
    "count": 0,
    "updated": 0
  },
  {
    "id": "10284a22-fd16-4296-989b-9bc0d3ee3871",
    "data": [
      {
        "text": "i need the security settings explained",
        "userDefined": false
      }
    ],
    "isTemplate": false,
    "count": 0,
    "updated": 0
  },
  {
    "id": "b7787943-2ff5-4f7b-a467-54520eac6151",
    "data": [
      {
        "text": "i need it explained",
        "userDefined": false
      }
    ],
    "isTemplate": false,
    "count": 0,
    "updated": 0
  },
  {
    "id": "88034c71-c60a-49d3-b759-a4a2b45c11bc",
    "data": [
      {
        "text": "I want to learn more about security types",
        "userDefined": false
      }
    ],
    "isTemplate": false,
    "count": 0,
    "updated": 0
  },
  {
    "id": "802118ad-8ef6-4fc6-83ef-7a81900a0a7c",
    "data": [
      {
        "text": "I don\u0027t know anything about encryption types",
        "userDefined": false
      }
    ],
    "isTemplate": false,
    "count": 0,
    "updated": 0
  },
  {
    "id": "093411e3-8b5b-4c2f-a0eb-ab945b2d7401",
    "data": [
      {
        "text": "which encryption should I choose",
        "userDefined": false
      }
    ],
    "isTemplate": false,
    "count": 0,
    "updated": 0
  },
  {
    "id": "7cdfc626-5d44-4f84-bf9e-fbb12b2e087f",
    "data": [
      {
        "text": "which security type is the best",
        "userDefined": false
      }
    ],
    "isTemplate": false,
    "count": 0,
    "updated": 0
  },
  {
    "id": "6ad44e9b-3fed-4013-8ae6-5f5ba2e371ee",
    "data": [
      {
        "text": "which security type is the best option",
        "userDefined": false
      }
    ],
    "isTemplate": false,
    "count": 0,
    "updated": 0
  },
  {
    "id": "e5838ddb-382e-4d58-98bd-445810771cb6",
    "data": [
      {
        "text": "yes I want to know which security type I should choose",
        "userDefined": false
      }
    ],
    "isTemplate": false,
    "count": 0,
    "updated": 0
  },
  {
    "id": "ec27aed4-e815-49cc-9836-0034d13496b8",
    "data": [
      {
        "text": "yes",
        "userDefined": false
      }
    ],
    "isTemplate": false,
    "count": 1,
    "updated": 0
  },
  {
    "id": "00cfaf3d-47cc-4a93-8d16-07ccbddde1db",
    "data": [
      {
        "text": "okay I will",
        "userDefined": false
      }
    ],
    "isTemplate": false,
    "count": 2,
    "updated": 0
  },
  {
    "id": "0818f1ff-c285-466b-b1f1-dbafc3767522",
    "data": [
      {
        "text": "why not",
        "userDefined": false
      }
    ],
    "isTemplate": false,
    "count": 0,
    "updated": 0
  },
  {
    "id": "dfe51806-a220-48b5-9c18-647f5982d75b",
    "data": [
      {
        "text": "yes that\u0027s alright",
        "userDefined": false
      }
    ],
    "isTemplate": false,
    "count": 0,
    "updated": 0
  },
  {
    "id": "829edfa8-129e-4e31-8e02-71c79a7925bb",
    "data": [
      {
        "text": "yes I do",
        "userDefined": false
      }
    ],
    "isTemplate": false,
    "count": 0,
    "updated": 0
  },
  {
    "id": "fc0652b9-9ebc-44f8-af76-d66432fd51ca",
    "data": [
      {
        "text": "exactly",
        "userDefined": false
      }
    ],
    "isTemplate": false,
    "count": 1,
    "updated": 0
  },
  {
    "id": "e3f00f74-a552-40bc-b937-1ed83aa0f855",
    "data": [
      {
        "text": "of course",
        "userDefined": false
      }
    ],
    "isTemplate": false,
    "count": 0,
    "updated": 0
  },
  {
    "id": "04a95fd6-6b77-47e5-ab2a-d9ad39bd2116",
    "data": [
      {
        "text": "yep that\u0027s ok",
        "userDefined": false
      }
    ],
    "isTemplate": false,
    "count": 0,
    "updated": 0
  },
  {
    "id": "3123e6ef-a92d-486b-ad12-fe6e32ca0332",
    "data": [
      {
        "text": "okay",
        "userDefined": false
      }
    ],
    "isTemplate": false,
    "count": 1,
    "updated": 0
  },
  {
    "id": "169e202f-8ab1-4a22-b00c-759e844cfcf6",
    "data": [
      {
        "text": "ok",
        "userDefined": false
      }
    ],
    "isTemplate": false,
    "count": 1,
    "updated": 0
  },
  {
    "id": "cb10a985-e996-47aa-98e0-dbdd3de09530",
    "data": [
      {
        "text": "for sure",
        "userDefined": false
      }
    ],
    "isTemplate": false,
    "count": 0,
    "updated": 0
  },
  {
    "id": "cddc104e-bb5e-40e2-b23c-fe53331a53fa",
    "data": [
      {
        "text": "sg",
        "userDefined": false
      }
    ],
    "isTemplate": false,
    "count": 0,
    "updated": 0
  },
  {
    "id": "90a3bf18-bb23-45e1-a76d-dfa0f956f421",
    "data": [
      {
        "text": "yes that\u0027t ok",
        "userDefined": false
      }
    ],
    "isTemplate": false,
    "count": 0,
    "updated": 0
  },
  {
    "id": "d7f7de96-11ab-4553-ac8b-4eb4788f52aa",
    "data": [
      {
        "text": "I agree",
        "userDefined": false
      }
    ],
    "isTemplate": false,
    "count": 2,
    "updated": 0
  },
  {
    "id": "4b855e50-815b-4766-8a65-3f3696bfb405",
    "data": [
      {
        "text": "yes you can do it",
        "userDefined": false
      }
    ],
    "isTemplate": false,
    "count": 0,
    "updated": 0
  },
  {
    "id": "9a458060-2f81-4617-9a2e-c9c044868052",
    "data": [
      {
        "text": "I don\u0027t mind",
        "userDefined": false
      }
    ],
    "isTemplate": false,
    "count": 3,
    "updated": 0
  },
  {
    "id": "e96bae9c-19cb-455c-a718-a43f4ac95036",
    "data": [
      {
        "text": "that one works",
        "userDefined": false
      }
    ],
    "isTemplate": false,
    "count": 0,
    "updated": 0
  },
  {
    "id": "ac580b87-5c8d-4203-ba3d-54c19790f676",
    "data": [
      {
        "text": "that works",
        "userDefined": false
      }
    ],
    "isTemplate": false,
    "count": 0,
    "updated": 0
  },
  {
    "id": "ecfda53c-d858-451d-92f9-30de7d2ba7c0",
    "data": [
      {
        "text": "sure why not",
        "userDefined": false
      }
    ],
    "isTemplate": false,
    "count": 0,
    "updated": 0
  },
  {
    "id": "0ab7fb0d-f12d-46a7-9381-b41e8b1f041b",
    "data": [
      {
        "text": "perfect",
        "userDefined": false
      }
    ],
    "isTemplate": false,
    "count": 0,
    "updated": 0
  },
  {
    "id": "637a3fe1-0410-4373-807d-fe979a98be0a",
    "data": [
      {
        "text": "yep that\u0027s right",
        "userDefined": false
      }
    ],
    "isTemplate": false,
    "count": 1,
    "updated": 0
  },
  {
    "id": "5f2cd486-4bfe-415d-93f2-8a45752c8556",
    "data": [
      {
        "text": "I think so",
        "userDefined": false
      }
    ],
    "isTemplate": false,
    "count": 0,
    "updated": 0
  },
  {
    "id": "c0b04e26-a901-4458-b6a8-c00024563f0b",
    "data": [
      {
        "text": "yes I agree",
        "userDefined": false
      }
    ],
    "isTemplate": false,
    "count": 1,
    "updated": 0
  },
  {
    "id": "dd4243f6-586b-47ca-8642-019c2b9c6e51",
    "data": [
      {
        "text": "sure",
        "userDefined": false
      }
    ],
    "isTemplate": false,
    "count": 2,
    "updated": 0
  },
  {
    "id": "30bf434b-fd65-4cda-9932-cda806782696",
    "data": [
      {
        "text": "sounds correct",
        "userDefined": false
      }
    ],
    "isTemplate": false,
    "count": 1,
    "updated": 0
  },
  {
    "id": "dfb4da08-f253-4548-986a-e50fcdff177f",
    "data": [
      {
        "text": "sounds good",
        "userDefined": false
      }
    ],
    "isTemplate": false,
    "count": 0,
    "updated": 0
  },
  {
    "id": "fc6df19d-4390-4d53-b5d4-53122e741835",
    "data": [
      {
        "text": "that\u0027s correct",
        "userDefined": false
      }
    ],
    "isTemplate": false,
    "count": 0,
    "updated": 0
  },
  {
    "id": "0051821c-03cb-412b-9c58-13a8ff1ad40d",
    "data": [
      {
        "text": "go ahead",
        "userDefined": false
      }
    ],
    "isTemplate": false,
    "count": 1,
    "updated": 0
  },
  {
    "id": "911efdef-98ba-456a-a81e-f1a3ce930d23",
    "data": [
      {
        "text": "do it",
        "userDefined": false
      }
    ],
    "isTemplate": false,
    "count": 1,
    "updated": 0
  },
  {
    "id": "3631414b-d56b-45ae-baa6-5dfd4b1a9a39",
    "data": [
      {
        "text": "it\u0027s fine",
        "userDefined": false
      }
    ],
    "isTemplate": false,
    "count": 0,
    "updated": 0
  },
  {
    "id": "ca2ea2a2-c26f-4d2a-a229-224f4e32bf4e",
    "data": [
      {
        "text": "yeah",
        "userDefined": false
      }
    ],
    "isTemplate": false,
    "count": 0,
    "updated": 0
  },
  {
    "id": "fd9bd60d-cefb-40c1-a252-1dc116e22434",
    "data": [
      {
        "text": "yes please",
        "userDefined": false
      }
    ],
    "isTemplate": false,
    "count": 0,
    "updated": 0
  },
  {
    "id": "c9e10605-13ee-4119-8234-362a646784e4",
    "data": [
      {
        "text": "it\u0027s okay",
        "userDefined": false
      }
    ],
    "isTemplate": false,
    "count": 0,
    "updated": 0
  },
  {
    "id": "40bcade1-2972-45ae-82df-ca5e9be29d29",
    "data": [
      {
        "text": "alright why not",
        "userDefined": false
      }
    ],
    "isTemplate": false,
    "count": 0,
    "updated": 0
  },
  {
    "id": "40fe2a1b-e1ec-4c05-af0e-54e13d580d37",
    "data": [
      {
        "text": "alright",
        "userDefined": false
      }
    ],
    "isTemplate": false,
    "count": 0,
    "updated": 0
  },
  {
    "id": "71da398b-6787-4e20-9a6d-e5b21de81532",
    "data": [
      {
        "text": "right",
        "userDefined": false
      }
    ],
    "isTemplate": false,
    "count": 0,
    "updated": 0
  },
  {
    "id": "befc1e47-595e-4695-894f-021f0c80c56a",
    "data": [
      {
        "text": "it looks perfect",
        "userDefined": false
      }
    ],
    "isTemplate": false,
    "count": 0,
    "updated": 0
  },
  {
    "id": "400476c5-6d4f-48ef-b37f-0d8c2c1cacfd",
    "data": [
      {
        "text": "yes I can",
        "userDefined": false
      }
    ],
    "isTemplate": false,
    "count": 0,
    "updated": 0
  },
  {
    "id": "5154b7bb-1bb9-4522-b072-274af5cd4800",
    "data": [
      {
        "text": "yup",
        "userDefined": false
      }
    ],
    "isTemplate": false,
    "count": 0,
    "updated": 0
  },
  {
    "id": "a4afd58c-e620-4f85-b78d-638e5b425785",
    "data": [
      {
        "text": "yep",
        "userDefined": false
      }
    ],
    "isTemplate": false,
    "count": 0,
    "updated": 0
  },
  {
    "id": "c67ac158-6d4b-43e1-9773-57e3d0d5c887",
    "data": [
      {
        "text": "confirm",
        "userDefined": false
      }
    ],
    "isTemplate": false,
    "count": 1,
    "updated": 0
  },
  {
    "id": "62d2fbd3-6ceb-4ce9-bdce-fe277be78746",
    "data": [
      {
        "text": "absolutely",
        "userDefined": false
      }
    ],
    "isTemplate": false,
    "count": 1,
    "updated": 0
  }
]