[
  {
    "id": "ef6aaf12-2c50-4924-a70f-523e3c818fb8",
    "data": [
      {
        "text": "I am using Windows ",
        "userDefined": false
      },
      {
        "text": "8",
        "meta": "@sys.ignore",
        "userDefined": false
      }
    ],
    "isTemplate": false,
    "count": 0,
    "updated": 0
  },
  {
    "id": "035cbdb8-a1dd-41d0-af97-9179cdb599fc",
    "data": [
      {
        "text": "My computer operating system is Windows",
        "userDefined": false
      }
    ],
    "isTemplate": false,
    "count": 0,
    "updated": 0
  },
  {
    "id": "d83b21cc-0734-49d4-9c75-3e4f27c1b498",
    "data": [
      {
        "text": "I am using windows ",
        "userDefined": false
      },
      {
        "text": "10",
        "meta": "@sys.ignore",
        "userDefined": false
      }
    ],
    "isTemplate": false,
    "count": 0,
    "updated": 0
  },
  {
    "id": "a763cd2a-db29-4ac3-ae2a-4b7ea2c6db00",
    "data": [
      {
        "text": "my os is windows",
        "userDefined": false
      }
    ],
    "isTemplate": false,
    "count": 0,
    "updated": 0
  },
  {
    "id": "be23bfc4-bcd6-4dcd-9412-3a4880919db7",
    "data": [
      {
        "text": "My device is a surface laptop",
        "userDefined": false
      }
    ],
    "isTemplate": false,
    "count": 0,
    "updated": 0
  },
  {
    "id": "67a8db07-e8a3-451d-8e5e-96bb117ed1ee",
    "data": [
      {
        "text": "I own a Windows notebook",
        "userDefined": false
      }
    ],
    "isTemplate": false,
    "count": 0,
    "updated": 0
  },
  {
    "id": "096c2bfd-f5b7-4a45-bd16-448efb96147a",
    "data": [
      {
        "text": "I own a surface pro",
        "userDefined": false
      }
    ],
    "isTemplate": false,
    "count": 0,
    "updated": 0
  },
  {
    "id": "b6713edb-3f4f-4498-9f82-f3c4baa8b169",
    "data": [
      {
        "text": "I use a surface tablet",
        "userDefined": false
      }
    ],
    "isTemplate": false,
    "count": 0,
    "updated": 0
  },
  {
    "id": "599fba76-846b-4d35-8c53-633356f2a384",
    "data": [
      {
        "text": "The desktop is from Microsoft",
        "userDefined": false
      }
    ],
    "isTemplate": false,
    "count": 0,
    "updated": 0
  },
  {
    "id": "96526ffe-1a59-4f65-b023-8eb1001f75dc",
    "data": [
      {
        "text": "I own a microsoft computer",
        "userDefined": false
      }
    ],
    "isTemplate": false,
    "count": 0,
    "updated": 0
  },
  {
    "id": "229710bc-7fa3-4758-af2d-dd5297cdc20c",
    "data": [
      {
        "text": "I own a windows laptop",
        "userDefined": false
      }
    ],
    "isTemplate": false,
    "count": 0,
    "updated": 0
  },
  {
    "id": "2841d068-7701-49c1-8c69-6fda92877949",
    "data": [
      {
        "text": "My device is a windows laptop",
        "userDefined": false
      }
    ],
    "isTemplate": false,
    "count": 0,
    "updated": 0
  },
  {
    "id": "b01f1191-4f5b-457b-bbdb-517db97887c6",
    "data": [
      {
        "text": "My personal computer is Dell Windows computer",
        "userDefined": false
      }
    ],
    "isTemplate": false,
    "count": 0,
    "updated": 0
  },
  {
    "id": "64e134a2-444a-4197-ad7d-a65f42f4d90e",
    "data": [
      {
        "text": "My computer is a Windows",
        "userDefined": false
      }
    ],
    "isTemplate": false,
    "count": 0,
    "updated": 0
  },
  {
    "id": "8f53b632-495a-4fc6-b8ba-5923dc3dab96",
    "data": [
      {
        "text": "a windows PC",
        "userDefined": false
      }
    ],
    "isTemplate": false,
    "count": 0,
    "updated": 0
  }
]