[
  {
    "id": "3a11a972-bc81-4aa2-a155-1dff73a1a629",
    "data": [
      {
        "text": "i have not changed it",
        "userDefined": false
      }
    ],
    "isTemplate": false,
    "count": 0,
    "updated": 0
  },
  {
    "id": "d4479e5c-9af2-4dd9-b7bd-f1b4148ab2b3",
    "data": [
      {
        "text": "i haven\u0027t changed it",
        "userDefined": false
      }
    ],
    "isTemplate": false,
    "count": 0,
    "updated": 0
  },
  {
    "id": "e7825e2a-5d0d-47b4-89f7-94db977296d5",
    "data": [
      {
        "text": "i haven\u0027t",
        "userDefined": false
      }
    ],
    "isTemplate": false,
    "count": 0,
    "updated": 0
  },
  {
    "id": "33653caa-4818-4ab7-9b88-22ee0bde7e12",
    "data": [
      {
        "text": "it hasn\u0027t",
        "userDefined": false
      }
    ],
    "isTemplate": false,
    "count": 0,
    "updated": 0
  },
  {
    "id": "5d54afe6-5960-4e99-9256-9be158c4f385",
    "data": [
      {
        "text": "password is the same",
        "userDefined": false
      }
    ],
    "isTemplate": false,
    "count": 0,
    "updated": 0
  },
  {
    "id": "4f848f78-a60b-416a-8a1d-717fad94640d",
    "data": [
      {
        "text": "default is the same",
        "userDefined": false
      }
    ],
    "isTemplate": false,
    "count": 0,
    "updated": 0
  },
  {
    "id": "2461b38b-edec-43e6-9da0-f1c559420ee7",
    "data": [
      {
        "text": "default is same",
        "userDefined": false
      }
    ],
    "isTemplate": false,
    "count": 0,
    "updated": 0
  },
  {
    "id": "f64751a0-283d-4c5e-a6f2-d8b1338629b8",
    "data": [
      {
        "text": "password is same",
        "userDefined": false
      }
    ],
    "isTemplate": false,
    "count": 0,
    "updated": 0
  },
  {
    "id": "c935c20b-d186-4112-afa8-15a6c5ca3d28",
    "data": [
      {
        "text": "i did not change the default password",
        "userDefined": false
      }
    ],
    "isTemplate": false,
    "count": 0,
    "updated": 0
  },
  {
    "id": "2549ed31-eef3-42e0-b366-803ad34715d6",
    "data": [
      {
        "text": "i did not change the password",
        "userDefined": false
      }
    ],
    "isTemplate": false,
    "count": 0,
    "updated": 0
  },
  {
    "id": "9cbdf9b8-a47a-4633-a7fb-fb1b1a3964d1",
    "data": [
      {
        "text": "default has not been changed",
        "userDefined": false
      }
    ],
    "isTemplate": false,
    "count": 0,
    "updated": 0
  },
  {
    "id": "7ad251b8-a380-4476-85c3-b007765ba723",
    "data": [
      {
        "text": "password has not changed",
        "userDefined": false
      }
    ],
    "isTemplate": false,
    "count": 0,
    "updated": 0
  },
  {
    "id": "9e000708-d925-491e-88fe-4b55639c2695",
    "data": [
      {
        "text": "the default is still the same",
        "userDefined": false
      }
    ],
    "isTemplate": false,
    "count": 0,
    "updated": 0
  },
  {
    "id": "13f309e9-84c9-4bbc-a4ad-d93a2544f1c8",
    "data": [
      {
        "text": "the default is the same",
        "userDefined": false
      }
    ],
    "isTemplate": false,
    "count": 0,
    "updated": 0
  },
  {
    "id": "00f9c1f9-ec2a-4033-a650-6a96b94396ab",
    "data": [
      {
        "text": "the default is unchanged",
        "userDefined": false
      }
    ],
    "isTemplate": false,
    "count": 0,
    "updated": 0
  },
  {
    "id": "564aff3a-7a28-4e66-81f5-f5002443de50",
    "data": [
      {
        "text": "the router password has not been changed",
        "userDefined": false
      }
    ],
    "isTemplate": false,
    "count": 0,
    "updated": 0
  },
  {
    "id": "21d8e8e7-c63a-42ee-9cbe-861ab35295bb",
    "data": [
      {
        "text": "my default passcode is undifferent from the router",
        "userDefined": false
      }
    ],
    "isTemplate": false,
    "count": 0,
    "updated": 0
  },
  {
    "id": "5928517d-d01c-47af-a1eb-e3fe51076229",
    "data": [
      {
        "text": "I have not created a new passcode",
        "userDefined": false
      }
    ],
    "isTemplate": false,
    "count": 0,
    "updated": 0
  },
  {
    "id": "cca7c9ce-87cb-4f64-8122-d3ef70153bbc",
    "data": [
      {
        "text": "the default password is the same",
        "userDefined": false
      }
    ],
    "isTemplate": false,
    "count": 0,
    "updated": 0
  },
  {
    "id": "497a8cdb-8c86-4f39-84df-a70850f7f533",
    "data": [
      {
        "text": "the password is unchanged",
        "userDefined": false
      }
    ],
    "isTemplate": false,
    "count": 0,
    "updated": 0
  },
  {
    "id": "88f30f39-1c27-40d9-93cf-e5502830f27c",
    "data": [
      {
        "text": "I haven\u0027t altered the password",
        "userDefined": false
      }
    ],
    "isTemplate": false,
    "count": 0,
    "updated": 0
  },
  {
    "id": "11206092-d973-491d-aa1b-e76618bd8002",
    "data": [
      {
        "text": "I haven\u0027t changed my passcode",
        "userDefined": false
      }
    ],
    "isTemplate": false,
    "count": 0,
    "updated": 0
  },
  {
    "id": "9d09f87e-6fb4-4826-80af-b186e2be1d82",
    "data": [
      {
        "text": "thanks but no",
        "userDefined": false
      }
    ],
    "isTemplate": false,
    "count": 0,
    "updated": 0
  },
  {
    "id": "c2a62d07-f22a-4b30-a5d4-ba6ed0716e15",
    "data": [
      {
        "text": "no way",
        "userDefined": false
      }
    ],
    "isTemplate": false,
    "count": 0,
    "updated": 0
  },
  {
    "id": "22954b2b-3c2d-40fa-98e9-08a11ebb8148",
    "data": [
      {
        "text": "no",
        "userDefined": false
      }
    ],
    "isTemplate": false,
    "count": 2,
    "updated": 0
  },
  {
    "id": "2ffd84d5-aa3f-4987-9148-48c1d4fd5bec",
    "data": [
      {
        "text": "no no don\u0027t",
        "userDefined": false
      }
    ],
    "isTemplate": false,
    "count": 0,
    "updated": 0
  },
  {
    "id": "18ca08a0-8748-44f2-92df-11326eae411a",
    "data": [
      {
        "text": "na",
        "userDefined": false
      }
    ],
    "isTemplate": false,
    "count": 0,
    "updated": 0
  },
  {
    "id": "aa471530-8601-45dd-a8cc-0a2e59b3b2c9",
    "data": [
      {
        "text": "no it isn\u0027t",
        "userDefined": false
      }
    ],
    "isTemplate": false,
    "count": 1,
    "updated": 0
  },
  {
    "id": "cdba23fa-3d57-4f30-a1f1-a77374bad6ee",
    "data": [
      {
        "text": "don\u0027t",
        "userDefined": false
      }
    ],
    "isTemplate": false,
    "count": 0,
    "updated": 0
  },
  {
    "id": "589920cb-6cf2-4376-9d77-4cb87e6f199d",
    "data": [
      {
        "text": "nah I\u0027m good",
        "userDefined": false
      }
    ],
    "isTemplate": false,
    "count": 1,
    "updated": 0
  },
  {
    "id": "1b661077-a406-4c03-b2f1-14afb6a22913",
    "data": [
      {
        "text": "no I cannot",
        "userDefined": false
      }
    ],
    "isTemplate": false,
    "count": 1,
    "updated": 0
  },
  {
    "id": "e438457e-7c0d-4ac3-9db3-215bd064495d",
    "data": [
      {
        "text": "I can\u0027t",
        "userDefined": false
      }
    ],
    "isTemplate": false,
    "count": 0,
    "updated": 0
  },
  {
    "id": "81855364-d780-4deb-8fad-42b86fa49e9f",
    "data": [
      {
        "text": "nothing",
        "userDefined": false
      }
    ],
    "isTemplate": false,
    "count": 0,
    "updated": 0
  },
  {
    "id": "d2869e3d-161e-43aa-a8ed-72820531dcad",
    "data": [
      {
        "text": "no that\u0027s okay",
        "userDefined": false
      }
    ],
    "isTemplate": false,
    "count": 0,
    "updated": 0
  },
  {
    "id": "3aecdef3-4a74-4289-9112-3e4f19b2b431",
    "data": [
      {
        "text": "no not really",
        "userDefined": false
      }
    ],
    "isTemplate": false,
    "count": 0,
    "updated": 0
  },
  {
    "id": "b6520e15-87f6-43c5-bc24-c9d88d5dc09d",
    "data": [
      {
        "text": "nope not really",
        "userDefined": false
      }
    ],
    "isTemplate": false,
    "count": 0,
    "updated": 0
  },
  {
    "id": "37a2c5bc-63b7-4085-ba46-d4da64086fe9",
    "data": [
      {
        "text": "nope",
        "userDefined": false
      }
    ],
    "isTemplate": false,
    "count": 1,
    "updated": 0
  },
  {
    "id": "7dd8e397-e776-42b7-8274-a3b69d1a670a",
    "data": [
      {
        "text": "thanks but not this time",
        "userDefined": false
      }
    ],
    "isTemplate": false,
    "count": 1,
    "updated": 0
  },
  {
    "id": "a5c6763c-21e1-44a8-a98e-f4b82c28948e",
    "data": [
      {
        "text": "I don\u0027t think so",
        "userDefined": false
      }
    ],
    "isTemplate": false,
    "count": 1,
    "updated": 0
  },
  {
    "id": "14c01d88-1a34-4a64-a15a-19a08e58e427",
    "data": [
      {
        "text": "I disagree",
        "userDefined": false
      }
    ],
    "isTemplate": false,
    "count": 2,
    "updated": 0
  },
  {
    "id": "54f2fd47-033a-4f07-9312-c1d3f298c60b",
    "data": [
      {
        "text": "no maybe next time",
        "userDefined": false
      }
    ],
    "isTemplate": false,
    "count": 0,
    "updated": 0
  },
  {
    "id": "921de052-69c6-4035-84f3-b6b4c0a1e3f2",
    "data": [
      {
        "text": "not this time",
        "userDefined": false
      }
    ],
    "isTemplate": false,
    "count": 0,
    "updated": 0
  },
  {
    "id": "d55bf674-8493-4b20-ac4f-f3c865ade508",
    "data": [
      {
        "text": "no don\u0027t",
        "userDefined": false
      }
    ],
    "isTemplate": false,
    "count": 0,
    "updated": 0
  },
  {
    "id": "f812323b-dd26-4291-8f82-cd883623d5ef",
    "data": [
      {
        "text": "no we are good",
        "userDefined": false
      }
    ],
    "isTemplate": false,
    "count": 0,
    "updated": 0
  },
  {
    "id": "e7b36ca3-817c-460d-835f-e941a66af672",
    "data": [
      {
        "text": "don\u0027t do it",
        "userDefined": false
      }
    ],
    "isTemplate": false,
    "count": 3,
    "updated": 0
  },
  {
    "id": "751bd52a-abc3-4706-93dc-dbc43f20eebd",
    "data": [
      {
        "text": "no that\u0027s be all",
        "userDefined": false
      }
    ],
    "isTemplate": false,
    "count": 0,
    "updated": 0
  },
  {
    "id": "a6506440-ed8d-412b-97f2-0fdfba44c5de",
    "data": [
      {
        "text": "not right now",
        "userDefined": false
      }
    ],
    "isTemplate": false,
    "count": 0,
    "updated": 0
  },
  {
    "id": "4d67023d-a2bf-4732-9f3d-5a6a0103b25b",
    "data": [
      {
        "text": "nothing else thanks",
        "userDefined": false
      }
    ],
    "isTemplate": false,
    "count": 0,
    "updated": 0
  },
  {
    "id": "cf7318e9-19f7-405f-a466-2b9dca936aec",
    "data": [
      {
        "text": "no thanks",
        "userDefined": false
      }
    ],
    "isTemplate": false,
    "count": 0,
    "updated": 0
  },
  {
    "id": "612a0bcd-6732-450e-a9d8-c6f0ea53f7a9",
    "data": [
      {
        "text": "no that\u0027s ok",
        "userDefined": false
      }
    ],
    "isTemplate": false,
    "count": 1,
    "updated": 0
  },
  {
    "id": "29bf0fc8-0740-475b-8c51-115f433943ba",
    "data": [
      {
        "text": "I don\u0027t want that",
        "userDefined": false
      }
    ],
    "isTemplate": false,
    "count": 0,
    "updated": 0
  },
  {
    "id": "b26c8597-1166-4cd5-9a1f-0736da4d51d9",
    "data": [
      {
        "text": "definitely not",
        "userDefined": false
      }
    ],
    "isTemplate": false,
    "count": 3,
    "updated": 0
  },
  {
    "id": "6ebc74f7-bcb9-4b12-a41a-4204600f2a2a",
    "data": [
      {
        "text": "nothing else",
        "userDefined": false
      }
    ],
    "isTemplate": false,
    "count": 1,
    "updated": 0
  },
  {
    "id": "7d8f43e8-ab59-4fce-8d86-b8ab68d52158",
    "data": [
      {
        "text": "not",
        "userDefined": false
      }
    ],
    "isTemplate": false,
    "count": 0,
    "updated": 0
  },
  {
    "id": "86638a59-b184-4473-890a-fe0139fe78d8",
    "data": [
      {
        "text": "not at all",
        "userDefined": false
      }
    ],
    "isTemplate": false,
    "count": 0,
    "updated": 0
  },
  {
    "id": "3c128be3-8304-4be4-961b-1b1adecdfc89",
    "data": [
      {
        "text": "no never",
        "userDefined": false
      }
    ],
    "isTemplate": false,
    "count": 0,
    "updated": 0
  },
  {
    "id": "6616dcd6-a11c-4610-9e0a-8cb9a8f76091",
    "data": [
      {
        "text": "never",
        "userDefined": false
      }
    ],
    "isTemplate": false,
    "count": 0,
    "updated": 0
  },
  {
    "id": "5bb6b1fc-444e-437f-8c3a-0173a2ec8172",
    "data": [
      {
        "text": "no way no",
        "userDefined": false
      }
    ],
    "isTemplate": false,
    "count": 0,
    "updated": 0
  },
  {
    "id": "1f7fdcd7-7800-403e-938b-b5aa4a2b715a",
    "data": [
      {
        "text": "not really",
        "userDefined": false
      }
    ],
    "isTemplate": false,
    "count": 0,
    "updated": 0
  },
  {
    "id": "a0ac877d-ccfc-4bb3-8abb-35465e331dfd",
    "data": [
      {
        "text": "nah",
        "userDefined": false
      }
    ],
    "isTemplate": false,
    "count": 2,
    "updated": 0
  },
  {
    "id": "4e421efc-25e0-4f8e-919f-5dd8d56558cc",
    "data": [
      {
        "text": "I don\u0027t",
        "userDefined": false
      }
    ],
    "isTemplate": false,
    "count": 0,
    "updated": 0
  },
  {
    "id": "2e50149b-3f84-4cf9-97a0-fb77cf6634f4",
    "data": [
      {
        "text": "I don\u0027t want",
        "userDefined": false
      }
    ],
    "isTemplate": false,
    "count": 0,
    "updated": 0
  },
  {
    "id": "c20f73cc-3598-4783-a0d9-eaa74148ab7e",
    "data": [
      {
        "text": "not ",
        "userDefined": false
      },
      {
        "text": "today",
        "meta": "@sys.ignore",
        "userDefined": false
      }
    ],
    "isTemplate": false,
    "count": 0,
    "updated": 0
  },
  {
    "id": "46f0e2fb-2fbe-46c2-8632-4995739a4656",
    "data": [
      {
        "text": "not interested",
        "userDefined": false
      }
    ],
    "isTemplate": false,
    "count": 0,
    "updated": 0
  },
  {
    "id": "dbc81ed9-4075-49b2-a098-30dde8df9402",
    "data": [
      {
        "text": "no that\u0027s fine thank you",
        "userDefined": false
      }
    ],
    "isTemplate": false,
    "count": 0,
    "updated": 0
  },
  {
    "id": "87df8f80-c274-4464-a609-03588f61ecb2",
    "data": [
      {
        "text": "I\u0027m not",
        "userDefined": false
      }
    ],
    "isTemplate": false,
    "count": 3,
    "updated": 0
  }
]