[
  {
    "id": "a8f206e2-78b3-41b8-a0a6-d5afa2c79303",
    "data": [
      {
        "text": "laptop is a mac",
        "userDefined": false
      }
    ],
    "isTemplate": false,
    "count": 0,
    "updated": 0
  },
  {
    "id": "4f167d37-cf60-412a-852f-a7b8a843da5d",
    "data": [
      {
        "text": "apple product",
        "userDefined": false
      }
    ],
    "isTemplate": false,
    "count": 0,
    "updated": 0
  },
  {
    "id": "cf18c5c1-f274-4d47-8d37-5f173be83286",
    "data": [
      {
        "text": "tablet is an apple",
        "userDefined": false
      }
    ],
    "isTemplate": false,
    "count": 0,
    "updated": 0
  },
  {
    "id": "f5962a44-002a-4027-a275-e2322460f43b",
    "data": [
      {
        "text": "apple tablet",
        "userDefined": false
      }
    ],
    "isTemplate": false,
    "count": 0,
    "updated": 0
  },
  {
    "id": "f17a9b47-26a5-444c-9c62-f574c34d1317",
    "data": [
      {
        "text": "apple laptop",
        "userDefined": false
      }
    ],
    "isTemplate": false,
    "count": 0,
    "updated": 0
  },
  {
    "id": "1c9f9322-a697-4c76-b5e0-6e3da85ffc6f",
    "data": [
      {
        "text": "apple computer",
        "userDefined": false
      }
    ],
    "isTemplate": false,
    "count": 0,
    "updated": 0
  },
  {
    "id": "d5817a04-1120-4207-b4be-f3a561a68b7a",
    "data": [
      {
        "text": "computer is apple",
        "userDefined": false
      }
    ],
    "isTemplate": false,
    "count": 0,
    "updated": 0
  },
  {
    "id": "e505107b-8df4-4cf0-929f-f2c17ba6dc72",
    "data": [
      {
        "text": "pc is apple",
        "userDefined": false
      }
    ],
    "isTemplate": false,
    "count": 0,
    "updated": 0
  },
  {
    "id": "3f5f9106-441f-4b16-a315-f232b3740179",
    "data": [
      {
        "text": "laptop is apple",
        "userDefined": false
      }
    ],
    "isTemplate": false,
    "count": 0,
    "updated": 0
  },
  {
    "id": "40f90805-df7d-4e8f-8170-4762cbf9b39a",
    "data": [
      {
        "text": "Mac",
        "userDefined": false
      }
    ],
    "isTemplate": false,
    "count": 0,
    "updated": 0
  },
  {
    "id": "9baac2cd-b865-4bac-9b90-bcf3aaba66bf",
    "data": [
      {
        "text": "Mac notebook",
        "userDefined": false
      }
    ],
    "isTemplate": false,
    "count": 0,
    "updated": 0
  },
  {
    "id": "e852c690-9d81-4f2a-acc6-9c0ddc686318",
    "data": [
      {
        "text": "Mac Pro",
        "userDefined": false
      }
    ],
    "isTemplate": false,
    "count": 0,
    "updated": 0
  },
  {
    "id": "036ca613-c720-46e8-b415-33eecf27190a",
    "data": [
      {
        "text": "iMac Pro",
        "userDefined": false
      }
    ],
    "isTemplate": false,
    "count": 0,
    "updated": 0
  },
  {
    "id": "91f59a0f-f92e-459d-ac88-367041d7553b",
    "data": [
      {
        "text": "iMac",
        "userDefined": false
      }
    ],
    "isTemplate": false,
    "count": 0,
    "updated": 0
  },
  {
    "id": "d2ae6972-373b-4527-abea-b22c745138db",
    "data": [
      {
        "text": "MacBook Pro",
        "userDefined": false
      }
    ],
    "isTemplate": false,
    "count": 0,
    "updated": 0
  },
  {
    "id": "2db9041a-a159-4a98-9b57-ed3b5fa73093",
    "data": [
      {
        "text": "Macbook Air",
        "userDefined": false
      }
    ],
    "isTemplate": false,
    "count": 0,
    "updated": 0
  },
  {
    "id": "e9963654-d831-4b1f-9615-ae9f866aa4ff",
    "data": [
      {
        "text": "MacBook",
        "userDefined": false
      }
    ],
    "isTemplate": false,
    "count": 0,
    "updated": 0
  },
  {
    "id": "32cc572d-3fd9-4520-9cbd-81f6a35d548a",
    "data": [
      {
        "text": "Apple",
        "userDefined": false
      }
    ],
    "isTemplate": false,
    "count": 0,
    "updated": 0
  },
  {
    "id": "1f10ce12-7baa-4df2-beee-5596e53432fa",
    "data": [
      {
        "text": "The PC is iMac Pro",
        "userDefined": false
      }
    ],
    "isTemplate": false,
    "count": 0,
    "updated": 0
  },
  {
    "id": "5e8e82d2-f9f5-4cef-a6ca-87394f6131e7",
    "data": [
      {
        "text": "My personal computer is iMac",
        "userDefined": false
      }
    ],
    "isTemplate": false,
    "count": 0,
    "updated": 0
  },
  {
    "id": "bd693242-f19d-4564-814f-6aa0b7cdb162",
    "data": [
      {
        "text": "I use a Mac Pro",
        "userDefined": false
      }
    ],
    "isTemplate": false,
    "count": 0,
    "updated": 0
  },
  {
    "id": "dbecd9c1-c4ce-40ce-a13b-60e6c5f9e371",
    "data": [
      {
        "text": "My computer is a Mac mini",
        "userDefined": false
      }
    ],
    "isTemplate": false,
    "count": 0,
    "updated": 0
  },
  {
    "id": "49e1b37e-0796-43d5-b4b8-46321bb5217c",
    "data": [
      {
        "text": "I own only apple products",
        "userDefined": false
      }
    ],
    "isTemplate": false,
    "count": 0,
    "updated": 0
  },
  {
    "id": "8aa3efe6-690b-467d-875a-02af6640933b",
    "data": [
      {
        "text": "I like apple products",
        "userDefined": false
      }
    ],
    "isTemplate": false,
    "count": 0,
    "updated": 0
  },
  {
    "id": "097da5cd-d17f-4e31-8c6c-eca54e66ac0e",
    "data": [
      {
        "text": "I own an MacBook Air",
        "userDefined": false
      }
    ],
    "isTemplate": false,
    "count": 0,
    "updated": 0
  },
  {
    "id": "5f394391-deea-4963-9c1c-d4b76bbfba7f",
    "data": [
      {
        "text": "My device is a MacBook Pro",
        "userDefined": false
      }
    ],
    "isTemplate": false,
    "count": 0,
    "updated": 0
  },
  {
    "id": "5120ede7-8f88-4b51-bc89-bf327329566a",
    "data": [
      {
        "text": "My device is a Mac",
        "userDefined": false
      }
    ],
    "isTemplate": false,
    "count": 0,
    "updated": 0
  },
  {
    "id": "5149f54b-4947-4323-adf9-9ff11c748627",
    "data": [
      {
        "text": "I am using a mac",
        "userDefined": false
      }
    ],
    "isTemplate": false,
    "count": 0,
    "updated": 0
  }
]