[
  {
    "id": "9af06a81-f440-47f9-b937-3177c82a708e",
    "data": [
      {
        "text": "set up a public wifi network separate from my main network",
        "userDefined": false
      }
    ],
    "isTemplate": false,
    "count": 0,
    "updated": 0
  },
  {
    "id": "29cb1f3c-4e00-492a-9e5b-a56f8e77bf7c",
    "data": [
      {
        "text": "set up a public internet connection",
        "userDefined": false
      }
    ],
    "isTemplate": false,
    "count": 0,
    "updated": 0
  },
  {
    "id": "f15266d1-16dc-4058-b4bc-2696f3bc578a",
    "data": [
      {
        "text": "internet for the public",
        "userDefined": false
      }
    ],
    "isTemplate": false,
    "count": 0,
    "updated": 0
  },
  {
    "id": "a318a3c5-4f54-49c4-ad5d-63ed134b7f10",
    "data": [
      {
        "text": "wireless access for anybody",
        "userDefined": false
      }
    ],
    "isTemplate": false,
    "count": 0,
    "updated": 0
  },
  {
    "id": "0546e2de-dfb3-4384-b76a-9d7d6ee3d186",
    "data": [
      {
        "text": "online access for others",
        "userDefined": false
      }
    ],
    "isTemplate": false,
    "count": 0,
    "updated": 0
  },
  {
    "id": "22118794-c5db-4e2a-b529-96ab7646eed8",
    "data": [
      {
        "text": "internet access for visitors",
        "userDefined": false
      }
    ],
    "isTemplate": false,
    "count": 0,
    "updated": 0
  },
  {
    "id": "dd3969aa-cfea-42c6-805f-50f6cf164cef",
    "data": [
      {
        "text": "What is guest wifi used for",
        "userDefined": false
      }
    ],
    "isTemplate": false,
    "count": 0,
    "updated": 0
  },
  {
    "id": "25b66bb8-1af2-444e-9559-bc4eb727b5b2",
    "data": [
      {
        "text": "What is a guest network",
        "userDefined": false
      }
    ],
    "isTemplate": false,
    "count": 0,
    "updated": 0
  },
  {
    "id": "990491db-1562-44b6-8431-28c286923953",
    "data": [
      {
        "text": "How do I set up a wireless connection for other people",
        "userDefined": false
      }
    ],
    "isTemplate": false,
    "count": 0,
    "updated": 0
  },
  {
    "id": "4142f023-97ad-49e0-884a-01183dfd3aab",
    "data": [
      {
        "text": "Assist me in putting up visitor internet access",
        "userDefined": false
      }
    ],
    "isTemplate": false,
    "count": 0,
    "updated": 0
  },
  {
    "id": "24864746-4571-4cee-aa4c-26ab7df80b62",
    "data": [
      {
        "text": "Help me set up internet access for my friends",
        "userDefined": false
      }
    ],
    "isTemplate": false,
    "count": 0,
    "updated": 0
  },
  {
    "id": "6c57784a-fb85-40e7-98fb-93c813ef95b5",
    "data": [
      {
        "text": "I need a separate network for visitors",
        "userDefined": false
      }
    ],
    "isTemplate": false,
    "count": 0,
    "updated": 0
  },
  {
    "id": "2a7b4385-6f1e-47d9-b583-b99e684ab6d2",
    "data": [
      {
        "text": "I need help setting up a wireless network for guests",
        "userDefined": false
      }
    ],
    "isTemplate": false,
    "count": 0,
    "updated": 0
  },
  {
    "id": "013678c9-9c8b-45f1-9ec7-70e78dbaa838",
    "data": [
      {
        "text": "I want to set up my guest Wi-Fi",
        "userDefined": false
      }
    ],
    "isTemplate": false,
    "count": 0,
    "updated": 0
  },
  {
    "id": "28ec9585-8f13-49bf-92ba-5d6d15dff5d5",
    "data": [
      {
        "text": "guest wifi",
        "userDefined": false
      }
    ],
    "isTemplate": false,
    "count": 0,
    "updated": 0
  },
  {
    "id": "ef285d64-fe96-4057-9835-ca6894902fa4",
    "data": [
      {
        "text": "guest network",
        "userDefined": false
      }
    ],
    "isTemplate": false,
    "count": 0,
    "updated": 0
  }
]