[
  {
    "id": "2b56d28e-75a7-4c64-b877-a72fe5cfe5da",
    "data": [
      {
        "text": "diagnosing wifi",
        "userDefined": false
      }
    ],
    "isTemplate": false,
    "count": 0,
    "updated": 0
  },
  {
    "id": "0049135e-0144-4c6a-8d9e-17721ecec066",
    "data": [
      {
        "text": "diagnosing wireless",
        "userDefined": false
      }
    ],
    "isTemplate": false,
    "count": 0,
    "updated": 0
  },
  {
    "id": "6d55a2d6-d10d-4603-8429-a4199148e502",
    "data": [
      {
        "text": "diagnosing wireless connection",
        "userDefined": false
      }
    ],
    "isTemplate": false,
    "count": 0,
    "updated": 0
  },
  {
    "id": "74b34c7c-2ab7-41ee-8c6c-6dc5f9ba74b5",
    "data": [
      {
        "text": "connection",
        "userDefined": false
      }
    ],
    "isTemplate": false,
    "count": 0,
    "updated": 0
  },
  {
    "id": "a381b707-8ddb-4bd6-b86a-0d9d63a85be4",
    "data": [
      {
        "text": "diagnosing connection",
        "userDefined": false
      }
    ],
    "isTemplate": false,
    "count": 0,
    "updated": 0
  },
  {
    "id": "5755bd7a-a68c-4f22-b6a1-e2e392d0f102",
    "data": [
      {
        "text": "Wi-Fi internet",
        "userDefined": false
      }
    ],
    "isTemplate": false,
    "count": 0,
    "updated": 0
  },
  {
    "id": "bfc7759e-e338-4971-a8ef-187bf18b4b1c",
    "data": [
      {
        "text": "Wi-Fi access",
        "userDefined": false
      }
    ],
    "isTemplate": false,
    "count": 0,
    "updated": 0
  },
  {
    "id": "97a994a7-ba8c-4524-b99e-2aac8a137008",
    "data": [
      {
        "text": "wifi access",
        "userDefined": false
      }
    ],
    "isTemplate": false,
    "count": 1,
    "updated": 0
  },
  {
    "id": "22d06511-eb18-4012-9059-738b2ee7eb18",
    "data": [
      {
        "text": "wireless access",
        "userDefined": false
      }
    ],
    "isTemplate": false,
    "count": 0,
    "updated": 0
  },
  {
    "id": "a99a38a5-6341-4564-a7b4-51b9c315cfc0",
    "data": [
      {
        "text": "wifi internet",
        "userDefined": false
      }
    ],
    "isTemplate": false,
    "count": 0,
    "updated": 0
  },
  {
    "id": "6633afbd-659a-4719-9196-260b05c05630",
    "data": [
      {
        "text": "wireless internet",
        "userDefined": false
      }
    ],
    "isTemplate": false,
    "count": 0,
    "updated": 0
  },
  {
    "id": "f31458d6-5e83-418c-aa5a-67b1eaebd592",
    "data": [
      {
        "text": "The issue is my wireless access",
        "userDefined": false
      }
    ],
    "isTemplate": false,
    "count": 0,
    "updated": 0
  },
  {
    "id": "ac52bc11-f0f3-4a7d-b3b9-cebdc722e5b5",
    "data": [
      {
        "text": "The trouble is my online access",
        "userDefined": false
      }
    ],
    "isTemplate": false,
    "count": 0,
    "updated": 0
  },
  {
    "id": "1ff4c697-b3e6-4d54-9514-1b1c9d9e8b33",
    "data": [
      {
        "text": "I am having problems with my wireless network",
        "userDefined": false
      }
    ],
    "isTemplate": false,
    "count": 0,
    "updated": 0
  },
  {
    "id": "18aa99a2-f3e1-4d56-934e-f329c89747f9",
    "data": [
      {
        "text": "Wi-Fi connection",
        "userDefined": false
      }
    ],
    "isTemplate": false,
    "count": 0,
    "updated": 0
  },
  {
    "id": "e2b45a89-72f5-4b22-8bbc-5663849e7d9b",
    "data": [
      {
        "text": "resolve my Wi-Fi",
        "userDefined": false
      }
    ],
    "isTemplate": false,
    "count": 0,
    "updated": 0
  },
  {
    "id": "77c2cb6c-c827-44b6-ada7-37db9eec977d",
    "data": [
      {
        "text": "diagnose my wifi",
        "userDefined": false
      }
    ],
    "isTemplate": false,
    "count": 0,
    "updated": 0
  },
  {
    "id": "18a2eb42-b779-4be2-9448-58c94aedb66e",
    "data": [
      {
        "text": "online connection isn\u0027t working",
        "userDefined": false
      }
    ],
    "isTemplate": false,
    "count": 0,
    "updated": 0
  },
  {
    "id": "e7050c11-c02f-4209-8d25-3cd78f2a48d5",
    "data": [
      {
        "text": "bad network",
        "userDefined": false
      }
    ],
    "isTemplate": false,
    "count": 0,
    "updated": 0
  },
  {
    "id": "8e564153-d8e6-4563-8e67-dac9ed383cf4",
    "data": [
      {
        "text": "help me fix my wifi access",
        "userDefined": false
      }
    ],
    "isTemplate": false,
    "count": 0,
    "updated": 0
  },
  {
    "id": "aa006559-d0f4-4639-9562-507a3719a485",
    "data": [
      {
        "text": "I need assistance with my wifi",
        "userDefined": false
      }
    ],
    "isTemplate": false,
    "count": 0,
    "updated": 0
  },
  {
    "id": "ad6a4333-88aa-462d-80c8-2333cc92f610",
    "data": [
      {
        "text": "Wi-Fi",
        "userDefined": false
      }
    ],
    "isTemplate": false,
    "count": 0,
    "updated": 0
  },
  {
    "id": "3400d957-1d55-47f2-9e17-ec7ebd0ed4c2",
    "data": [
      {
        "text": "wifi",
        "userDefined": false
      }
    ],
    "isTemplate": false,
    "count": 0,
    "updated": 0
  },
  {
    "id": "67442c59-17c0-4189-a90e-6b42d6fd7050",
    "data": [
      {
        "text": "wireless",
        "userDefined": false
      }
    ],
    "isTemplate": false,
    "count": 1,
    "updated": 0
  },
  {
    "id": "2204e1a8-db55-4439-bc2c-41b76a2b8e85",
    "data": [
      {
        "text": "wifi connection",
        "userDefined": false
      }
    ],
    "isTemplate": false,
    "count": 0,
    "updated": 0
  },
  {
    "id": "e67ecbbc-a257-41f9-b1c3-780f472c9045",
    "data": [
      {
        "text": "wireless connection",
        "userDefined": false
      }
    ],
    "isTemplate": false,
    "count": 0,
    "updated": 0
  }
]