[
  {
    "id": "ae1a7f7c-a871-47a3-9e58-407e61847ac3",
    "data": [
      {
        "text": "wifi help",
        "userDefined": false
      }
    ],
    "isTemplate": false,
    "count": 0,
    "updated": 0
  },
  {
    "id": "9b607855-cd86-4c65-87e1-24a4a6bf173d",
    "data": [
      {
        "text": "wireless help",
        "userDefined": false
      }
    ],
    "isTemplate": false,
    "count": 0,
    "updated": 0
  },
  {
    "id": "e5b85315-b704-4859-a9d1-e663adf888fb",
    "data": [
      {
        "text": "will you help me with my wifi",
        "userDefined": false
      }
    ],
    "isTemplate": false,
    "count": 0,
    "updated": 0
  },
  {
    "id": "719f0048-9c87-4373-958c-40c571ec896c",
    "data": [
      {
        "text": "will you help me with my wireless",
        "userDefined": false
      }
    ],
    "isTemplate": false,
    "count": 0,
    "updated": 0
  },
  {
    "id": "cc1e210f-111e-42cc-b47b-c6ddc5e0d599",
    "data": [
      {
        "text": "can you help me with my wireless",
        "userDefined": false
      }
    ],
    "isTemplate": false,
    "count": 0,
    "updated": 0
  },
  {
    "id": "7c22017f-73d8-4881-b5ed-650d99973dab",
    "data": [
      {
        "text": "can you help me with my wifi",
        "userDefined": false
      }
    ],
    "isTemplate": false,
    "count": 0,
    "updated": 0
  },
  {
    "id": "1bdc8666-5e20-4417-a1fd-ecaf0fd16a15",
    "data": [
      {
        "text": "help me with my wifi",
        "userDefined": false
      }
    ],
    "isTemplate": false,
    "count": 0,
    "updated": 0
  },
  {
    "id": "e0945974-2669-493e-8b0c-7b8ee01b28ba",
    "data": [
      {
        "text": "help me with my wireless",
        "userDefined": false
      }
    ],
    "isTemplate": false,
    "count": 0,
    "updated": 0
  },
  {
    "id": "45e01014-4612-4448-84c2-40f5e450e25e",
    "data": [
      {
        "text": "i need assistance with my wireless",
        "userDefined": false
      }
    ],
    "isTemplate": false,
    "count": 0,
    "updated": 0
  },
  {
    "id": "b61cdc73-6ce3-473d-8e0d-aa6b8214f3a7",
    "data": [
      {
        "text": "i need help with my wireless",
        "userDefined": false
      }
    ],
    "isTemplate": false,
    "count": 0,
    "updated": 0
  },
  {
    "id": "25e364e6-e24f-4cd3-8e41-24c6de9a099f",
    "data": [
      {
        "text": "i need assistance with my wifi",
        "userDefined": false
      }
    ],
    "isTemplate": false,
    "count": 0,
    "updated": 0
  },
  {
    "id": "ae4c1ec6-ce2d-49a8-a175-4e40e806dc35",
    "data": [
      {
        "text": "i need help with my wifi",
        "userDefined": false
      }
    ],
    "isTemplate": false,
    "count": 0,
    "updated": 0
  },
  {
    "id": "80912d12-1cf7-4d83-ae46-d343bbf3910b",
    "data": [
      {
        "text": "wireless issues",
        "userDefined": false
      }
    ],
    "isTemplate": false,
    "count": 0,
    "updated": 0
  },
  {
    "id": "1b6d022a-7a18-4463-a27a-ce66fd5f3038",
    "data": [
      {
        "text": "wireless internet connection",
        "userDefined": false
      }
    ],
    "isTemplate": false,
    "count": 0,
    "updated": 0
  },
  {
    "id": "fb770f5a-c3fa-4bc1-83e4-833206098730",
    "data": [
      {
        "text": "wi-fi access trouble",
        "userDefined": false
      }
    ],
    "isTemplate": false,
    "count": 0,
    "updated": 0
  },
  {
    "id": "90bb4fb9-8a7a-4213-885a-fc015c00cef7",
    "data": [
      {
        "text": "wireless lan problems",
        "userDefined": false
      }
    ],
    "isTemplate": false,
    "count": 0,
    "updated": 0
  },
  {
    "id": "c3806818-d1d4-4ac5-ad2e-b33c3426c406",
    "data": [
      {
        "text": "fix internet wi-fi",
        "userDefined": false
      }
    ],
    "isTemplate": false,
    "count": 0,
    "updated": 0
  },
  {
    "id": "5b19531c-d782-4999-b983-3fb1e6829408",
    "data": [
      {
        "text": "help wireless internet access",
        "userDefined": false
      }
    ],
    "isTemplate": false,
    "count": 0,
    "updated": 0
  },
  {
    "id": "1c7cc5a2-8557-4340-b712-b9bd97019690",
    "data": [
      {
        "text": "bad wireless access",
        "userDefined": false
      }
    ],
    "isTemplate": false,
    "count": 0,
    "updated": 0
  },
  {
    "id": "0135c404-7f6e-41f4-a2e7-b24b38eb0612",
    "data": [
      {
        "text": "internet wireless help",
        "userDefined": false
      }
    ],
    "isTemplate": false,
    "count": 0,
    "updated": 0
  },
  {
    "id": "37425613-cc7f-46a8-80c0-9de7c03fe0fd",
    "data": [
      {
        "text": "wi-fi internet assistance",
        "userDefined": false
      }
    ],
    "isTemplate": false,
    "count": 0,
    "updated": 0
  },
  {
    "id": "5870e4db-4f78-4067-a8ec-a27e375388e0",
    "data": [
      {
        "text": "bad wireless link",
        "userDefined": false
      }
    ],
    "isTemplate": false,
    "count": 0,
    "updated": 0
  },
  {
    "id": "34641493-6147-430e-8d2f-2951fbc80994",
    "data": [
      {
        "text": "air link issues",
        "userDefined": false
      }
    ],
    "isTemplate": false,
    "count": 0,
    "updated": 0
  },
  {
    "id": "af4ae8f1-d97f-4a93-926e-57f923df5164",
    "data": [
      {
        "text": "wireless",
        "userDefined": false
      }
    ],
    "isTemplate": false,
    "count": 0,
    "updated": 0
  },
  {
    "id": "2c194ffa-dc88-41b3-b52c-4f2c6508fdd2",
    "data": [
      {
        "text": "wireless connection problem",
        "userDefined": false
      }
    ],
    "isTemplate": false,
    "count": 0,
    "updated": 0
  },
  {
    "id": "09995dde-8fd7-4391-9203-8ae21fb4833d",
    "data": [
      {
        "text": "wifi troubles",
        "userDefined": false
      }
    ],
    "isTemplate": false,
    "count": 0,
    "updated": 0
  },
  {
    "id": "56bc767c-bc75-4cdf-853b-040845c6ee78",
    "data": [
      {
        "text": "wifi",
        "userDefined": false
      }
    ],
    "isTemplate": false,
    "count": 0,
    "updated": 0
  },
  {
    "id": "b556d2d0-86bd-4bf0-bb43-83cc0408ef19",
    "data": [
      {
        "text": "Wi-Fi diagnostics",
        "userDefined": false
      }
    ],
    "isTemplate": false,
    "count": 0,
    "updated": 0
  },
  {
    "id": "cb80944e-6849-4d2a-b55e-008cdee52bfb",
    "data": [
      {
        "text": "diagnose Wi-Fi",
        "userDefined": false
      }
    ],
    "isTemplate": false,
    "count": 0,
    "updated": 0
  },
  {
    "id": "59bae36c-1ed5-4a6e-8778-5a2853468e93",
    "data": [
      {
        "text": "fix Wi-Fi",
        "userDefined": false
      }
    ],
    "isTemplate": false,
    "count": 0,
    "updated": 0
  },
  {
    "id": "efe3010d-e860-4f2b-a58b-7a272df43ffa",
    "data": [
      {
        "text": "Wi-Fi issues",
        "userDefined": false
      }
    ],
    "isTemplate": false,
    "count": 0,
    "updated": 0
  },
  {
    "id": "99d0a2e6-6eba-44fd-9e63-0c2c8b3a7e50",
    "data": [
      {
        "text": "wireless connection",
        "userDefined": false
      }
    ],
    "isTemplate": false,
    "count": 0,
    "updated": 0
  },
  {
    "id": "4602c19c-f773-4a84-b8c3-028f617ac31e",
    "data": [
      {
        "text": "Wi-Fi",
        "userDefined": false
      }
    ],
    "isTemplate": false,
    "count": 0,
    "updated": 0
  }
]