[
  {
    "id": "80912d12-1cf7-4d83-ae46-d343bbf3910b",
    "data": [
      {
        "text": "wireless issues",
        "userDefined": false
      }
    ],
    "isTemplate": false,
    "count": 0,
    "updated": 0
  },
  {
    "id": "1b6d022a-7a18-4463-a27a-ce66fd5f3038",
    "data": [
      {
        "text": "wireless internet connection",
        "userDefined": false
      }
    ],
    "isTemplate": false,
    "count": 0,
    "updated": 0
  },
  {
    "id": "fb770f5a-c3fa-4bc1-83e4-833206098730",
    "data": [
      {
        "text": "wi-fi access trouble",
        "userDefined": false
      }
    ],
    "isTemplate": false,
    "count": 0,
    "updated": 0
  },
  {
    "id": "90bb4fb9-8a7a-4213-885a-fc015c00cef7",
    "data": [
      {
        "text": "wireless lan problems",
        "userDefined": false
      }
    ],
    "isTemplate": false,
    "count": 0,
    "updated": 0
  },
  {
    "id": "c3806818-d1d4-4ac5-ad2e-b33c3426c406",
    "data": [
      {
        "text": "fix internet wi-fi",
        "userDefined": false
      }
    ],
    "isTemplate": false,
    "count": 0,
    "updated": 0
  },
  {
    "id": "5b19531c-d782-4999-b983-3fb1e6829408",
    "data": [
      {
        "text": "help wireless internet access",
        "userDefined": false
      }
    ],
    "isTemplate": false,
    "count": 0,
    "updated": 0
  },
  {
    "id": "1c7cc5a2-8557-4340-b712-b9bd97019690",
    "data": [
      {
        "text": "bad wireless access",
        "userDefined": false
      }
    ],
    "isTemplate": false,
    "count": 0,
    "updated": 0
  },
  {
    "id": "0135c404-7f6e-41f4-a2e7-b24b38eb0612",
    "data": [
      {
        "text": "internet wireless help",
        "userDefined": false
      }
    ],
    "isTemplate": false,
    "count": 0,
    "updated": 0
  },
  {
    "id": "37425613-cc7f-46a8-80c0-9de7c03fe0fd",
    "data": [
      {
        "text": "wi-fi internet assistance",
        "userDefined": false
      }
    ],
    "isTemplate": false,
    "count": 0,
    "updated": 0
  },
  {
    "id": "5870e4db-4f78-4067-a8ec-a27e375388e0",
    "data": [
      {
        "text": "bad wireless link",
        "userDefined": false
      }
    ],
    "isTemplate": false,
    "count": 0,
    "updated": 0
  },
  {
    "id": "34641493-6147-430e-8d2f-2951fbc80994",
    "data": [
      {
        "text": "air link issues",
        "userDefined": false
      }
    ],
    "isTemplate": false,
    "count": 0,
    "updated": 0
  },
  {
    "id": "af4ae8f1-d97f-4a93-926e-57f923df5164",
    "data": [
      {
        "text": "wireless",
        "userDefined": false
      }
    ],
    "isTemplate": false,
    "count": 0,
    "updated": 0
  },
  {
    "id": "2c194ffa-dc88-41b3-b52c-4f2c6508fdd2",
    "data": [
      {
        "text": "wireless connection problem",
        "userDefined": false
      }
    ],
    "isTemplate": false,
    "count": 0,
    "updated": 0
  },
  {
    "id": "09995dde-8fd7-4391-9203-8ae21fb4833d",
    "data": [
      {
        "text": "wifi troubles",
        "userDefined": false
      }
    ],
    "isTemplate": false,
    "count": 0,
    "updated": 0
  },
  {
    "id": "56bc767c-bc75-4cdf-853b-040845c6ee78",
    "data": [
      {
        "text": "wifi",
        "userDefined": false
      }
    ],
    "isTemplate": false,
    "count": 0,
    "updated": 0
  },
  {
    "id": "b556d2d0-86bd-4bf0-bb43-83cc0408ef19",
    "data": [
      {
        "text": "Wi-Fi diagnostics",
        "userDefined": false
      }
    ],
    "isTemplate": false,
    "count": 0,
    "updated": 0
  },
  {
    "id": "cb80944e-6849-4d2a-b55e-008cdee52bfb",
    "data": [
      {
        "text": "diagnose Wi-Fi",
        "userDefined": false
      }
    ],
    "isTemplate": false,
    "count": 0,
    "updated": 0
  },
  {
    "id": "59bae36c-1ed5-4a6e-8778-5a2853468e93",
    "data": [
      {
        "text": "fix Wi-Fi",
        "userDefined": false
      }
    ],
    "isTemplate": false,
    "count": 0,
    "updated": 0
  },
  {
    "id": "efe3010d-e860-4f2b-a58b-7a272df43ffa",
    "data": [
      {
        "text": "Wi-Fi issues",
        "userDefined": false
      }
    ],
    "isTemplate": false,
    "count": 0,
    "updated": 0
  },
  {
    "id": "99d0a2e6-6eba-44fd-9e63-0c2c8b3a7e50",
    "data": [
      {
        "text": "wireless connection",
        "userDefined": false
      }
    ],
    "isTemplate": false,
    "count": 0,
    "updated": 0
  },
  {
    "id": "4602c19c-f773-4a84-b8c3-028f617ac31e",
    "data": [
      {
        "text": "Wi-Fi",
        "userDefined": false
      }
    ],
    "isTemplate": false,
    "count": 0,
    "updated": 0
  }
]