[
  {
    "id": "d73d4c51-86fe-4772-b596-564c9eb3f6f4",
    "data": [
      {
        "text": "wifi help",
        "userDefined": false
      }
    ],
    "isTemplate": false,
    "count": 0,
    "updated": 0
  },
  {
    "id": "54d87443-8895-464e-9b2a-c5759d0b66f2",
    "data": [
      {
        "text": "wireless help",
        "userDefined": false
      }
    ],
    "isTemplate": false,
    "count": 0,
    "updated": 0
  },
  {
    "id": "ede9085a-2aed-42e3-951e-4d86d4930279",
    "data": [
      {
        "text": "will you help me with my wifi",
        "userDefined": false
      }
    ],
    "isTemplate": false,
    "count": 0,
    "updated": 0
  },
  {
    "id": "297550f9-b49e-493f-b5f4-26a599ef2e6b",
    "data": [
      {
        "text": "will you help me with my wireless",
        "userDefined": false
      }
    ],
    "isTemplate": false,
    "count": 0,
    "updated": 0
  },
  {
    "id": "7b8632c1-72bd-447d-ac3a-0b55f846becb",
    "data": [
      {
        "text": "can you help me with my wireless",
        "userDefined": false
      }
    ],
    "isTemplate": false,
    "count": 0,
    "updated": 0
  },
  {
    "id": "16de84ca-fa96-48c9-8a89-8d6838dd672a",
    "data": [
      {
        "text": "can you help me with my wifi",
        "userDefined": false
      }
    ],
    "isTemplate": false,
    "count": 0,
    "updated": 0
  },
  {
    "id": "0f392924-5390-4d09-85b7-89fa2c7c1259",
    "data": [
      {
        "text": "help me with my wifi",
        "userDefined": false
      }
    ],
    "isTemplate": false,
    "count": 0,
    "updated": 0
  },
  {
    "id": "08eeb8f4-5831-4038-8ac2-2cc2a6ca12f0",
    "data": [
      {
        "text": "help me with my wireless",
        "userDefined": false
      }
    ],
    "isTemplate": false,
    "count": 0,
    "updated": 0
  },
  {
    "id": "ed8b27c6-6cf9-4830-91b2-868ad5ce81c8",
    "data": [
      {
        "text": "i need assistance with my wireless",
        "userDefined": false
      }
    ],
    "isTemplate": false,
    "count": 0,
    "updated": 0
  },
  {
    "id": "e7a7ebe8-98fd-45ef-b36a-53213d7eb065",
    "data": [
      {
        "text": "i need help with my wireless",
        "userDefined": false
      }
    ],
    "isTemplate": false,
    "count": 0,
    "updated": 0
  },
  {
    "id": "3c2180d5-3f85-4a80-848a-24fd8c45678a",
    "data": [
      {
        "text": "i need assistance with my wifi",
        "userDefined": false
      }
    ],
    "isTemplate": false,
    "count": 0,
    "updated": 0
  },
  {
    "id": "2563f1aa-134b-4753-884e-4e80b0351eef",
    "data": [
      {
        "text": "i need help with my wifi",
        "userDefined": false
      }
    ],
    "isTemplate": false,
    "count": 0,
    "updated": 0
  },
  {
    "id": "80912d12-1cf7-4d83-ae46-d343bbf3910b",
    "data": [
      {
        "text": "wireless issues",
        "userDefined": false
      }
    ],
    "isTemplate": false,
    "count": 0,
    "updated": 0
  },
  {
    "id": "1b6d022a-7a18-4463-a27a-ce66fd5f3038",
    "data": [
      {
        "text": "wireless internet connection",
        "userDefined": false
      }
    ],
    "isTemplate": false,
    "count": 0,
    "updated": 0
  },
  {
    "id": "fb770f5a-c3fa-4bc1-83e4-833206098730",
    "data": [
      {
        "text": "wi-fi access trouble",
        "userDefined": false
      }
    ],
    "isTemplate": false,
    "count": 0,
    "updated": 0
  },
  {
    "id": "90bb4fb9-8a7a-4213-885a-fc015c00cef7",
    "data": [
      {
        "text": "wireless lan problems",
        "userDefined": false
      }
    ],
    "isTemplate": false,
    "count": 0,
    "updated": 0
  },
  {
    "id": "c3806818-d1d4-4ac5-ad2e-b33c3426c406",
    "data": [
      {
        "text": "fix internet wi-fi",
        "userDefined": false
      }
    ],
    "isTemplate": false,
    "count": 0,
    "updated": 0
  },
  {
    "id": "5b19531c-d782-4999-b983-3fb1e6829408",
    "data": [
      {
        "text": "help wireless internet access",
        "userDefined": false
      }
    ],
    "isTemplate": false,
    "count": 0,
    "updated": 0
  },
  {
    "id": "1c7cc5a2-8557-4340-b712-b9bd97019690",
    "data": [
      {
        "text": "bad wireless access",
        "userDefined": false
      }
    ],
    "isTemplate": false,
    "count": 0,
    "updated": 0
  },
  {
    "id": "0135c404-7f6e-41f4-a2e7-b24b38eb0612",
    "data": [
      {
        "text": "internet wireless help",
        "userDefined": false
      }
    ],
    "isTemplate": false,
    "count": 0,
    "updated": 0
  },
  {
    "id": "37425613-cc7f-46a8-80c0-9de7c03fe0fd",
    "data": [
      {
        "text": "wi-fi internet assistance",
        "userDefined": false
      }
    ],
    "isTemplate": false,
    "count": 0,
    "updated": 0
  },
  {
    "id": "5870e4db-4f78-4067-a8ec-a27e375388e0",
    "data": [
      {
        "text": "bad wireless link",
        "userDefined": false
      }
    ],
    "isTemplate": false,
    "count": 0,
    "updated": 0
  },
  {
    "id": "34641493-6147-430e-8d2f-2951fbc80994",
    "data": [
      {
        "text": "air link issues",
        "userDefined": false
      }
    ],
    "isTemplate": false,
    "count": 0,
    "updated": 0
  },
  {
    "id": "af4ae8f1-d97f-4a93-926e-57f923df5164",
    "data": [
      {
        "text": "wireless",
        "userDefined": false
      }
    ],
    "isTemplate": false,
    "count": 0,
    "updated": 0
  },
  {
    "id": "2c194ffa-dc88-41b3-b52c-4f2c6508fdd2",
    "data": [
      {
        "text": "wireless connection problem",
        "userDefined": false
      }
    ],
    "isTemplate": false,
    "count": 0,
    "updated": 0
  },
  {
    "id": "09995dde-8fd7-4391-9203-8ae21fb4833d",
    "data": [
      {
        "text": "wifi troubles",
        "userDefined": false
      }
    ],
    "isTemplate": false,
    "count": 0,
    "updated": 0
  },
  {
    "id": "56bc767c-bc75-4cdf-853b-040845c6ee78",
    "data": [
      {
        "text": "wifi",
        "userDefined": false
      }
    ],
    "isTemplate": false,
    "count": 0,
    "updated": 0
  },
  {
    "id": "b556d2d0-86bd-4bf0-bb43-83cc0408ef19",
    "data": [
      {
        "text": "Wi-Fi diagnostics",
        "userDefined": false
      }
    ],
    "isTemplate": false,
    "count": 0,
    "updated": 0
  },
  {
    "id": "cb80944e-6849-4d2a-b55e-008cdee52bfb",
    "data": [
      {
        "text": "diagnose Wi-Fi",
        "userDefined": false
      }
    ],
    "isTemplate": false,
    "count": 0,
    "updated": 0
  },
  {
    "id": "59bae36c-1ed5-4a6e-8778-5a2853468e93",
    "data": [
      {
        "text": "fix Wi-Fi",
        "userDefined": false
      }
    ],
    "isTemplate": false,
    "count": 0,
    "updated": 0
  },
  {
    "id": "efe3010d-e860-4f2b-a58b-7a272df43ffa",
    "data": [
      {
        "text": "Wi-Fi issues",
        "userDefined": false
      }
    ],
    "isTemplate": false,
    "count": 0,
    "updated": 0
  },
  {
    "id": "99d0a2e6-6eba-44fd-9e63-0c2c8b3a7e50",
    "data": [
      {
        "text": "wireless connection",
        "userDefined": false
      }
    ],
    "isTemplate": false,
    "count": 0,
    "updated": 0
  },
  {
    "id": "4602c19c-f773-4a84-b8c3-028f617ac31e",
    "data": [
      {
        "text": "Wi-Fi",
        "userDefined": false
      }
    ],
    "isTemplate": false,
    "count": 0,
    "updated": 0
  }
]