[
  {
    "id": "94b5ca8c-8a75-4494-910b-62b8566e26a5",
    "data": [
      {
        "text": "store to the database",
        "userDefined": false
      }
    ],
    "isTemplate": false,
    "count": 0,
    "updated": 0
  },
  {
    "id": "1085ed0f-4e77-40fa-b4d9-d4c8c0ae13dd",
    "data": [
      {
        "text": "store data to the database",
        "userDefined": false
      }
    ],
    "isTemplate": false,
    "count": 0,
    "updated": 0
  },
  {
    "id": "1c2f5ddb-c214-47a3-8955-98693fc31b53",
    "data": [
      {
        "text": "save data",
        "userDefined": false
      }
    ],
    "isTemplate": false,
    "count": 0,
    "updated": 0
  },
  {
    "id": "b5c4c322-a637-4767-9e4f-de3e716f716d",
    "data": [
      {
        "text": "writing to db",
        "userDefined": false
      }
    ],
    "isTemplate": false,
    "count": 0,
    "updated": 0
  },
  {
    "id": "932f5891-cdce-4c11-8b04-15aecc805d62",
    "data": [
      {
        "text": "save to db",
        "userDefined": false
      }
    ],
    "isTemplate": false,
    "count": 0,
    "updated": 0
  },
  {
    "id": "0ffe05f0-e2b7-43cc-b32d-a0a5f89ddd91",
    "data": [
      {
        "text": "save to database",
        "userDefined": false
      }
    ],
    "isTemplate": false,
    "count": 0,
    "updated": 0
  }
]