[
  {
    "id": "3f76c8e4-877b-4289-a393-537dc001b028",
    "data": [
      {
        "text": "The issue is my wireless access",
        "userDefined": false
      }
    ],
    "isTemplate": false,
    "count": 0,
    "updated": 0
  },
  {
    "id": "af0a7902-e21d-43ab-8abe-112e1dde9de4",
    "data": [
      {
        "text": "The trouble is my online access",
        "userDefined": false
      }
    ],
    "isTemplate": false,
    "count": 0,
    "updated": 0
  },
  {
    "id": "ec228ee8-f079-4a20-9256-47133d96d440",
    "data": [
      {
        "text": "I am having problems with my wireless network",
        "userDefined": false
      }
    ],
    "isTemplate": false,
    "count": 0,
    "updated": 0
  },
  {
    "id": "5513d212-f4ed-4471-b1b6-6b2cfdc1a5e4",
    "data": [
      {
        "text": "Wi-Fi connection",
        "userDefined": false
      }
    ],
    "isTemplate": false,
    "count": 0,
    "updated": 0
  },
  {
    "id": "c0f14dec-d71d-4b54-8abd-5ca1ef6f103d",
    "data": [
      {
        "text": "resolve my Wi-Fi",
        "userDefined": false
      }
    ],
    "isTemplate": false,
    "count": 0,
    "updated": 0
  },
  {
    "id": "f41b4c0d-e0dd-43b3-a54c-b9ed9e9db17c",
    "data": [
      {
        "text": "diagnose my wifi",
        "userDefined": false
      }
    ],
    "isTemplate": false,
    "count": 0,
    "updated": 0
  },
  {
    "id": "0166b0aa-3f65-456e-a2dc-3c8bcb0bf644",
    "data": [
      {
        "text": "online connection isn\u0027t working",
        "userDefined": false
      }
    ],
    "isTemplate": false,
    "count": 0,
    "updated": 0
  },
  {
    "id": "e358cbcd-cc62-44a3-9052-4114f605d00a",
    "data": [
      {
        "text": "bad network",
        "userDefined": false
      }
    ],
    "isTemplate": false,
    "count": 0,
    "updated": 0
  },
  {
    "id": "322df26d-218f-4795-b460-b6982e845485",
    "data": [
      {
        "text": "help me fix my wifi access",
        "userDefined": false
      }
    ],
    "isTemplate": false,
    "count": 0,
    "updated": 0
  },
  {
    "id": "f88b31f2-0fc2-45b6-9f7b-235d8efa8875",
    "data": [
      {
        "text": "I need assistance with my wifi",
        "userDefined": false
      }
    ],
    "isTemplate": false,
    "count": 0,
    "updated": 0
  },
  {
    "id": "33f29384-dd06-40cc-bf2f-49a7401f6e6f",
    "data": [
      {
        "text": "wifi connection",
        "userDefined": false
      }
    ],
    "isTemplate": false,
    "count": 0,
    "updated": 0
  },
  {
    "id": "4a3f8225-3f4c-4516-a7e9-68ec1bd7dd7e",
    "data": [
      {
        "text": "wireless connection",
        "userDefined": false
      }
    ],
    "isTemplate": false,
    "count": 0,
    "updated": 0
  }
]